timestamp,gps_time,lat,ns,lon,ew,tempC,pressure_hPa,light_lux,mq_raw
2026-05-06 14:07:26,120549.0,,,,,18.0,1011.32,6646.67,57
2026-05-06 14:07:31,120554.0,,,,,18.0,1011.21,7115.83,62
2026-05-06 14:07:36,120559.0,,,,,17.9,1011.24,6755.83,64
2026-05-06 14:07:41,120604.0,,,,,17.8,1011.25,6345.83,64
2026-05-06 14:07:58,120619.0,,,,,17.9,1011.22,8858.33,58
2026-05-06 14:08:03,120624.0,,,,,17.9,1011.29,8751.67,58
2026-05-06 14:08:08,120629.0,,,,,17.9,1011.3,8241.67,56
2026-05-06 14:08:14,120635.0,,,,,18.0,1011.36,785.0,55
2026-05-06 14:08:19,120639.99,,,,,18.0,1011.22,8255.0,56
2026-05-06 14:08:24,120645.0,,,,,18.0,1011.45,60.0,55
2026-05-06 14:08:29,120650.0,,,,,18.0,1011.46,63.33,57
2026-05-06 14:08:34,120655.01,,,,,18.1,1011.46,30.83,52
2026-05-06 14:08:39,120700.0,,,,,18.1,1011.53,25.0,53
2026-05-06 14:08:44,120705.0,,,,,18.2,1011.4,22.5,53
2026-05-06 14:08:49,120709.99,,,,,18.3,1011.44,36.67,53
2026-05-06 14:08:54,120715.0,,,,,18.3,1011.39,33.33,51
2026-05-06 14:08:59,120719.99,,,,,18.4,1011.26,81.67,52
2026-05-06 14:09:04,120725.0,,,,,18.4,1011.45,76.67,52
2026-05-06 14:09:09,120730.0,,,,,18.5,1011.3,73.33,52
2026-05-06 14:09:14,120735.0,,,,,18.5,1011.37,72.5,51
2026-05-06 14:09:19,120740.0,,,,,18.5,1011.34,66.67,51
2026-05-06 14:09:24,120745.0,,,,,18.5,1011.39,39.17,51
2026-05-06 14:09:29,120750.0,,,,,18.6,1011.43,26.67,53
2026-05-06 14:09:34,120755.0,,,,,18.6,1011.48,30.83,51
2026-05-06 14:09:39,120800.0,,,,,18.7,1011.43,26.67,50
2026-05-06 14:09:44,120805.0,,,,,18.7,1011.45,32.5,51
2026-05-06 14:09:49,120810.0,,,,,18.8,1011.46,77.5,52
2026-05-06 14:09:54,120815.0,,,,,18.8,1011.52,56.67,52
2026-05-06 14:09:59,120820.0,,,,,18.8,1011.37,44.17,53
2026-05-06 14:10:04,120825.0,,,,,18.9,1011.42,30.83,54
2026-05-06 14:10:09,120830.0,,,,,18.9,1011.48,34.17,54
2026-05-06 14:10:14,120835.0,,,,,18.9,1011.47,30.83,52
2026-05-06 14:10:19,120840.0,,,,,18.9,1011.42,40.83,53
2026-05-06 14:10:24,120845.0,,,,,19.0,1011.49,33.33,52
2026-05-06 14:10:29,120850.0,,,,,19.0,1011.5,41.67,52
2026-05-06 14:10:34,120855.0,,,,,19.1,1011.5,40.83,53
2026-05-06 14:10:39,120900.0,,,,,19.1,1011.47,37.5,53
2026-05-06 14:10:44,120905.0,,,,,19.1,1011.42,61.67,52
2026-05-06 14:10:49,120910.0,,,,,19.2,1011.48,83.33,53
2026-05-06 14:10:54,120915.0,,,,,19.1,1011.46,82.5,52
2026-05-06 14:10:59,120920.0,,,,,19.1,1011.52,32.5,52
2026-05-06 14:11:04,120925.0,,,,,19.2,1011.36,43.33,52
2026-05-06 14:11:09,120930.0,,,,,19.3,1011.47,30.83,52
2026-05-06 14:11:14,120935.0,,,,,19.3,1011.47,53.33,52
2026-05-06 14:11:19,120940.0,,,,,19.4,1011.44,72.5,52
2026-05-06 14:11:24,120945.0,,,,,19.5,1011.45,47.5,52
2026-05-06 14:11:29,120950.0,,,,,19.5,1011.38,32.5,51
2026-05-06 14:11:34,120955.0,,,,,19.5,1011.49,41.67,51
2026-05-06 14:11:39,121000.0,,,,,19.7,1011.52,59.17,51
2026-05-06 14:11:44,121005.0,,,,,19.7,1011.51,84.17,52
2026-05-06 14:11:49,121010.0,,,,,19.7,1011.57,64.17,52
2026-05-06 14:11:54,121015.0,,,,,19.8,1011.6,58.33,52
2026-05-06 14:11:59,121020.0,,,,,19.9,1011.57,45.0,50
2026-05-06 14:12:04,121025.0,,,,,19.9,1011.5,43.33,51
2026-05-06 14:12:09,121030.0,,,,,20.0,1011.52,15.83,52
2026-05-06 14:12:14,121035.0,,,,,20.1,1011.5,35.0,51
2026-05-06 14:12:19,121040.0,,,,,20.0,1011.51,40.83,51
2026-05-06 14:12:24,121045.0,,,,,20.1,1011.48,43.33,52
2026-05-06 14:12:30,121050.0,,,,,20.1,1011.46,47.5,52
2026-05-06 14:12:35,121055.0,,,,,20.1,1011.52,41.67,52
2026-05-06 14:12:40,121100.0,,,,,20.1,1011.51,50.83,52
2026-05-06 14:12:45,121105.0,,,,,20.2,1011.44,25.0,52
2026-05-06 14:12:50,121110.0,,,,,20.2,1011.47,40.0,52
2026-05-06 14:12:55,121115.0,,,,,20.1,1011.41,50.83,52
2026-05-06 14:13:00,121120.0,,,,,20.2,1011.45,40.83,57
2026-05-06 14:13:05,121125.0,,,,,20.3,1011.45,30.0,52
2026-05-06 14:13:10,121130.0,,,,,20.3,1011.44,41.67,52
2026-05-06 14:13:15,121135.0,,,,,20.4,1011.48,42.5,52
2026-05-06 14:13:20,121140.0,,,,,20.4,1011.4,70.83,51
2026-05-06 14:13:25,121145.0,,,,,20.4,1011.44,74.17,51
2026-05-06 14:13:30,121150.0,,,,,20.5,1011.51,40.83,53
2026-05-06 14:13:35,121155.0,5221.25279,N,453.94389,E,-35.2,107.95,-1.0,52
2026-05-06 14:13:40,121200.0,5221.24906,N,453.94041,E,-31.6,118.18,-1.0,53
2026-05-06 14:13:45,121205.0,5221.25068,N,453.93836,E,20.6,1011.38,95.0,55
2026-05-06 14:13:50,121210.0,5221.25009,N,453.93431,E,20.8,1011.34,78.33,54
2026-05-06 14:13:55,121215.0,5221.25201,N,453.93221,E,20.8,1011.42,65.83,55
2026-05-06 14:14:00,121220.0,5221.25179,N,453.92754,E,20.9,1011.39,32.5,53
2026-05-06 14:14:05,121225.0,5221.2504,N,453.9223,E,21.0,1011.35,50.0,53
2026-05-06 14:14:10,121230.0,5221.24761,N,453.91502,E,20.9,1011.45,49.17,53
2026-05-06 14:14:15,121235.0,,,,,21.0,1011.44,26.67,47
2026-05-06 14:14:20,121240.0,5221.24475,N,453.9051,E,21.0,1011.41,16.67,54
2026-05-06 14:14:25,121245.0,5221.24649,N,453.90223,E,21.1,1011.41,21.67,52
2026-05-06 14:14:30,121250.0,,,,,21.2,1011.52,10.83,52
2026-05-06 14:14:35,121255.0,5221.24644,N,453.89435,E,21.2,1011.44,25.0,52
2026-05-06 14:14:40,121300.0,5221.24315,N,453.88629,E,21.3,1011.46,11.67,53
2026-05-06 14:14:45,121305.0,5221.24222,N,453.88127,E,21.3,1011.46,16.67,52
2026-05-06 14:14:50,121310.0,5221.23886,N,453.877,E,21.3,1011.5,30.0,51
2026-05-06 14:14:55,121315.0,,,,,21.1,1011.47,34.17,52
2026-05-06 14:15:00,121320.0,5221.22725,N,453.87029,E,21.1,1011.52,64.17,55
2026-05-06 14:15:05,121325.0,5221.22514,N,453.86968,E,21.1,1011.49,51.67,55
2026-05-06 14:15:10,121330.0,5221.22287,N,453.86581,E,21.2,1011.48,28.33,56
2026-05-06 14:15:15,121335.0,5221.22086,N,453.86174,E,21.2,1011.45,29.17,56
2026-05-06 14:15:20,121340.0,5221.2176,N,453.85632,E,21.3,1011.43,26.67,56
2026-05-06 14:15:25,121345.0,5221.21635,N,453.85071,E,21.3,1011.47,44.17,57
2026-05-06 14:15:30,121350.0,,,,,21.3,1011.51,65.83,56
2026-05-06 14:15:35,121355.0,5221.21242,N,453.83454,E,21.3,1011.48,55.0,56
2026-05-06 14:15:40,121400.0,5221.21146,N,453.82852,E,21.3,1011.51,45.0,62
2026-05-06 14:15:45,121406.0,5221.21213,N,453.82372,E,21.3,1011.47,60.0,56
2026-05-06 14:15:50,121411.0,5221.21456,N,453.81825,E,21.3,1011.51,44.17,55
2026-05-06 14:15:55,121416.0,,,,,21.4,1011.5,82.5,56
2026-05-06 14:16:00,121421.0,5221.21113,N,453.80206,E,21.4,1011.49,62.5,56
2026-05-06 14:16:05,121426.0,5221.20941,N,453.79391,E,21.4,1011.53,75.0,57
2026-05-06 14:16:10,121431.0,5221.20808,N,453.79026,E,21.4,1011.5,55.0,56
2026-05-06 14:16:15,121436.0,5221.20684,N,453.78533,E,21.4,1011.44,55.0,55
2026-05-06 14:16:20,121441.0,5221.20411,N,453.77592,E,21.4,1011.58,61.67,56
2026-05-06 14:16:25,121446.0,5221.20173,N,453.77215,E,21.4,1011.55,32.5,56
2026-05-06 14:16:30,121451.0,5221.20087,N,453.7668,E,21.4,1011.46,60.83,56
2026-05-06 14:16:35,121456.0,5221.19879,N,453.75921,E,21.4,1011.52,72.5,57
2026-05-06 14:16:40,121501.0,5221.1992,N,453.75644,E,21.3,1011.49,51.67,56
2026-05-06 14:16:45,121506.0,5221.19984,N,453.75382,E,21.3,1011.41,69.17,57
2026-05-06 14:16:50,121511.0,5221.20145,N,453.75047,E,21.2,1011.46,59.17,57
2026-05-06 14:16:55,121516.0,5221.19945,N,453.74494,E,21.2,1011.51,60.83,57
2026-05-06 14:17:00,121521.0,5221.20185,N,453.7417,E,21.2,1011.5,54.17,57
2026-05-06 14:17:05,121526.0,5221.20119,N,453.73575,E,21.2,1011.59,56.67,58
2026-05-06 14:17:10,121531.0,5221.20645,N,453.73366,E,21.2,1011.53,62.5,57
2026-05-06 14:17:15,121536.0,5221.20841,N,453.73146,E,21.1,1011.55,71.67,58
2026-05-06 14:17:20,121541.0,5221.20947,N,453.72686,E,21.2,1011.54,68.33,57
2026-05-06 14:17:25,121546.0,5221.21043,N,453.72302,E,21.3,1011.49,68.33,57
2026-05-06 14:17:30,121551.0,5221.21032,N,453.71898,E,21.3,1011.5,70.0,56
2026-05-06 14:17:35,121556.0,5221.21094,N,453.71638,E,21.3,1011.5,75.0,58
2026-05-06 14:17:40,121601.0,5221.21006,N,453.71101,E,21.3,1011.52,63.33,57
2026-05-06 14:17:45,121606.0,5221.21215,N,453.70741,E,21.3,1011.51,41.67,58
2026-05-06 14:17:50,121611.0,5221.21171,N,453.70278,E,21.2,1011.46,35.83,57
2026-05-06 14:17:55,121616.0,5221.20834,N,453.69677,E,21.2,1011.51,30.83,57
2026-05-06 14:18:00,121621.0,5221.20453,N,453.69066,E,21.2,1011.48,51.67,56
2026-05-06 14:18:05,121626.0,5221.20517,N,453.68634,E,21.3,1011.41,55.83,57
2026-05-06 14:18:10,121631.0,5221.20562,N,453.68284,E,21.3,1011.48,100.0,56
2026-05-06 14:18:15,121636.0,5221.20909,N,453.68169,E,21.3,1011.46,100.83,56
2026-05-06 14:18:20,121641.0,5221.20916,N,453.67766,E,21.3,1011.44,85.83,56
2026-05-06 14:18:25,121646.0,5221.20673,N,453.66981,E,21.3,1011.43,49.17,57
2026-05-06 14:18:30,121651.0,5221.20744,N,453.66436,E,21.4,1011.44,35.0,58
2026-05-06 14:18:35,121656.0,5221.20266,N,453.65588,E,21.4,1011.41,21.67,59
2026-05-06 14:18:40,121701.0,5221.19986,N,453.64976,E,21.4,1011.48,22.5,58
2026-05-06 14:18:45,121706.0,5221.19767,N,453.64502,E,21.5,1011.44,46.67,57
2026-05-06 14:18:50,121711.0,5221.20033,N,453.63997,E,21.5,1011.45,44.17,57
2026-05-06 14:18:55,121716.0,5221.19779,N,453.6349,E,21.4,1011.49,44.17,57
2026-05-06 14:19:00,121721.0,5221.19782,N,453.63025,E,21.4,1011.47,42.5,58
2026-05-06 14:19:05,121726.0,5221.19812,N,453.62394,E,21.2,209.81,-1.0,58
2026-05-06 14:19:10,121731.0,5221.19633,N,453.61812,E,21.2,1011.41,15.83,59
2026-05-06 14:19:15,121736.0,5221.19481,N,453.61266,E,21.2,1011.43,16.67,57
2026-05-06 14:19:20,121741.0,5221.1915,N,453.6055,E,21.3,1011.43,25.83,57
2026-05-06 14:19:25,121746.0,5221.19057,N,453.60105,E,21.3,1011.36,19.17,57
2026-05-06 14:19:30,121751.0,5221.1899,N,453.59643,E,21.3,1011.45,41.67,57
2026-05-06 14:19:35,121756.0,5221.19495,N,453.59317,E,21.3,1011.37,35.0,58
2026-05-06 14:19:40,121801.0,5221.1952,N,453.58942,E,21.2,1011.44,35.83,57
2026-05-06 14:19:45,121806.0,5221.19644,N,453.58558,E,21.3,1011.42,41.67,58
2026-05-06 14:19:50,121811.0,5221.19808,N,453.58174,E,21.3,1011.39,42.5,57
2026-05-06 14:19:55,121816.0,5221.19821,N,453.57664,E,21.3,1011.49,40.0,59
2026-05-06 14:20:00,121821.0,5221.19583,N,453.57054,E,21.2,1011.47,23.33,59
2026-05-06 14:20:05,121826.0,5221.19636,N,453.56415,E,21.1,1011.52,29.17,58
2026-05-06 14:20:10,121831.0,5221.19184,N,453.55586,E,21.1,1011.45,35.83,59
2026-05-06 14:20:15,121836.0,5221.19129,N,453.54906,E,21.0,1011.41,41.67,57
2026-05-06 14:20:20,121841.0,5221.18957,N,453.54117,E,21.0,1011.43,55.83,57
2026-05-06 14:20:25,121846.0,5221.18799,N,453.53471,E,21.0,1011.45,55.0,58
2026-05-06 14:20:30,121851.0,5221.18683,N,453.52731,E,21.0,1011.43,40.83,58
2026-05-06 14:20:35,121856.0,5221.18288,N,453.52032,E,20.9,1011.46,73.33,58
2026-05-06 14:20:40,121901.0,5221.18615,N,453.51603,E,20.9,1011.46,57.5,57
2026-05-06 14:20:45,121906.0,5221.18752,N,453.50937,E,20.9,1011.45,69.17,57
2026-05-06 14:20:50,121911.0,5221.18996,N,453.50462,E,20.9,1011.37,45.0,57
2026-05-06 14:20:55,121916.0,5221.19162,N,453.49902,E,21.0,1011.35,63.33,58
2026-05-06 14:21:00,121921.0,5221.18902,N,453.4909,E,21.0,1011.38,64.17,57
2026-05-06 14:21:05,121926.0,5221.18732,N,453.48611,E,21.0,1011.29,46.67,58
2026-05-06 14:21:10,121931.0,5221.18709,N,453.48336,E,21.0,1011.38,48.33,59
2026-05-06 14:21:15,121936.0,5221.18555,N,453.47864,E,21.0,1011.42,35.83,59
2026-05-06 14:21:20,121941.0,5221.18606,N,453.47545,E,21.0,1011.42,51.67,58
2026-05-06 14:21:25,121946.0,5221.18289,N,453.46633,E,21.0,1011.4,51.67,59
2026-05-06 14:21:30,121951.0,5221.18283,N,453.4635,E,21.0,1011.44,40.0,58
2026-05-06 14:21:35,121956.0,5221.19076,N,453.45971,E,21.0,1011.36,53.33,58
2026-05-06 14:21:40,122001.0,5221.19703,N,453.45762,E,21.0,1011.42,46.67,59
2026-05-06 14:21:45,122006.0,5221.20428,N,453.45885,E,20.9,1011.41,68.33,58
2026-05-06 14:21:50,122011.0,5221.205,N,453.45817,E,20.9,1011.38,17.5,58
2026-05-06 14:21:55,122016.0,5221.20716,N,453.45545,E,21.0,1011.33,10.0,58
2026-05-06 14:22:00,122021.0,5221.20308,N,453.45007,E,21.0,1011.35,11.67,59
2026-05-06 14:22:05,122026.0,5221.20355,N,453.44845,E,21.1,1011.45,17.5,58
2026-05-06 14:22:10,122031.0,5221.20554,N,453.44686,E,21.0,1011.32,42.5,58
2026-05-06 14:22:15,122036.0,5221.21068,N,453.44469,E,21.0,1011.43,38.33,58
2026-05-06 14:22:20,122041.0,5221.21462,N,453.44199,E,20.9,1011.34,43.33,59
2026-05-06 14:22:25,122046.0,5221.21956,N,453.43993,E,20.8,1011.34,40.0,60
2026-05-06 14:22:30,122051.0,5221.22703,N,453.43846,E,20.7,1011.28,60.83,59
2026-05-06 14:22:35,122056.0,5221.23221,N,453.43992,E,20.6,1011.44,62.5,60
2026-05-06 14:22:40,122101.0,5221.23462,N,453.43908,E,20.6,1011.45,65.83,58
2026-05-06 14:22:45,122106.0,5221.24066,N,453.43855,E,20.7,1011.52,35.0,58
2026-05-06 14:22:50,122111.0,5221.24499,N,453.43782,E,20.6,1011.55,49.17,58
2026-05-06 14:22:55,122116.0,5221.24966,N,453.43422,E,20.5,1011.51,25.0,58
2026-05-06 14:23:00,122121.0,5221.25247,N,453.43016,E,20.4,1011.43,56.67,58
2026-05-06 14:23:05,122126.0,5221.25626,N,453.4289,E,20.4,1011.43,25.0,58
2026-05-06 14:23:10,122131.0,5221.25835,N,453.42808,E,20.5,1011.37,73.33,58
2026-05-06 14:23:15,122136.0,5221.26338,N,453.42968,E,20.5,1011.44,57.5,58
2026-05-06 14:23:20,122141.0,5221.26743,N,453.4286,E,20.5,1011.43,43.33,58
2026-05-06 14:23:25,122146.0,5221.27401,N,453.42764,E,20.6,1011.59,40.0,59
2026-05-06 14:23:30,122151.0,5221.27598,N,453.42525,E,20.7,1011.5,55.83,59
2026-05-06 14:23:35,122156.0,5221.27678,N,453.42218,E,20.7,1011.51,43.33,58
2026-05-06 14:23:40,122201.0,5221.28528,N,453.42194,E,20.7,1011.47,65.0,58
2026-05-06 14:23:45,122206.0,5221.29046,N,453.42167,E,20.7,1011.55,41.67,59
2026-05-06 14:23:50,122211.0,5221.29245,N,453.42202,E,20.5,1011.49,29.17,60
2026-05-06 14:23:55,122216.0,5221.29486,N,453.42303,E,20.4,1011.44,31.67,58
2026-05-06 14:24:00,122221.0,5221.29547,N,453.42727,E,20.5,1011.52,45.0,58
2026-05-06 14:24:05,122226.0,5221.29501,N,453.42932,E,20.6,1011.54,40.0,58
2026-05-06 14:24:10,122231.0,5221.303,N,453.43642,E,20.5,1011.56,33.33,59
2026-05-06 14:24:15,122236.0,5221.30749,N,453.44159,E,20.5,1011.48,31.67,58
2026-05-06 14:24:20,122241.0,5221.30952,N,453.44759,E,20.5,1011.49,33.33,58
2026-05-06 14:24:25,122246.0,5221.31136,N,453.45342,E,20.6,1011.51,30.0,59
2026-05-06 14:24:30,122251.0,5221.3124,N,453.45878,E,20.6,1011.61,29.17,58
2026-05-06 14:24:35,122256.0,5221.31361,N,453.46308,E,20.6,1011.56,38.33,58
2026-05-06 14:24:40,122301.0,5221.31474,N,453.46898,E,20.6,1011.58,35.0,58
2026-05-06 14:24:45,122306.0,5221.31559,N,453.47489,E,20.7,1011.44,35.0,58
2026-05-06 14:24:50,122311.0,5221.31638,N,453.48118,E,20.7,1011.56,37.5,59
2026-05-06 14:24:55,122316.0,5221.31791,N,453.48704,E,20.8,1011.51,40.83,58
2026-05-06 14:25:00,122321.0,5221.31875,N,453.49318,E,20.8,1011.49,36.67,58
2026-05-06 14:25:05,122326.0,5221.3203,N,453.49815,E,20.9,1011.47,35.83,58
2026-05-06 14:25:10,122331.0,5221.32196,N,453.504,E,20.9,1011.48,31.67,58
2026-05-06 14:25:15,122336.0,5221.32325,N,453.50948,E,20.9,1011.53,35.83,58
2026-05-06 14:25:21,122341.0,5221.32435,N,453.51546,E,20.9,1011.59,35.83,58
2026-05-06 14:25:26,122346.0,5221.32542,N,453.52121,E,21.0,1011.52,39.17,58
2026-05-06 14:25:31,122351.0,5221.32636,N,453.52785,E,20.9,1011.54,31.67,58
2026-05-06 14:25:36,122356.0,5221.32738,N,453.53322,E,21.0,1011.48,33.33,58
2026-05-06 14:25:41,122401.0,5221.32852,N,453.53848,E,21.0,1011.45,31.67,58
2026-05-06 14:25:46,122406.0,5221.32888,N,453.54584,E,21.0,1011.57,34.17,60
2026-05-06 14:25:51,122411.0,5221.33006,N,453.55103,E,21.1,1011.48,30.0,58
2026-05-06 14:25:56,122416.0,5221.33105,N,453.55546,E,21.1,1011.47,35.83,58
2026-05-06 14:26:01,122421.0,5221.33275,N,453.56021,E,21.1,1011.42,30.83,58
2026-05-06 14:26:06,122426.0,5221.33309,N,453.56627,E,21.1,1011.49,28.33,59
2026-05-06 14:26:11,122431.0,5221.33393,N,453.57124,E,21.0,1011.47,25.83,59
2026-05-06 14:26:16,122436.0,5221.33177,N,453.57798,E,20.8,1011.49,25.83,59
2026-05-06 14:26:21,122441.0,5221.32961,N,453.58315,E,20.6,1011.51,30.0,59
2026-05-06 14:26:26,122446.0,5221.32532,N,453.58862,E,20.6,1011.52,20.0,58
2026-05-06 14:26:31,122451.0,5221.32094,N,453.59112,E,20.8,1011.53,23.33,58
2026-05-06 14:26:36,122456.0,5221.31548,N,453.59298,E,20.9,1011.45,23.33,59
2026-05-06 14:26:41,122501.0,5221.31066,N,453.59502,E,20.9,1011.49,27.5,61
2026-05-06 14:26:46,122506.0,5221.30563,N,453.59604,E,21.0,1011.46,65.83,59
2026-05-06 14:26:51,122511.0,5221.30267,N,453.59843,E,20.9,1011.49,45.0,59
2026-05-06 14:26:56,122516.0,5221.29966,N,453.60083,E,20.9,1011.48,43.33,59
2026-05-06 14:27:01,122521.0,5221.29434,N,453.60047,E,20.9,1011.51,25.83,59
2026-05-06 14:27:06,122526.0,5221.29033,N,453.60257,E,21.0,1011.53,16.67,59
2026-05-06 14:27:11,122531.0,5221.28746,N,453.60459,E,21.0,1011.49,10.0,60
2026-05-06 14:27:16,122536.0,5221.28458,N,453.60666,E,20.9,1011.48,12.5,58
2026-05-06 14:27:21,122541.0,5221.28085,N,453.60828,E,20.9,1011.46,41.67,59
2026-05-06 14:27:26,122546.0,5221.2773,N,453.61142,E,21.0,1011.51,28.33,59
2026-05-06 14:27:31,122551.0,5221.27346,N,453.61412,E,21.1,1011.46,38.33,59
2026-05-06 14:27:36,122556.0,5221.27103,N,453.61695,E,21.1,1011.38,39.17,60
2026-05-06 14:27:41,122601.0,5221.27226,N,453.62137,E,21.0,1011.49,22.5,59
2026-05-06 14:27:46,122606.0,5221.27443,N,453.62458,E,21.0,1011.56,25.0,59
2026-05-06 14:27:51,122611.0,5221.2762,N,453.62691,E,21.1,1011.51,31.67,59
2026-05-06 14:27:56,122616.0,5221.27795,N,453.62972,E,21.1,1011.5,32.5,59
2026-05-06 14:28:01,122621.0,5221.27847,N,453.63345,E,20.9,1011.5,38.33,59
2026-05-06 14:28:06,122626.0,5221.27959,N,453.64195,E,20.8,1011.57,37.5,59
2026-05-06 14:28:11,122631.0,5221.28059,N,453.64964,E,20.6,1011.54,37.5,60
2026-05-06 14:28:16,122636.0,5221.28198,N,453.65606,E,20.7,1011.61,40.0,59
2026-05-06 14:28:21,122641.0,5221.28357,N,453.66208,E,20.5,1011.63,43.33,59
2026-05-06 14:28:26,122646.0,5221.28489,N,453.66548,E,20.7,1011.59,41.67,59
2026-05-06 14:28:31,122651.0,5221.28606,N,453.67274,E,20.8,1011.58,51.67,59
2026-05-06 14:28:36,122656.0,5221.28745,N,453.67847,E,20.7,1011.57,45.83,59
2026-05-06 14:28:41,122701.0,5221.28894,N,453.68297,E,20.6,1011.62,49.17,59
2026-05-06 14:28:46,122706.0,5221.29019,N,453.68926,E,20.7,1011.55,46.67,59
2026-05-06 14:28:51,122712.0,5221.29186,N,453.69638,E,20.4,1011.53,54.17,59
2026-05-06 14:28:56,122717.0,5221.2925,N,453.70373,E,20.5,1011.55,38.33,60
2026-05-06 14:29:01,122722.0,5221.29412,N,453.70815,E,20.6,1011.54,46.67,59
2026-05-06 14:29:06,122727.0,5221.29492,N,453.71394,E,20.6,1011.58,38.33,59
2026-05-06 14:29:11,122732.0,5221.29664,N,453.71756,E,20.6,1011.5,43.33,59
2026-05-06 14:29:16,122737.0,5221.29803,N,453.72326,E,20.4,1011.49,42.5,59
2026-05-06 14:29:21,122742.0,5221.29989,N,453.72787,E,20.3,1011.44,55.83,59
2026-05-06 14:29:26,122747.0,5221.29935,N,453.73838,E,20.3,1011.46,70.0,59
2026-05-06 14:29:31,122752.0,5221.29676,N,453.75096,E,20.3,1011.56,68.33,60
2026-05-06 14:29:36,122757.0,5221.29522,N,453.75461,E,20.4,1011.46,36.67,59
2026-05-06 14:29:41,122802.0,5221.29384,N,453.75741,E,20.4,1011.6,30.0,59
2026-05-06 14:29:46,122807.0,5221.29396,N,453.76004,E,20.3,1011.53,28.33,59
2026-05-06 14:29:51,122812.0,5221.29395,N,453.7602,E,20.4,1011.59,15.0,59
2026-05-06 14:29:56,122817.0,5221.294,N,453.76068,E,20.5,1011.58,15.83,60
2026-05-06 14:30:01,122822.0,5221.29449,N,453.75996,E,20.5,1011.62,15.83,59
2026-05-06 14:30:06,122827.0,5221.29471,N,453.7599,E,20.6,1011.62,15.83,59
2026-05-06 14:30:11,122832.0,5221.29462,N,453.76015,E,20.6,1011.67,15.0,59
2026-05-06 14:30:16,122837.0,5221.29467,N,453.7608,E,20.7,1011.65,15.0,59
2026-05-06 14:30:21,122842.0,5221.29474,N,453.76211,E,20.7,1011.59,15.83,60
2026-05-06 14:30:26,122847.0,5221.29432,N,453.76337,E,20.7,1011.66,21.67,53
2026-05-06 14:30:31,122852.0,5221.29467,N,453.76419,E,20.6,1011.68,19.17,55
2026-05-06 14:30:36,122857.0,5221.29551,N,453.76356,E,20.6,1011.62,44.17,55
2026-05-06 14:30:41,122902.0,5221.29682,N,453.76251,E,20.6,1011.63,26.67,55
2026-05-06 14:30:46,122907.0,5221.29768,N,453.7618,E,20.4,1011.6,23.33,56
2026-05-06 14:30:51,122912.0,5221.29605,N,453.75911,E,20.4,1011.6,26.67,55
2026-05-06 14:30:56,122917.0,5221.2957,N,453.75843,E,20.6,1011.61,45.0,55
2026-05-06 14:31:01,122922.0,5221.29562,N,453.75764,E,20.7,1011.58,45.83,55
2026-05-06 14:31:06,122927.0,5221.29545,N,453.75694,E,20.5,1011.65,49.17,55
2026-05-06 14:31:11,122932.0,5221.29487,N,453.76016,E,20.4,1011.58,24.17,54
2026-05-06 14:31:16,122937.0,5221.29474,N,453.76262,E,20.4,1011.65,40.0,55
2026-05-06 14:31:21,122942.0,5221.2945,N,453.76371,E,20.4,1011.59,25.0,56
2026-05-06 14:31:26,122947.0,5221.29316,N,453.76491,E,20.5,1011.63,24.17,56
2026-05-06 14:31:31,122952.0,5221.29081,N,453.76376,E,20.4,1011.72,19.17,55
2026-05-06 14:31:36,122957.0,5221.28791,N,453.7629,E,20.0,1011.71,23.33,56
2026-05-06 14:31:41,123002.0,5221.28406,N,453.76378,E,19.5,1011.7,69.17,55
2026-05-06 14:31:46,123007.0,5221.28024,N,453.76396,E,19.2,1011.78,78.33,55
2026-05-06 14:31:51,123012.0,5221.27634,N,453.76332,E,19.2,1011.69,79.17,55
2026-05-06 14:31:56,123017.0,5221.27243,N,453.76273,E,19.4,1011.59,86.67,55
2026-05-06 14:32:01,123022.0,5221.26913,N,453.7633,E,19.6,1011.66,64.17,54
2026-05-06 14:32:06,123027.0,5221.26568,N,453.76244,E,19.8,1011.69,40.83,54
2026-05-06 14:32:11,123032.0,5221.2624,N,453.7618,E,20.0,1011.7,26.67,55
2026-05-06 14:32:16,123037.0,5221.25856,N,453.7607,E,20.0,1011.73,22.5,57
2026-05-06 14:32:21,123042.0,5221.25607,N,453.75932,E,20.2,1011.72,20.83,56
2026-05-06 14:32:26,123047.0,5221.25287,N,453.75654,E,20.3,1011.7,56.67,55
2026-05-06 14:32:31,123052.0,5221.25011,N,453.75368,E,20.4,1011.79,52.5,55
2026-05-06 14:32:36,123057.0,5221.24685,N,453.75134,E,20.5,1011.78,48.33,55
2026-05-06 14:32:41,123102.0,5221.24463,N,453.74723,E,20.6,1011.73,90.83,55
2026-05-06 14:32:46,123107.0,5221.24206,N,453.74337,E,20.6,1011.74,85.0,55
2026-05-06 14:32:51,123112.0,5221.24064,N,453.73698,E,20.8,1011.75,62.5,55
2026-05-06 14:32:56,123117.0,5221.24026,N,453.73213,E,20.4,1011.42,11239.17,55
2026-05-06 14:33:01,123122.0,5221.2397,N,453.72652,E,20.6,1011.68,119.17,56
2026-05-06 14:33:06,123127.0,5221.24137,N,453.72125,E,20.7,1011.7,102.5,55
2026-05-06 14:33:11,123132.0,5221.24288,N,453.71685,E,20.7,1011.71,76.67,56
2026-05-06 14:33:16,123137.0,5221.24476,N,453.71258,E,20.8,1011.73,86.67,55
2026-05-06 14:33:21,123142.0,5221.2474,N,453.7097,E,20.8,1011.74,91.67,56
2026-05-06 14:33:26,123147.0,5221.24998,N,453.70767,E,20.8,1011.85,37.5,56
2026-05-06 14:33:31,123152.0,5221.25059,N,453.70386,E,20.8,1011.82,53.33,56
2026-05-06 14:33:36,123157.0,5221.25126,N,453.69918,E,20.8,1011.71,46.67,56
2026-05-06 14:33:41,123202.0,5221.25127,N,453.69469,E,20.8,1011.76,59.17,55
2026-05-06 14:33:46,123207.0,5221.25311,N,453.68958,E,20.8,1011.73,59.17,55
2026-05-06 14:33:51,123212.0,5221.25313,N,453.68371,E,20.8,1011.74,69.17,55
2026-05-06 14:33:56,123217.0,5221.25202,N,453.67993,E,20.8,1011.81,65.0,55
2026-05-06 14:34:01,123222.0,5221.24921,N,453.67663,E,20.7,1011.71,42.5,55
2026-05-06 14:34:06,123227.0,5221.24722,N,453.67376,E,20.7,1011.77,44.17,55
2026-05-06 14:34:11,123232.0,5221.24504,N,453.67031,E,20.9,1011.69,27.5,54
2026-05-06 14:34:16,123237.0,5221.2425,N,453.66692,E,20.9,1011.69,18.33,55
2026-05-06 14:34:21,123242.0,5221.23953,N,453.66288,E,21.0,1011.6,12.5,54
2026-05-06 14:34:26,123247.0,5221.23775,N,453.65786,E,21.0,1011.61,13.33,55
2026-05-06 14:34:31,123252.0,5221.23557,N,453.65425,E,21.0,1011.53,24.17,55
2026-05-06 14:34:36,123257.0,5221.23395,N,453.6493,E,21.1,1011.55,52.5,53
2026-05-06 14:34:41,123302.0,5221.23249,N,453.64601,E,21.0,1011.52,77.5,56
2026-05-06 14:34:46,123307.0,5221.23127,N,453.64308,E,21.0,1011.48,46.67,54
2026-05-06 14:34:51,123312.0,5221.22904,N,453.64027,E,21.0,1011.45,18.33,55
2026-05-06 14:34:56,123317.0,5221.2273,N,453.63481,E,21.0,1011.56,36.67,57
2026-05-06 14:35:01,123322.0,5221.22649,N,453.62913,E,21.1,1011.45,42.5,57
2026-05-06 14:35:06,123327.0,5221.22631,N,453.62334,E,21.1,1011.4,35.83,57
2026-05-06 14:35:11,123332.0,5221.22635,N,453.61892,E,21.1,1011.51,28.33,57
2026-05-06 14:35:16,123337.0,5221.22473,N,453.61367,E,21.1,1011.47,28.33,56
2026-05-06 14:35:21,123342.0,5221.22462,N,453.60914,E,21.2,1011.46,31.67,57
2026-05-06 14:35:26,123347.0,5221.22205,N,453.60407,E,21.2,1011.5,20.83,56
2026-05-06 14:35:31,123352.0,5221.22459,N,453.59669,E,21.2,1011.5,35.0,56
2026-05-06 14:35:36,123357.0,5221.22501,N,453.59003,E,21.2,1011.45,28.33,57
2026-05-06 14:35:41,123402.0,5221.22427,N,453.58501,E,21.2,1011.46,28.33,56
2026-05-06 14:35:46,123407.0,5221.22156,N,453.5802,E,21.3,1011.46,35.0,56
2026-05-06 14:35:51,123412.0,5221.21861,N,453.57487,E,21.3,1011.42,32.5,56
2026-05-06 14:35:56,123417.0,5221.22015,N,453.56882,E,21.3,1011.49,41.67,56
2026-05-06 14:36:01,123422.0,5221.22092,N,453.56313,E,21.2,1011.37,38.33,55
2026-05-06 14:36:06,123427.0,5221.21942,N,453.55638,E,21.2,1011.45,37.5,55
2026-05-06 14:36:11,123432.0,5221.21764,N,453.55026,E,21.2,1011.44,37.5,57
2026-05-06 14:36:16,123437.0,5221.21822,N,453.54405,E,21.2,1011.42,36.67,56
2026-05-06 14:36:21,123442.0,5221.21709,N,453.53767,E,21.2,1011.47,35.0,56
2026-05-06 14:36:26,123447.0,5221.21764,N,453.53169,E,21.3,1011.46,20.0,56
2026-05-06 14:36:31,123452.0,5221.21635,N,453.5263,E,21.3,1011.46,30.83,56
2026-05-06 14:36:36,123457.0,5221.21607,N,453.51893,E,21.3,1011.46,28.33,56
2026-05-06 14:36:41,123502.0,5221.21542,N,453.51339,E,21.4,1011.55,32.5,56
2026-05-06 14:36:46,123507.0,5221.21656,N,453.50736,E,21.4,1011.52,36.67,56
2026-05-06 14:36:51,123512.0,5221.21631,N,453.50194,E,21.5,1011.53,36.67,56
2026-05-06 14:36:56,123517.0,5221.21342,N,453.49694,E,21.5,1011.44,37.5,56
2026-05-06 14:37:01,123522.0,5221.21176,N,453.49121,E,21.6,1011.46,33.33,56
2026-05-06 14:37:06,123527.0,5221.21191,N,453.48577,E,21.6,1011.47,38.33,56
2026-05-06 14:37:12,123532.0,5221.21117,N,453.47985,E,21.7,1011.44,40.83,55
2026-05-06 14:37:17,123537.0,5221.21097,N,453.47366,E,21.7,1011.47,40.83,56
2026-05-06 14:37:22,123542.0,5221.20915,N,453.4685,E,21.8,1011.36,105.0,56
2026-05-06 14:37:27,123547.0,5221.2089,N,453.46282,E,21.8,1011.38,80.0,56
2026-05-06 14:37:32,123552.0,5221.20768,N,453.45596,E,21.9,1011.43,80.83,55
2026-05-06 14:37:37,123557.0,5221.20881,N,453.45131,E,22.0,1011.43,54.17,55
2026-05-06 14:37:42,123602.0,5221.20997,N,453.44952,E,22.0,1011.41,29.17,55
2026-05-06 14:37:47,123607.0,5221.21144,N,453.44807,E,22.0,1011.52,34.17,56
2026-05-06 14:37:52,123612.0,5221.21452,N,453.44596,E,22.1,1011.38,29.17,53
2026-05-06 14:37:57,123617.0,5221.21746,N,453.44634,E,22.0,1011.43,31.67,55
2026-05-06 14:38:02,123622.0,5221.22024,N,453.4456,E,22.1,1011.33,24.17,55
2026-05-06 14:38:07,123627.0,5221.22286,N,453.44499,E,22.1,1011.45,30.83,55
2026-05-06 14:38:12,123632.0,5221.22458,N,453.44415,E,22.1,1011.46,45.0,55
2026-05-06 14:38:17,123637.0,5221.22739,N,453.44282,E,22.0,1011.46,44.17,55
2026-05-06 14:38:22,123642.0,5221.23025,N,453.44016,E,21.9,1011.36,68.33,55
2026-05-06 14:38:27,123647.0,5221.23368,N,453.43679,E,21.8,1011.48,110.0,54
2026-05-06 14:38:32,123652.0,5221.23972,N,453.43453,E,21.7,1011.64,39.17,55
2026-05-06 14:38:37,123657.0,5221.24316,N,453.43274,E,21.6,1011.6,33.33,54
2026-05-06 14:38:42,123702.0,5221.24605,N,453.43021,E,21.5,1011.64,31.67,54
2026-05-06 14:38:47,123707.0,5221.24854,N,453.429,E,21.5,1011.54,37.5,54
2026-05-06 14:38:52,123712.0,5221.2515,N,453.42962,E,21.6,1011.61,40.0,54
2026-05-06 14:38:57,123717.0,5221.25504,N,453.42911,E,21.6,1011.62,43.33,55
2026-05-06 14:39:02,123722.0,5221.25838,N,453.42801,E,21.6,1011.52,77.5,55
2026-05-06 14:39:07,123727.0,5221.26154,N,453.42524,E,21.6,1011.55,90.83,55
2026-05-06 14:39:12,123732.0,5221.26627,N,453.42388,E,21.6,1011.52,46.67,55
2026-05-06 14:39:17,123737.0,5221.27007,N,453.42113,E,21.6,1011.6,38.33,55
2026-05-06 14:39:22,123742.0,5221.27309,N,453.42027,E,21.5,1011.55,30.83,54
2026-05-06 14:39:27,123747.0,5221.27563,N,453.42159,E,21.6,1011.46,35.0,54
2026-05-06 14:39:32,123752.0,5221.27986,N,453.42191,E,21.6,1011.55,60.0,54
2026-05-06 14:39:37,123757.0,5221.28481,N,453.41947,E,21.6,1011.49,81.67,54
2026-05-06 14:39:42,123802.0,5221.28967,N,453.41739,E,21.6,1011.58,72.5,55
2026-05-06 14:39:47,123807.0,5221.29316,N,453.41494,E,21.6,1011.52,58.33,55
2026-05-06 14:39:52,123812.0,5221.29755,N,453.41564,E,21.6,1011.57,39.17,54
2026-05-06 14:39:57,123817.0,5221.3013,N,453.41542,E,21.6,1011.55,53.33,55
2026-05-06 14:40:02,123822.0,5221.30532,N,453.41645,E,21.6,1011.53,41.67,54
2026-05-06 14:40:07,123827.0,5221.30778,N,453.41821,E,21.5,1011.56,43.33,55
2026-05-06 14:40:12,123832.0,5221.3112,N,453.42092,E,21.5,1011.51,36.67,54
2026-05-06 14:40:17,123837.0,5221.31506,N,453.42123,E,21.5,1011.59,65.83,54
2026-05-06 14:40:22,123842.0,5221.31773,N,453.42308,E,21.5,1011.56,54.17,54
2026-05-06 14:40:27,123847.0,5221.31999,N,453.42473,E,21.5,1011.56,25.0,54
2026-05-06 14:40:32,123852.0,5221.32494,N,453.42535,E,21.5,1011.54,35.0,55
2026-05-06 14:40:37,123857.0,5221.3291,N,453.42582,E,21.5,1011.56,39.17,55
2026-05-06 14:40:42,123902.0,5221.33264,N,453.42548,E,21.5,1011.47,86.67,54
2026-05-06 14:40:47,123908.0,5221.33562,N,453.42341,E,21.5,1011.45,48.33,55
2026-05-06 14:40:52,123912.0,5221.33615,N,453.41962,E,21.5,1011.56,45.0,55
2026-05-06 14:40:57,123918.0,5221.33785,N,453.41248,E,21.6,1011.47,47.5,55
2026-05-06 14:41:02,123923.0,5221.34044,N,453.40825,E,21.7,1011.53,59.17,55
2026-05-06 14:41:07,123928.0,5221.3412,N,453.40152,E,21.7,1011.56,55.0,55
2026-05-06 14:41:12,123933.0,5221.3429,N,453.39641,E,21.7,1011.51,45.83,55
2026-05-06 14:41:17,123938.0,5221.34283,N,453.39012,E,21.7,1011.56,31.67,54
2026-05-06 14:41:22,123943.0,5221.34275,N,453.38353,E,21.7,1011.46,41.67,55
2026-05-06 14:41:27,123948.0,5221.34257,N,453.37691,E,21.7,1011.6,30.0,55
2026-05-06 14:41:32,123953.0,5221.34295,N,453.37104,E,21.7,1011.49,34.17,55
2026-05-06 14:41:37,123958.0,5221.34314,N,453.36535,E,21.7,1011.56,56.67,54
2026-05-06 14:41:42,124003.0,5221.34394,N,453.36072,E,21.8,1011.61,84.17,55
2026-05-06 14:41:47,124008.0,5221.34339,N,453.35432,E,21.8,1011.54,65.0,55
2026-05-06 14:41:52,124013.0,5221.34296,N,453.35007,E,21.9,1011.56,70.83,55
2026-05-06 14:41:57,124018.0,5221.34287,N,453.34388,E,21.9,1011.66,63.33,54
2026-05-06 14:42:02,124023.0,5221.34291,N,453.3383,E,21.9,1011.6,50.83,55
2026-05-06 14:42:07,124028.0,5221.34355,N,453.33153,E,21.9,1011.54,30.0,55
2026-05-06 14:42:12,124033.0,5221.3444,N,453.32715,E,22.0,1011.55,35.83,55
2026-05-06 14:42:17,124038.0,5221.34398,N,453.32214,E,22.0,1011.55,53.33,56
2026-05-06 14:42:22,124043.0,5221.3454,N,453.32207,E,22.0,1011.62,28.33,55
2026-05-06 14:42:27,124048.0,5221.34723,N,453.32068,E,22.0,1011.59,32.5,56
2026-05-06 14:42:32,124053.0,5221.34984,N,453.32083,E,22.1,1011.54,30.83,55
2026-05-06 14:42:37,124058.0,5221.35187,N,453.31972,E,22.1,1011.44,40.0,59
2026-05-06 14:42:42,124103.0,5221.3551,N,453.31685,E,22.1,1011.51,39.17,60
2026-05-06 14:42:47,124108.0,5221.36074,N,453.31626,E,-4.3,217.1,-1.0,63
2026-05-06 14:42:52,124113.0,5221.3632,N,453.31477,E,22.2,1011.48,42.5,65
2026-05-06 14:42:57,124118.0,5221.36786,N,453.31591,E,-16.4,168.07,-1.0,58
2026-05-06 14:43:02,124123.0,5221.36937,N,453.3127,E,22.1,1011.47,45.0,59
2026-05-06 14:43:07,124128.0,5221.37061,N,453.30866,E,22.2,1011.46,29.17,58
2026-05-06 14:43:12,124133.0,5221.37055,N,453.30533,E,22.2,1011.55,35.0,56
2026-05-06 14:43:17,124138.0,5221.36981,N,453.30121,E,22.3,1011.46,37.5,56
2026-05-06 14:43:22,124143.0,5221.37098,N,453.29711,E,22.3,1011.61,30.83,56
2026-05-06 14:43:27,124148.0,5221.37147,N,453.29138,E,22.4,1011.64,30.0,57
2026-05-06 14:43:32,124153.0,5221.37103,N,453.28655,E,22.5,1011.63,35.83,57
2026-05-06 14:43:37,124158.0,5221.37123,N,453.28113,E,22.4,1011.58,27.5,58
2026-05-06 14:43:42,124203.0,5221.37142,N,453.27621,E,22.3,1011.57,29.17,56
2026-05-06 14:43:47,124208.0,5221.37236,N,453.27064,E,22.4,1011.53,39.17,57
2026-05-06 14:43:52,124213.0,5221.37235,N,453.26489,E,22.4,1011.61,38.33,57
2026-05-06 14:43:57,124218.0,5221.37379,N,453.25894,E,22.5,1011.55,35.0,58
2026-05-06 14:44:02,124223.0,5221.37508,N,453.25382,E,22.4,1011.52,22.5,57
2026-05-06 14:44:07,124228.0,5221.37713,N,453.24798,E,22.5,1011.57,32.5,58
2026-05-06 14:44:12,124233.0,5221.37806,N,453.242,E,22.5,1011.53,42.5,58
2026-05-06 14:44:17,124238.0,5221.37881,N,453.23626,E,22.5,1011.55,32.5,58
2026-05-06 14:44:22,124243.0,5221.37863,N,453.23088,E,22.6,1011.52,76.67,58
2026-05-06 14:44:27,124248.0,5221.38035,N,453.22539,E,22.6,1011.64,135.83,58
2026-05-06 14:44:32,124253.0,5221.3835,N,453.2225,E,22.6,1011.53,77.5,58
2026-05-06 14:44:37,124258.0,5221.38685,N,453.22167,E,22.5,1011.6,110.83,58
2026-05-06 14:44:42,124303.0,5221.39049,N,453.22001,E,22.6,1011.53,65.0,56
2026-05-06 14:44:47,124308.0,5221.39437,N,453.21766,E,22.7,1011.53,60.0,56
2026-05-06 14:44:52,124313.0,5221.39765,N,453.21567,E,22.7,1011.54,62.5,55
2026-05-06 14:44:57,124318.0,5221.40165,N,453.21291,E,22.8,1011.5,84.17,55
2026-05-06 14:45:02,124323.0,5221.40476,N,453.20946,E,22.8,1011.5,73.33,55
2026-05-06 14:45:07,124328.0,5221.40767,N,453.20732,E,22.8,1011.51,62.5,57
2026-05-06 14:45:12,124333.0,5221.41161,N,453.20488,E,22.9,1011.61,55.83,56
2026-05-06 14:45:17,124338.0,5221.41561,N,453.20514,E,22.9,1011.52,68.33,55
2026-05-06 14:45:22,124343.0,5221.41823,N,453.21253,E,22.9,1011.58,42.5,55
2026-05-06 14:45:27,124348.0,5221.41871,N,453.2203,E,22.9,1011.55,40.0,55
2026-05-06 14:45:32,124353.0,5221.4184,N,453.22723,E,22.9,1011.51,44.17,55
2026-05-06 14:45:37,124358.0,5221.41845,N,453.2335,E,22.9,1011.52,39.17,57
2026-05-06 14:45:42,124403.0,5221.4187,N,453.23902,E,22.9,1011.53,38.33,55
2026-05-06 14:45:47,124408.0,5221.41865,N,453.24408,E,22.9,1011.6,33.33,56
2026-05-06 14:45:52,124413.0,5221.41892,N,453.25001,E,22.8,1011.57,26.67,55
2026-05-06 14:45:57,124418.0,5221.41892,N,453.25495,E,22.8,1011.6,30.0,58
2026-05-06 14:46:02,124423.0,5221.41957,N,453.25954,E,22.8,1011.56,36.67,55
2026-05-06 14:46:07,124428.0,5221.41949,N,453.26493,E,22.8,1011.51,31.67,56
2026-05-06 14:46:12,124433.0,5221.41855,N,453.27135,E,22.8,1011.56,32.5,55
2026-05-06 14:46:17,124438.0,5221.41791,N,453.27695,E,22.7,1011.53,25.83,57
2026-05-06 14:46:22,124443.0,5221.41804,N,453.28291,E,22.4,1011.58,29.17,58
2026-05-06 14:46:27,124448.0,5221.41784,N,453.28918,E,22.3,1011.44,35.83,56
2026-05-06 14:46:32,124453.0,5221.41745,N,453.29569,E,22.4,1011.57,28.33,56
2026-05-06 14:46:37,124458.0,5221.41744,N,453.30109,E,22.4,1011.55,21.67,69
2026-05-06 14:46:42,124503.0,5221.41577,N,453.30687,E,22.5,1011.54,16.67,66
2026-05-06 14:46:47,124508.0,5221.41585,N,453.31277,E,22.4,1011.51,22.5,66
2026-05-06 14:46:52,124513.0,5221.41856,N,453.31674,E,22.1,1011.54,29.17,66
2026-05-06 14:46:57,124518.0,5221.42051,N,453.32007,E,22.2,1011.45,19.17,66
2026-05-06 14:47:02,124523.0,5221.423,N,453.32253,E,22.2,1011.47,22.5,68
2026-05-06 14:47:07,124528.0,5221.42582,N,453.32493,E,22.2,1011.48,25.83,66
2026-05-06 14:47:12,124533.0,5221.42836,N,453.32784,E,22.1,1011.46,23.33,67
2026-05-06 14:47:17,124538.0,5221.43121,N,453.32978,E,21.9,1011.44,25.0,66
2026-05-06 14:47:22,124543.0,5221.4341,N,453.33095,E,21.9,1011.43,27.5,65
2026-05-06 14:47:27,124548.0,5221.43756,N,453.33151,E,22.0,1011.49,35.83,65
2026-05-06 14:47:32,124553.0,5221.4411,N,453.333,E,22.1,1011.42,37.5,65
2026-05-06 14:47:37,124558.0,5221.44379,N,453.33493,E,22.1,1011.47,39.17,65
2026-05-06 14:47:42,124603.0,5221.44449,N,453.33835,E,22.1,1011.47,42.5,65
2026-05-06 14:47:47,124608.0,5221.44517,N,453.34327,E,22.1,1011.55,35.83,65
2026-05-06 14:47:52,124613.0,5221.44576,N,453.34881,E,22.0,1011.54,36.67,65
2026-05-06 14:47:57,124618.0,5221.44649,N,453.35398,E,22.0,1011.56,41.67,65
2026-05-06 14:48:02,124623.0,5221.44696,N,453.35883,E,21.8,1011.6,42.5,65
2026-05-06 14:48:07,124628.0,5221.44652,N,453.36452,E,21.7,1011.53,43.33,65
2026-05-06 14:48:12,124633.0,5221.44605,N,453.36939,E,21.8,1011.59,42.5,64
2026-05-06 14:48:17,124638.0,5221.44638,N,453.3748,E,21.7,1011.58,32.5,64
2026-05-06 14:48:22,124643.0,5221.44678,N,453.38024,E,21.7,1011.51,32.5,64
2026-05-06 14:48:27,124648.0,5221.44671,N,453.38521,E,21.8,1011.57,31.67,64
2026-05-06 14:48:32,124653.0,5221.44704,N,453.38973,E,21.8,1011.55,35.0,64
2026-05-06 14:48:37,124658.0,5221.44673,N,453.39615,E,21.7,1011.49,33.33,64
2026-05-06 14:48:42,124703.0,5221.44677,N,453.40385,E,21.6,1011.48,37.5,64
2026-05-06 14:48:47,124708.0,5221.44648,N,453.4107,E,21.7,1011.52,34.17,65
2026-05-06 14:48:52,124713.0,5221.44607,N,453.41757,E,21.8,1011.54,35.0,69
2026-05-06 14:48:58,124718.0,5221.44675,N,453.42272,E,21.8,1011.43,34.17,67
2026-05-06 14:49:03,124723.0,5221.44785,N,453.43202,E,21.9,1011.47,31.67,66
2026-05-06 14:49:08,124728.0,5221.44728,N,453.43945,E,22.0,1011.36,68.33,67
2026-05-06 14:49:13,124733.0,5221.44692,N,453.44223,E,22.0,1011.44,53.33,66
2026-05-06 14:49:18,124738.0,5221.44932,N,453.44317,E,22.0,1011.48,49.17,60
2026-05-06 14:49:23,124743.0,5221.45122,N,453.44232,E,22.0,1011.49,32.5,56
2026-05-06 14:49:28,124748.0,5221.45476,N,453.44303,E,21.9,1011.54,27.5,56
2026-05-06 14:49:33,124753.0,5221.45731,N,453.44262,E,21.8,1011.52,25.0,57
2026-05-06 14:49:38,124758.0,5221.46106,N,453.4437,E,21.7,1011.47,27.5,56
2026-05-06 14:49:43,124803.0,5221.46382,N,453.44662,E,21.7,1011.64,24.17,55
2026-05-06 14:49:48,124808.0,5221.46777,N,453.44907,E,21.6,1011.54,25.0,56
2026-05-06 14:49:53,124813.0,5221.47097,N,453.4506,E,21.5,1011.5,25.0,57
2026-05-06 14:49:58,124818.0,5221.47449,N,453.4533,E,21.3,1011.45,37.5,56
2026-05-06 14:50:03,124823.0,5221.4762,N,453.45636,E,21.4,1011.45,70.83,56
2026-05-06 14:50:08,124828.0,5221.47751,N,453.45928,E,21.4,1011.46,60.0,56
2026-05-06 14:50:13,124833.0,5221.47881,N,453.46224,E,21.4,1011.42,46.67,57
2026-05-06 14:50:18,124838.0,5221.48081,N,453.46488,E,21.5,1011.39,70.83,56
2026-05-06 14:50:23,124843.0,5221.48193,N,453.46514,E,21.6,1011.49,75.0,56
2026-05-06 14:50:28,124848.0,5221.48246,N,453.46474,E,21.7,1011.52,74.17,55
2026-05-06 14:50:33,124853.0,5221.48272,N,453.46433,E,21.7,1011.5,72.5,56
2026-05-06 14:50:38,124858.0,5221.48529,N,453.46599,E,21.4,1011.48,98.33,55
2026-05-06 14:50:43,124903.0,5221.48843,N,453.46529,E,21.5,1011.39,119.17,56
2026-05-06 14:50:48,124908.0,5221.49109,N,453.46559,E,21.5,1011.31,121.67,55
2026-05-06 14:50:53,124913.0,5221.49361,N,453.46462,E,21.6,1011.36,185.0,56
2026-05-06 14:50:58,124918.0,5221.49536,N,453.46116,E,21.7,1011.28,211.67,55
2026-05-06 14:51:03,124923.0,5221.49513,N,453.45779,E,21.8,1011.28,135.83,56
2026-05-06 14:51:08,124928.0,5221.49466,N,453.45714,E,21.9,1011.27,138.33,55
2026-05-06 14:51:13,124933.0,5221.49448,N,453.45641,E,21.9,1011.27,183.33,55
2026-05-06 14:51:18,124938.0,5221.4942,N,453.45573,E,21.9,1011.17,168.33,55
2026-05-06 14:51:23,124943.0,5221.49409,N,453.45546,E,22.0,1011.12,174.17,55
2026-05-06 14:51:28,124948.0,5221.49404,N,453.45549,E,22.1,1011.19,164.17,55
2026-05-06 14:51:33,124953.0,5221.49416,N,453.45424,E,22.2,1011.31,195.83,56
2026-05-06 14:51:38,124958.0,5221.49418,N,453.44873,E,22.2,1011.23,218.33,56
2026-05-06 14:51:43,125003.0,5221.49495,N,453.44306,E,22.1,1011.27,225.0,55
2026-05-06 14:51:48,125008.0,5221.49493,N,453.43856,E,22.1,1011.33,124.17,56
2026-05-06 14:51:53,125013.0,5221.49325,N,453.4344,E,22.2,1011.39,62.5,57
2026-05-06 14:51:58,125018.0,5221.49346,N,453.42842,E,22.2,1011.4,38.33,57
2026-05-06 14:52:03,125023.0,5221.4938,N,453.42261,E,22.1,1011.56,55.0,57
2026-05-06 14:52:08,125028.0,5221.49461,N,453.4171,E,22.1,1011.36,90.83,56
2026-05-06 14:52:13,125033.0,5221.49565,N,453.4123,E,22.1,1011.47,69.17,56
2026-05-06 14:52:18,125038.0,5221.49687,N,453.4078,E,22.1,1011.33,76.67,55
2026-05-06 14:52:23,125043.0,5221.4981,N,453.40327,E,22.1,1011.44,57.5,56
2026-05-06 14:52:28,125049.0,5221.50024,N,453.39752,E,22.1,1011.39,74.17,56
2026-05-06 14:52:33,125054.0,5221.50209,N,453.39272,E,22.1,1011.52,72.5,56
2026-05-06 14:52:38,125059.0,5221.50459,N,453.38774,E,22.2,1011.43,63.33,56
2026-05-06 14:52:43,125104.0,5221.5072,N,453.38263,E,22.3,1011.62,119.17,57
2026-05-06 14:52:48,125109.0,5221.50881,N,453.3769,E,22.3,1011.58,75.83,56
2026-05-06 14:52:53,125114.0,5221.51005,N,453.37175,E,22.4,1011.54,65.0,60
2026-05-06 14:52:58,125119.0,5221.51157,N,453.36693,E,22.5,1011.57,79.17,58
2026-05-06 14:53:03,125124.0,5221.5135,N,453.36189,E,22.5,1011.52,109.17,56
2026-05-06 14:53:08,125129.0,5221.51575,N,453.35653,E,22.5,1011.51,81.67,56
2026-05-06 14:53:13,125134.0,5221.51754,N,453.35168,E,22.5,1011.49,131.67,56
2026-05-06 14:53:18,125139.0,5221.51996,N,453.34661,E,22.6,1011.58,79.17,57
2026-05-06 14:53:23,125144.0,5221.52146,N,453.34382,E,22.6,1011.48,56.67,56
2026-05-06 14:53:28,125149.0,5221.52319,N,453.34345,E,22.7,1011.49,71.67,56
2026-05-06 14:53:33,125154.0,5221.52371,N,453.34324,E,22.7,1011.51,74.17,57
2026-05-06 14:53:38,125159.0,5221.52432,N,453.34269,E,22.8,1011.47,79.17,57
2026-05-06 14:53:43,125204.0,5221.52475,N,453.34229,E,22.9,1011.54,86.67,57
2026-05-06 14:53:48,125209.0,5221.5266,N,453.33853,E,22.8,1011.48,80.0,57
2026-05-06 14:53:53,125214.0,5221.52885,N,453.33498,E,22.9,1011.5,76.67,56
2026-05-06 14:53:58,125219.0,5221.53148,N,453.33096,E,22.9,1011.55,69.17,56
2026-05-06 14:54:03,125224.0,5221.53436,N,453.32722,E,22.9,1011.55,83.33,58
2026-05-06 14:54:08,125229.0,5221.53621,N,453.32346,E,22.9,1011.56,100.83,57
2026-05-06 14:54:13,125234.0,5221.53893,N,453.31974,E,22.9,1011.54,55.83,55
2026-05-06 14:54:18,125239.0,5221.54103,N,453.31622,E,23.0,1011.58,61.67,57
2026-05-06 14:54:23,125244.0,5221.54418,N,453.31312,E,23.0,1011.62,54.17,56
2026-05-06 14:54:28,125249.0,5221.54705,N,453.30991,E,23.0,1011.53,38.33,56
2026-05-06 14:54:33,125254.0,5221.54928,N,453.30667,E,23.1,1011.51,35.0,56
2026-05-06 14:54:38,125259.0,5221.55193,N,453.30394,E,23.0,1011.47,35.83,55
2026-05-06 14:54:43,125304.0,5221.55455,N,453.30059,E,23.0,1011.57,51.67,56
2026-05-06 14:54:48,125309.0,5221.5574,N,453.29678,E,23.1,1011.52,68.33,58
2026-05-06 14:54:53,125314.0,5221.55829,N,453.29382,E,23.1,1011.58,53.33,58
2026-05-06 14:54:58,125319.0,5221.55927,N,453.29396,E,23.1,1011.6,66.67,57
2026-05-06 14:55:03,125324.0,5221.55955,N,453.29392,E,23.1,1011.58,67.5,59
2026-05-06 14:55:08,125329.0,5221.55935,N,453.29443,E,23.2,1011.61,61.67,58
2026-05-06 14:55:13,125334.0,5221.55896,N,453.29495,E,23.2,1011.64,60.83,58
2026-05-06 14:55:18,125339.0,5221.55902,N,453.29548,E,23.2,1011.55,60.0,57
2026-05-06 14:55:23,125344.0,5221.55921,N,453.29545,E,23.3,1011.59,58.33,58
2026-05-06 14:55:28,125349.0,5221.55907,N,453.29538,E,23.3,1011.61,56.67,58
2026-05-06 14:55:33,125354.0,5221.55917,N,453.29551,E,23.3,1011.56,56.67,58
2026-05-06 14:55:38,125359.0,5221.55951,N,453.29552,E,23.4,1011.54,55.83,58
2026-05-06 14:55:43,125404.0,5221.56008,N,453.29535,E,23.5,1011.59,53.33,60
2026-05-06 14:55:48,125409.0,5221.56047,N,453.29541,E,23.4,1011.6,94.17,57
2026-05-06 14:55:53,125414.0,5221.56331,N,453.29246,E,23.5,1011.49,80.0,56
2026-05-06 14:55:58,125419.0,5221.56681,N,453.28973,E,23.5,1011.52,44.17,56
2026-05-06 14:56:03,125424.0,5221.57048,N,453.28709,E,23.5,1011.54,55.0,56
2026-05-06 14:56:08,125429.0,5221.57402,N,453.283,E,23.5,1011.42,60.83,56
2026-05-06 14:56:13,125434.0,5221.57589,N,453.27822,E,23.6,1011.36,61.67,56
2026-05-06 14:56:18,125439.0,5221.57921,N,453.27433,E,23.6,1011.42,61.67,55
2026-05-06 14:56:23,125444.0,5221.5817,N,453.26946,E,23.5,1011.4,55.83,56
2026-05-06 14:56:28,125449.0,5221.58465,N,453.26527,E,23.6,1011.43,71.67,55
2026-05-06 14:56:33,125454.0,5221.5875,N,453.26157,E,23.6,1011.4,116.67,55
2026-05-06 14:56:38,125459.0,5221.59059,N,453.25844,E,23.7,1011.41,101.67,55
2026-05-06 14:56:43,125504.0,5221.59394,N,453.25551,E,23.7,1011.38,95.0,59
2026-05-06 14:56:48,125509.0,5221.59595,N,453.2512,E,23.7,1011.32,68.33,59
2026-05-06 14:56:53,125514.0,5221.59755,N,453.2466,E,-11.3,187.73,-1.0,60
2026-05-06 14:56:58,125519.0,5221.59975,N,453.24201,E,23.8,1011.26,71.67,58
2026-05-06 14:57:03,125524.0,5221.60296,N,453.23773,E,23.8,1011.16,119.17,55
2026-05-06 14:57:08,125529.0,5221.60519,N,453.23299,E,23.8,1011.19,129.17,56
2026-05-06 14:57:13,125534.0,5221.6081,N,453.22851,E,23.9,1011.21,110.83,56
2026-05-06 14:57:18,125539.0,5221.60995,N,453.22382,E,23.8,1011.23,96.67,59
2026-05-06 14:57:23,125544.0,5221.61128,N,453.21873,E,23.8,1011.33,50.0,56
2026-05-06 14:57:28,125549.0,5221.61301,N,453.21555,E,23.8,1011.33,74.17,54
2026-05-06 14:57:33,125554.0,5221.61472,N,453.21057,E,23.7,1011.33,125.83,55
2026-05-06 14:57:38,125559.0,5221.61754,N,453.20576,E,23.8,1011.3,89.17,55
2026-05-06 14:57:43,125604.0,5221.61968,N,453.20108,E,23.8,1011.34,75.0,56
2026-05-06 14:57:48,125609.0,5221.62115,N,453.19664,E,23.9,1011.33,73.33,58
2026-05-06 14:57:53,125614.0,5221.62306,N,453.19184,E,23.8,1011.37,75.0,59
2026-05-06 14:57:58,125619.0,5221.62597,N,453.18661,E,23.8,1011.27,95.83,57
2026-05-06 14:58:03,125624.0,5221.63069,N,453.18173,E,23.9,1011.41,110.0,56
2026-05-06 14:58:08,125629.0,5221.63312,N,453.17836,E,23.9,1011.43,96.67,56
2026-05-06 14:58:13,125634.0,5221.63307,N,453.17579,E,24.0,1011.35,140.0,56
2026-05-06 14:58:18,125639.0,5221.63055,N,453.17202,E,24.0,1011.41,110.83,56
2026-05-06 14:58:23,125644.0,5221.62784,N,453.16879,E,24.0,1011.52,105.0,61
2026-05-06 14:58:28,125649.0,5221.62574,N,453.16425,E,24.0,1011.44,95.0,59
2026-05-06 14:58:33,125654.0,5221.62408,N,453.15907,E,23.8,1011.37,89.17,57
2026-05-06 14:58:38,125659.0,5221.62206,N,453.15336,E,23.2,1011.45,62.5,57
2026-05-06 14:58:43,125704.0,5221.61997,N,453.14961,E,23.1,1011.34,56.67,58
2026-05-06 14:58:48,125709.0,5221.61793,N,453.14589,E,23.3,1011.36,41.67,60
2026-05-06 14:58:53,125714.0,5221.61717,N,453.14497,E,23.3,1011.43,15.83,58
2026-05-06 14:58:58,125719.0,5221.6167,N,453.14214,E,23.2,1011.32,5.83,58
2026-05-06 14:59:03,125724.0,5221.61514,N,453.1427,E,23.3,1011.33,5.0,60
2026-05-06 14:59:08,125729.0,,,,,23.4,1011.2,5.0,59
2026-05-06 14:59:13,125734.0,5221.6247,N,453.12876,E,23.4,1011.3,5.0,58
2026-05-06 14:59:18,125739.0,5221.64179,N,453.09337,E,23.4,219.85,-1.0,59
2026-05-06 14:59:23,125744.0,,,,,23.5,1011.31,5.83,62
2026-05-06 14:59:28,125749.0,,,,,23.4,1011.29,5.0,61
2026-05-06 14:59:33,125754.0,,,,,23.5,242.84,-1.0,62
2026-05-06 14:59:38,125759.0,,,,,-11.3,1011.27,5.83,60
2026-05-06 14:59:43,125804.0,,,,,23.4,1011.22,10.0,58
2026-05-06 14:59:48,125809.0,5221.56896,N,453.08049,E,23.5,1011.23,43.33,59
2026-05-06 14:59:53,125814.0,5221.56218,N,453.06194,E,23.5,1011.22,76.67,59
2026-05-06 14:59:59,125819.0,5221.5656,N,453.07075,E,23.5,1011.19,146.67,58
2026-05-06 15:00:04,125824.0,5221.56866,N,453.07725,E,23.5,1011.18,150.83,59
2026-05-06 15:00:09,125829.0,5221.57007,N,453.0809,E,23.6,1011.19,139.17,58
2026-05-06 15:00:14,125834.0,5221.56844,N,453.07825,E,23.6,1011.16,161.67,58
2026-05-06 15:00:19,125839.0,5221.56581,N,453.0756,E,23.5,1011.23,389.17,68
2026-05-06 15:00:24,125844.0,5221.56411,N,453.07215,E,23.4,1011.28,279.17,61
2026-05-06 15:00:29,125849.0,5221.5611,N,453.06925,E,23.2,1011.33,191.67,60
2026-05-06 15:00:34,125854.0,5221.55845,N,453.06551,E,23.3,1011.26,151.67,62
2026-05-06 15:00:39,125859.0,5221.55547,N,453.06215,E,23.3,1011.38,138.33,60
2026-05-06 15:00:44,125904.0,5221.55306,N,453.05836,E,23.2,1011.39,158.33,61
2026-05-06 15:00:49,125909.0,5221.54994,N,453.05529,E,23.2,1011.34,168.33,60
2026-05-06 15:00:54,125914.0,5221.54784,N,453.0533,E,22.9,1011.31,155.83,59
2026-05-06 15:00:59,125919.0,5221.54596,N,453.05221,E,22.7,1011.38,125.83,59
2026-05-06 15:01:04,125924.0,5221.54318,N,453.05196,E,22.8,1011.39,171.67,59
2026-05-06 15:01:09,125929.0,5221.54017,N,453.04951,E,22.9,1011.51,480.0,60
2026-05-06 15:01:14,125934.0,5221.53671,N,453.04802,E,22.8,1011.5,136.67,60
2026-05-06 15:01:19,125939.0,5221.53351,N,453.04655,E,22.7,1011.48,106.67,60
2026-05-06 15:01:24,125944.0,5221.53068,N,453.04399,E,22.7,1011.51,134.17,62
2026-05-06 15:01:29,125949.0,5221.5279,N,453.04072,E,22.8,1011.5,125.83,59
2026-05-06 15:01:34,125954.0,5221.5252,N,453.03725,E,22.8,1011.42,120.0,59
2026-05-06 15:01:39,125959.0,5221.52231,N,453.03386,E,22.8,1011.44,126.67,60
2026-05-06 15:01:44,130004.0,5221.51954,N,453.02982,E,22.9,1011.43,125.83,60
2026-05-06 15:01:49,130009.0,5221.51689,N,453.02645,E,22.9,1011.44,140.0,60
2026-05-06 15:01:54,130014.0,5221.51425,N,453.02232,E,22.7,1011.44,138.33,58
2026-05-06 15:01:59,130019.0,5221.51186,N,453.01867,E,22.5,1011.49,116.67,57
2026-05-06 15:02:04,130024.0,5221.50891,N,453.01428,E,22.7,1011.36,147.5,57
2026-05-06 15:02:09,130029.0,5221.5059,N,453.01148,E,22.7,1011.47,151.67,57
2026-05-06 15:02:14,130034.0,5221.50319,N,453.00832,E,22.7,1011.47,123.33,57
2026-05-06 15:02:19,130039.0,5221.5002,N,453.00503,E,22.8,1011.47,142.5,58
2026-05-06 15:02:24,130044.0,5221.49767,N,453.00157,E,22.9,1011.43,169.17,59
2026-05-06 15:02:29,130049.0,5221.49487,N,452.99663,E,22.9,1011.46,167.5,58
2026-05-06 15:02:34,130054.0,5221.49244,N,452.99165,E,23.0,1011.47,160.0,59
2026-05-06 15:02:39,130059.0,5221.4895,N,452.98797,E,-13.8,177.91,-1.0,59
2026-05-06 15:02:44,130104.0,5221.48623,N,452.98413,E,22.8,1011.43,139.17,58
2026-05-06 15:02:49,130109.0,5221.48341,N,452.9807,E,22.7,1011.48,134.17,59
2026-05-06 15:02:54,130114.0,5221.48004,N,452.97733,E,22.8,1011.45,150.83,59
2026-05-06 15:02:59,130119.0,5221.47693,N,452.97439,E,22.9,1011.52,179.17,59
2026-05-06 15:03:04,130124.0,5221.47403,N,452.9706,E,22.9,1011.41,169.17,60
2026-05-06 15:03:09,130129.0,5221.47176,N,452.966,E,22.8,1011.21,241.67,62
2026-05-06 15:03:14,130134.0,5221.46974,N,452.96102,E,23.0,1011.42,187.5,62
2026-05-06 15:03:19,130139.0,5221.46897,N,452.95515,E,23.1,1011.39,156.67,58
2026-05-06 15:03:24,130144.0,5221.46859,N,452.94923,E,23.1,1011.35,144.17,77
2026-05-06 15:03:29,130149.0,5221.46802,N,452.94314,E,23.2,1011.55,131.67,61
2026-05-06 15:03:34,130154.0,5221.46757,N,452.93685,E,23.2,1011.51,130.83,59
2026-05-06 15:03:39,130200.0,5221.46683,N,452.92973,E,23.3,1011.47,153.33,65
2026-05-06 15:03:44,130205.0,5221.46656,N,452.92416,E,23.3,1011.43,170.83,59
2026-05-06 15:03:49,130210.0,5221.46614,N,452.91803,E,23.5,1011.4,158.33,61
2026-05-06 15:03:54,130215.0,5221.46586,N,452.91205,E,23.5,1011.38,178.33,56
2026-05-06 15:03:59,130220.0,5221.4651,N,452.90616,E,23.5,1011.54,202.5,51
2026-05-06 15:04:04,130225.0,5221.46196,N,452.90193,E,23.6,1011.47,160.83,50
2026-05-06 15:04:09,130230.0,5221.45916,N,452.89831,E,23.6,1011.41,178.33,50
2026-05-06 15:04:14,130235.0,5221.45618,N,452.89494,E,23.6,1011.41,166.67,51
2026-05-06 15:04:19,130240.0,5221.45332,N,452.89109,E,23.6,1011.47,193.33,61
2026-05-06 15:04:24,130245.0,5221.44999,N,452.88779,E,23.4,1011.51,196.67,56
2026-05-06 15:04:29,130250.0,5221.44696,N,452.88452,E,23.5,1011.49,201.67,48
2026-05-06 15:04:34,130255.0,5221.44387,N,452.88141,E,23.3,1011.52,187.5,48
2026-05-06 15:04:39,130300.0,5221.44088,N,452.87807,E,22.9,1011.49,165.83,43
2026-05-06 15:04:44,130305.0,5221.43805,N,452.87454,E,22.8,1011.52,198.33,45
2026-05-06 15:04:49,130310.0,5221.43524,N,452.87116,E,22.5,1011.46,191.67,45
2026-05-06 15:04:54,130315.0,5221.43231,N,452.86783,E,22.7,1011.51,190.83,47
2026-05-06 15:04:59,130320.0,5221.4295,N,452.86436,E,22.7,1011.46,216.67,48
2026-05-06 15:05:04,130325.0,5221.42668,N,452.86126,E,22.7,1011.5,203.33,46
2026-05-06 15:05:09,130330.0,5221.42392,N,452.85844,E,22.8,1011.5,180.83,54
2026-05-06 15:05:14,130335.0,5221.42102,N,452.85518,E,22.9,1011.43,165.83,49
2026-05-06 15:05:19,130340.0,5221.41826,N,452.85125,E,22.9,1011.42,190.0,50
2026-05-06 15:05:24,130345.0,5221.41551,N,452.84719,E,22.8,1011.47,192.5,48
2026-05-06 15:05:29,130350.0,5221.41267,N,452.84348,E,22.8,1011.48,185.0,44
2026-05-06 15:05:34,130355.0,5221.40979,N,452.83993,E,22.9,1011.55,179.17,47
2026-05-06 15:05:39,130400.0,5221.40666,N,452.83665,E,22.9,1011.52,210.83,46
2026-05-06 15:05:44,130405.0,5221.40373,N,452.833,E,22.9,1011.48,188.33,50
2026-05-06 15:05:49,130410.0,5221.40076,N,452.8294,E,22.9,1011.55,195.0,46
2026-05-06 15:05:54,130415.0,5221.3977,N,452.82636,E,22.9,1011.6,203.33,44
2026-05-06 15:05:59,130420.0,5221.39491,N,452.82312,E,22.9,1011.52,204.17,45
2026-05-06 15:06:04,130425.0,5221.39269,N,452.81942,E,23.0,1011.39,198.33,45
2026-05-06 15:06:09,130430.0,5221.39145,N,452.8141,E,23.1,1011.37,142.5,44
2026-05-06 15:06:14,130435.0,5221.38989,N,452.80979,E,23.1,1011.41,166.67,44
2026-05-06 15:06:19,130440.0,5221.38969,N,452.80849,E,23.3,1011.42,149.17,44
2026-05-06 15:06:24,130445.0,5221.38949,N,452.80808,E,23.4,1011.53,120.83,44
2026-05-06 15:06:29,130450.0,5221.38958,N,452.80777,E,23.4,1011.47,163.33,43
2026-05-06 15:06:34,130455.0,5221.38975,N,452.8084,E,23.4,1011.22,167.5,45
2026-05-06 15:06:39,130500.0,5221.3894,N,452.80811,E,23.5,1011.37,194.17,44
2026-05-06 15:06:44,130505.0,5221.3891,N,452.80768,E,23.4,1011.37,196.67,44
2026-05-06 15:06:49,130510.0,5221.38916,N,452.80742,E,23.4,1011.42,210.83,44
2026-05-06 15:06:54,130515.0,5221.38916,N,452.80717,E,23.5,1011.52,210.83,45
2026-05-06 15:06:59,130520.0,5221.38914,N,452.80707,E,23.6,1011.45,210.0,45
2026-05-06 15:07:04,130525.0,5221.38923,N,452.8071,E,23.6,1011.43,209.17,44
2026-05-06 15:07:09,130530.0,5221.38913,N,452.80678,E,23.6,1011.46,202.5,44
2026-05-06 15:07:14,130535.0,5221.38902,N,452.80647,E,22.9,1010.07,49423.33,57
2026-05-06 15:07:19,130540.0,5221.38909,N,452.80627,E,23.0,1010.48,19991.67,54
2026-05-06 15:07:24,130545.0,5221.38883,N,452.80595,E,23.1,1009.26,54612.5,56
2026-05-06 13:20:57,,,,,,22.1,1008.66,84.17,102
2026-05-06 13:21:02,,,,,,22.1,1008.79,85.83,369
2026-05-06 13:21:07,,,,,,22.1,1008.79,90.0,451
2026-05-06 13:21:12,,,,,,22.1,1008.69,86.67,395
2026-05-06 13:21:17,,,,,,22.2,1008.7,86.67,345
2026-05-06 13:21:22,,,,,,22.2,1008.76,83.33,305
2026-05-06 13:21:33,,,,,,22.3,1008.78,75.83,244
2026-05-06 13:21:38,,,,,,22.3,1008.72,86.67,252
2026-05-06 13:21:43,,,,,,22.4,1008.8,82.5,246
2026-05-06 13:21:57,,,,,,22.5,1008.66,92.5,184
2026-05-06 13:22:02,,,,,,22.5,1008.73,97.5,169
2026-05-06 13:22:07,,,,,,22.6,1008.8,95.83,158
2026-05-06 13:22:12,,,,,,22.6,1008.85,100.83,149
2026-05-06 13:22:17,,,,,,22.7,1008.81,98.33,142
2026-05-06 13:22:22,,,,,,22.7,1008.75,98.33,129
2026-05-06 13:22:27,,,,,,22.8,1008.79,100.0,123
2026-05-06 13:22:32,,,,,,22.8,1008.82,105.0,120
2026-05-06 13:22:37,,,,,,22.9,1008.72,103.33,116
2026-05-06 13:22:42,,,,,,22.9,1008.77,106.67,112
2026-05-06 13:22:47,,,,,,23.0,1008.73,100.83,111
2026-05-06 13:22:52,,,,,,23.0,1008.78,95.83,108
2026-05-06 13:22:57,,,,,,23.1,1008.72,95.83,105
2026-05-06 13:23:02,,,,,,23.2,1008.89,124.17,102
2026-05-06 13:23:07,,,,,,23.2,1008.77,106.67,102
2026-05-06 13:23:12,,,,,,23.3,1008.8,107.5,100
2026-05-06 13:23:17,,,,,,23.3,1008.83,108.33,98
2026-05-06 13:23:22,,,,,,23.4,1008.8,102.5,97
2026-05-06 13:23:27,,,,,,23.5,1008.73,106.67,96
2026-05-06 13:23:32,,,,,,23.5,1008.77,103.33,94
2026-05-06 13:23:37,,,,,,23.6,1008.77,100.83,94
2026-05-06 13:23:42,,,,,,23.6,1008.79,102.5,92
2026-05-06 13:23:47,,,,,,23.7,1008.78,103.33,92
2026-05-06 13:23:52,,,,,,23.7,1008.75,97.5,97
2026-05-06 13:23:57,,,,,,23.8,1008.73,98.33,96
2026-05-06 13:24:02,,,,,,23.8,1008.78,104.17,97
2026-05-06 13:24:07,,,,,,23.9,1008.73,102.5,95
2026-05-06 13:24:12,,,,,,24.0,1008.75,101.67,94
2026-05-06 13:24:17,,,,,,24.1,1008.75,101.67,94
2026-05-06 13:24:22,,,,,,24.1,1008.84,105.0,92
2026-05-06 13:24:27,,,,,,24.2,1008.87,103.33,92
2026-05-06 13:24:32,,,,,,24.2,1008.85,90.83,85
2026-05-06 13:24:37,,,,,,24.3,1008.84,93.33,84
2026-05-06 13:24:42,,,,,,24.4,1008.76,90.83,84
2026-05-06 13:24:47,,,,,,24.4,1008.8,104.17,84
2026-05-06 13:24:52,,,,,,24.5,1008.82,126.67,83
2026-05-06 13:24:57,,,,,,24.6,1008.76,146.67,83
2026-05-06 13:25:02,,,,,,24.6,1008.77,135.0,82
2026-05-06 13:25:07,,,,,,24.7,1008.75,125.83,82
2026-05-06 13:25:12,,,,,,24.7,1008.73,120.0,82
2026-05-06 13:25:17,,,,,,24.8,1008.8,121.67,81
2026-05-06 13:25:22,,,,,,24.8,1008.76,100.0,81
2026-05-06 13:25:27,,,,,,24.9,1008.76,101.67,81
2026-05-06 13:25:32,,,,,,24.9,1008.78,97.5,80
2026-05-06 13:25:37,,,,,,25.0,1008.74,93.33,79
2026-05-06 13:25:42,,,,,,25.0,1008.67,130.0,79
2026-05-06 13:25:47,,,,,,25.1,1008.85,120.83,80
2026-05-06 13:25:52,,,,,,25.1,1008.73,124.17,79
2026-05-06 13:25:57,,,,,,25.2,1008.73,134.17,78
2026-05-06 13:26:02,,,,,,25.2,1008.73,145.0,79
2026-05-06 13:26:07,,,,,,25.3,1008.77,94.17,78
2026-05-06 13:26:12,,,,,,25.4,1008.73,0.0,76
2026-05-06 13:26:17,,,,,,25.4,1008.71,0.0,76
2026-05-06 13:26:22,,,,,,25.5,1008.76,0.0,76
2026-05-06 13:26:27,,,,,,25.5,1008.75,0.0,75
2026-05-06 13:26:32,,,,,,25.6,1008.73,0.0,74
2026-05-06 13:26:37,,,,,,25.6,1008.81,0.0,79
2026-05-06 13:26:42,,,,,,25.7,1008.78,0.0,78
2026-05-06 13:26:47,,,,,,25.7,1008.79,0.0,77
2026-05-06 13:26:52,,,,,,25.8,1008.78,0.0,79
2026-05-06 13:26:57,,,,,,25.8,1008.78,0.0,78
2026-05-06 13:27:02,,,,,,25.9,1008.7,0.0,77
2026-05-06 13:27:07,,,,,,25.9,1008.78,0.0,76
2026-05-06 13:27:12,,,,,,26.0,1008.81,0.0,77
2026-05-06 13:27:17,,,,,,26.0,1008.7,0.0,75
2026-05-06 13:27:22,,,,,,26.0,1008.78,0.0,78
2026-05-06 13:27:27,,,,,,26.0,1008.69,0.0,77
2026-05-06 13:27:32,,,,,,26.1,1008.76,0.0,76
2026-05-06 13:27:37,,,,,,26.2,1008.73,0.0,76
2026-05-06 13:27:42,,,,,,26.2,1008.82,0.0,75
2026-05-06 13:27:47,,,,,,26.3,1008.76,0.0,76
2026-05-06 13:27:52,,,,,,26.3,1008.74,0.0,76
2026-05-06 13:27:57,,,,,,26.4,1008.72,0.0,75
2026-05-06 13:28:02,,,,,,26.4,1008.8,0.0,74
2026-05-06 13:28:07,,,,,,26.5,1008.81,0.0,76
2026-05-06 13:28:12,,,,,,26.5,1008.89,0.0,78
2026-05-06 13:28:17,,,,,,26.5,1008.8,0.0,75
2026-05-06 13:28:22,,,,,,26.6,1008.8,0.0,76
2026-05-06 13:28:27,,,,,,26.6,1008.84,0.0,74
2026-05-06 13:28:32,,,,,,26.7,1008.76,0.0,75
2026-05-06 13:28:37,,,,,,26.7,1008.75,0.0,76
2026-05-06 13:28:42,,,,,,26.8,1008.78,0.0,79
2026-05-06 13:28:47,,,,,,26.8,1008.72,0.0,78
2026-05-06 13:28:52,,,,,,26.9,1008.78,0.0,78
2026-05-06 13:28:57,,,,,,26.9,1008.75,0.0,77
2026-05-06 13:29:02,,,,,,26.9,1008.82,0.0,76
2026-05-06 13:29:07,,,,,,27.0,1008.71,0.0,76
2026-05-06 13:29:12,,,,,,27.1,1008.74,0.0,76
2026-05-06 13:29:17,,,,,,27.1,1008.77,0.0,75
2026-05-06 13:29:22,,,,,,27.1,1008.81,0.0,75
2026-05-06 13:29:27,,,,,,27.2,1008.81,0.0,76
2026-05-06 13:29:32,,,,,,27.2,1008.74,0.0,77
2026-05-06 13:29:37,,,,,,27.3,1008.73,0.0,76
2026-05-06 13:29:42,,,,,,27.3,1008.91,0.0,76
2026-05-06 13:29:47,,,,,,27.3,1008.81,0.0,77
2026-05-06 13:29:52,,,,,,27.4,1008.76,0.0,76
2026-05-06 13:29:57,,,,,,27.4,1008.8,0.0,76
2026-05-06 13:30:02,,,,,,27.4,1008.76,0.0,76
2026-05-06 13:30:07,,,,,,27.5,1008.88,0.0,76
2026-05-06 13:30:12,,,,,,27.5,1008.89,0.0,75
2026-05-06 13:30:17,,,,,,27.5,1008.8,0.0,75
2026-05-06 13:30:22,,,,,,27.5,1008.82,0.0,51
2026-05-06 13:30:27,,,,,,27.6,1008.78,0.0,50
2026-05-06 13:30:32,,,,,,27.6,1008.85,0.0,46
2026-05-06 14:07:21,,,,,,18.1,1011.16,9945.0,44
2026-05-08 13:06:07,110426.0,,,,,69.1,683.79,-1.0,108
2026-05-08 13:06:12,110431.0,,,,,63.4,639.53,-1.0,104
2026-05-08 13:06:17,110436.0,,,,,60.6,617.62,-1.0,102
2026-05-08 13:06:22,110441.0,,,,,54.8,574.24,-1.0,98
2026-05-08 13:06:27,110447.0,,,,,51.9,552.73,-1.0,96
2026-05-08 13:06:32,110452.0,,,,,22.7,1020.21,654.17,93
2026-05-08 13:06:37,110457.0,,,,,22.9,1020.3,612.5,91
2026-05-08 13:06:42,110501.0,,,,,23.0,1020.24,627.5,91
2026-05-08 13:06:47,110507.0,,,,,23.0,1020.21,616.67,90
2026-05-08 13:06:52,110512.0,,,,,23.1,1020.3,603.33,89
2026-05-08 13:06:57,110517.0,,,,,23.1,1020.25,567.5,86
2026-05-08 13:07:02,110522.0,,,,,23.1,1020.36,560.0,86
2026-05-08 13:07:07,110527.0,,,,,23.2,1020.36,569.17,84
2026-05-08 13:07:12,110531.0,,,,,23.1,1020.3,568.33,83
2026-05-08 13:07:17,110537.0,,,,,22.9,1020.23,578.33,81
2026-05-08 13:07:22,110542.0,,,,,23.0,1020.27,573.33,81
2026-05-08 13:07:27,110547.0,,,,,22.8,1020.28,578.33,79
2026-05-08 13:07:32,110552.0,,,,,22.8,1020.25,547.5,78
2026-05-08 13:07:37,110557.01,,,,,22.9,1020.2,549.17,77
2026-05-08 13:07:42,110600.99,,,,,22.8,1020.28,555.0,76
2026-05-08 13:07:47,110607.0,,,,,22.7,1020.23,566.67,75
2026-05-08 13:07:52,110612.0,,,,,22.6,1020.26,575.0,74
2026-05-08 13:07:57,110617.0,,,,,22.7,1020.25,524.17,73
2026-05-08 13:08:02,110622.0,,,,,22.7,1020.22,547.5,73
2026-05-08 13:08:07,110627.0,,,,,22.7,1020.23,575.0,71
2026-05-08 13:08:12,110631.0,,,,,22.8,1020.3,588.33,71
2026-05-08 13:08:17,110637.0,,,,,22.9,1020.2,600.0,70
2026-05-08 13:08:22,110642.0,,,,,22.9,1020.24,574.17,70
2026-05-08 13:08:28,110647.0,,,,,22.8,1020.27,579.17,69
2026-05-08 13:08:33,110652.0,,,,,22.8,1020.22,591.67,69
2026-05-08 13:08:38,110656.99,,,,,22.9,1020.24,560.83,68
2026-05-08 13:08:43,110701.0,,,,,22.9,1020.24,562.5,68
2026-05-08 13:08:48,110707.0,,,,,23.0,1020.29,588.33,67
2026-05-08 13:08:53,110711.99,,,,,23.1,1020.2,556.67,66
2026-05-08 13:08:58,110717.0,,,,,23.1,1020.27,570.0,67
2026-05-08 13:09:03,110722.0,,,,,23.2,1020.19,591.67,66
2026-05-08 13:09:08,110727.0,,,,,23.1,1020.25,566.67,65
2026-05-08 13:09:13,110732.01,,,,,22.6,1020.28,546.67,63
2026-05-08 13:09:18,110737.0,,,,,22.4,1020.22,583.33,64
2026-05-08 13:09:23,110742.0,,,,,22.5,1020.21,531.67,63
2026-05-08 13:09:28,110747.0,,,,,22.2,1020.14,553.33,63
2026-05-08 13:09:33,110752.0,,,,,22.2,1020.23,573.33,62
2026-05-08 13:09:38,110757.0,,,,,22.1,1020.21,561.67,62
2026-05-08 13:09:43,110802.0,,,,,22.2,1020.11,584.17,62
2026-05-08 13:09:48,110807.0,,,,,22.2,1020.2,573.33,61
2026-05-08 13:09:53,110812.0,,,,,22.3,1020.23,580.83,61
2026-05-08 13:09:58,110817.0,,,,,22.3,1020.23,577.5,60
2026-05-08 13:10:03,110822.0,,,,,22.4,1020.26,580.83,61
2026-05-08 13:10:08,110827.0,,,,,22.5,1020.22,595.83,61
2026-05-08 13:10:13,110832.0,,,,,22.6,1020.24,587.5,60
2026-05-08 13:10:18,110837.0,,,,,22.7,1020.22,570.0,60
2026-05-08 13:10:23,110842.0,,,,,22.8,1020.3,624.17,61
2026-05-08 13:10:28,110847.0,,,,,22.8,1020.2,625.83,60
2026-05-08 13:10:33,110852.0,,,,,22.9,1020.16,590.0,60
2026-05-08 13:10:38,110857.0,,,,,22.9,1020.22,563.33,59
2026-05-08 13:10:43,110902.0,,,,,22.9,1020.25,577.5,60
2026-05-08 13:10:48,110907.0,,,,,22.9,1020.22,555.83,59
2026-05-08 13:10:53,110912.0,,,,,22.9,1020.24,572.5,60
2026-05-08 13:10:58,110917.0,,,,,22.9,1020.22,503.33,59
2026-05-08 13:11:03,110922.0,,,,,22.9,1020.22,569.17,58
2026-05-08 13:11:08,110927.0,,,,,22.9,1020.2,548.33,59
2026-05-08 13:11:13,110932.0,,,,,22.9,1020.23,530.83,58
2026-05-08 13:11:18,110937.0,,,,,22.9,1020.24,545.83,59
2026-05-08 13:11:23,110942.0,,,,,23.0,1020.22,552.5,57
2026-05-08 13:11:28,110947.0,,,,,23.0,1020.25,490.83,59
2026-05-08 13:11:33,110952.0,,,,,23.0,1020.28,467.5,58
2026-05-08 13:11:38,110957.0,,,,,23.1,1020.25,575.83,59
2026-05-08 13:11:43,111002.0,,,,,23.1,1020.23,555.0,59
2026-05-08 13:11:48,111007.0,5221.40686,N,452.79533,E,23.1,1020.17,557.5,57
2026-05-08 13:11:53,111012.0,5221.40556,N,452.80471,E,23.1,1020.25,560.0,58
2026-05-08 13:11:58,111017.0,5221.40637,N,452.79918,E,23.1,1020.22,366.67,57
2026-05-08 13:12:03,111022.0,5221.40711,N,452.79405,E,23.1,1020.28,525.0,57
2026-05-08 13:12:08,111027.0,5221.40742,N,452.79133,E,23.1,1020.25,531.67,58
2026-05-08 13:12:13,111032.0,5221.40712,N,452.79395,E,23.1,1020.25,535.0,57
2026-05-08 13:12:18,111037.0,5221.40673,N,452.79596,E,23.1,1020.28,534.17,56
2026-05-08 13:12:23,111042.0,5221.40637,N,452.7977,E,23.1,1020.21,533.33,56
2026-05-08 13:12:28,111047.0,5221.40638,N,452.79787,E,23.0,1020.23,535.0,56
2026-05-08 13:12:33,111052.0,5221.40595,N,452.79764,E,23.0,1020.26,573.33,56
2026-05-08 13:12:38,111057.0,5221.40652,N,452.79354,E,23.0,1020.24,569.17,55
2026-05-08 13:12:43,111102.0,5221.4071,N,452.78918,E,23.0,1020.15,564.17,56
2026-05-08 13:12:48,111107.0,5221.4058,N,452.79935,E,22.8,1020.19,2877.5,55
2026-05-08 13:12:53,111110.0,5221.4045,N,452.80967,E,22.7,1020.19,2896.67,54
2026-05-08 13:12:58,111115.0,5221.40406,N,452.81153,E,22.6,1020.23,2885.83,55
2026-05-08 13:13:03,111120.0,5221.40498,N,452.80072,E,22.5,1020.19,755.83,53
2026-05-08 13:13:08,111125.0,5221.40511,N,452.79653,E,22.7,1020.19,747.5,54
2026-05-08 13:13:13,111130.0,5221.40593,N,452.79505,E,22.8,1020.25,762.5,54
2026-05-08 13:13:18,111135.0,5221.40595,N,452.79461,E,22.8,1020.25,760.83,55
2026-05-08 13:13:23,111140.0,5221.40506,N,452.80041,E,22.9,1020.26,761.67,55
2026-05-08 13:13:28,111145.0,5221.40363,N,452.81246,E,22.9,1020.27,765.83,54
2026-05-08 13:13:33,111150.0,5221.40187,N,452.82327,E,22.8,1020.33,764.17,54
2026-05-08 13:13:38,111155.0,,,,,22.9,1020.25,778.33,54
2026-05-08 13:13:43,111200.0,5221.40016,N,452.83723,E,22.8,1020.26,780.83,55
2026-05-08 13:13:48,111205.0,,,,,22.8,1020.28,730.83,54
2026-05-08 13:13:53,111210.0,5221.38943,N,452.91837,E,22.8,1020.2,730.0,54
2026-05-08 13:13:58,111215.0,5221.38506,N,452.94773,E,22.7,1020.17,801.67,54
2026-05-08 13:14:03,111220.0,,,,,22.7,1020.25,769.17,53
2026-05-08 13:14:08,111225.0,,,,,22.7,1020.23,758.33,53
2026-05-08 13:14:13,111230.0,,,,,22.6,1020.24,773.33,53
2026-05-08 13:14:18,111235.0,,,,,22.6,1020.3,766.67,54
2026-05-08 13:14:23,111240.0,5221.39422,N,452.87859,E,22.6,1020.21,743.33,53
2026-05-08 13:14:28,111245.0,5221.39917,N,452.84079,E,22.6,1020.18,743.33,53
2026-05-08 13:14:33,111250.0,5221.4017,N,452.82512,E,22.7,1020.28,753.33,53
2026-05-08 13:14:38,111255.0,5221.40255,N,452.81342,E,22.7,1020.21,742.5,52
2026-05-08 13:14:43,111300.0,5221.4029,N,452.80806,E,22.8,1020.17,736.67,52
2026-05-08 13:14:48,111305.0,5221.40217,N,452.8051,E,22.8,1020.22,751.67,53
2026-05-08 13:14:53,111310.0,5221.40205,N,452.80441,E,22.8,1020.23,743.33,52
2026-05-08 13:14:58,111315.0,5221.4009,N,452.80426,E,22.8,1020.27,764.17,54
2026-05-08 13:15:03,111320.0,5221.40163,N,452.79719,E,22.8,1020.22,761.67,53
2026-05-08 13:15:08,111325.0,5221.40315,N,452.7955,E,22.7,1020.14,2785.0,52
2026-05-08 13:15:13,111330.0,5221.40399,N,452.79276,E,22.4,1020.2,3033.33,52
2026-05-08 13:15:18,111335.0,5221.40432,N,452.7965,E,22.2,1020.15,3018.33,52
2026-05-08 13:15:23,111340.0,5221.40429,N,452.79841,E,22.0,1020.26,2938.33,53
2026-05-08 13:15:28,111345.0,5221.40382,N,452.7986,E,21.6,179.85,-1.0,54
2026-05-08 13:15:33,111350.0,5221.40324,N,452.77986,E,21.5,1019.99,4911.67,52
2026-05-08 13:15:38,111355.0,5221.40239,N,452.79312,E,21.5,1020.1,4719.17,51
2026-05-08 13:15:43,111400.0,5221.40346,N,452.79216,E,21.4,1019.9,5958.33,53
2026-05-08 13:15:48,111405.0,5221.40374,N,452.78869,E,21.6,1019.9,5761.67,51
2026-05-08 13:15:53,111410.0,5221.405,N,452.7856,E,21.5,1019.51,5856.67,51
2026-05-08 13:15:58,111415.0,,,,,21.2,1019.92,3405.83,53
2026-05-08 13:16:03,111420.0,5221.39214,N,452.80059,E,20.5,1018.7,25367.5,50
2026-05-08 13:16:08,111425.0,5221.40261,N,452.7959,E,21.6,1019.97,4743.33,49
2026-05-08 13:16:13,111430.0,5221.40667,N,452.79579,E,-53.5,65.34,-1.0,48
2026-05-08 13:16:18,111435.0,5221.4077,N,452.79563,E,21.9,1019.95,5768.33,50
2026-05-08 13:16:23,111440.0,5221.40884,N,452.79509,E,21.9,1019.82,7605.83,48
2026-05-08 13:16:28,111445.0,5221.40909,N,452.79631,E,22.0,1019.67,5306.67,48
2026-05-08 13:16:33,111450.0,5221.40958,N,452.79523,E,22.1,1019.98,3685.0,49
2026-05-08 13:16:38,111455.0,5221.40957,N,452.7941,E,22.0,1019.85,54612.5,49
2026-05-08 13:16:43,111500.0,5221.40954,N,452.79441,E,-53.5,65.34,-1.0,48
2026-05-08 13:16:48,111505.0,5221.41009,N,452.79516,E,-48.2,822.63,5790.83,49
2026-05-08 13:16:53,111510.0,5221.41039,N,452.79572,E,21.8,1018.74,35746.66,48
2026-05-08 13:16:58,111515.0,5221.41079,N,452.79414,E,-48.2,76.34,-1.0,49
2026-05-08 13:17:03,111520.0,5221.41141,N,452.792,E,22.3,1019.49,8935.83,48
2026-05-08 13:17:08,111525.0,5221.41001,N,452.787,E,-48.2,76.34,-1.0,49
2026-05-08 13:17:13,111530.0,5221.41228,N,452.78286,E,-48.2,76.34,-1.0,49
2026-05-08 13:17:18,111535.0,5221.41551,N,452.77868,E,22.1,157.61,-1.0,51
2026-05-08 13:17:23,111540.0,5221.41966,N,452.7739,E,22.2,1019.64,35002.5,51
2026-05-08 13:17:28,111545.0,5221.42372,N,452.77133,E,22.3,1019.66,24728.33,50
2026-05-08 13:17:33,111550.0,5221.4185,N,452.77357,E,22.5,1019.58,51515.83,49
2026-05-08 13:17:38,111555.0,5221.37576,N,452.75647,E,-48.2,76.34,-1.0,49
2026-05-08 13:17:43,111600.0,5221.40133,N,452.75729,E,22.9,1020.04,3761.67,50
2026-05-08 13:17:48,111605.0,5221.42598,N,452.77382,E,22.9,1019.9,54612.5,50
2026-05-08 13:17:53,111610.0,5221.4338,N,452.77909,E,22.9,1019.87,6897.5,49
2026-05-08 13:17:58,111615.0,5221.43835,N,452.78297,E,22.7,1019.34,54612.5,48
2026-05-08 13:18:03,111620.0,5221.44141,N,452.78395,E,23.0,1019.92,6586.67,49
2026-05-08 13:18:08,111625.0,5221.44267,N,452.78973,E,23.1,1020.03,4652.5,48
2026-05-08 13:18:13,111630.0,5221.44588,N,452.79655,E,22.8,1019.43,54612.5,47
2026-05-08 13:18:18,111635.0,5221.44775,N,452.80341,E,22.9,1019.58,15143.33,48
2026-05-08 13:18:23,111640.0,5221.44823,N,452.80802,E,22.9,1019.49,54612.5,47
2026-05-08 13:18:28,111645.0,5221.45107,N,452.81436,E,23.2,1020.01,4914.17,47
2026-05-08 13:18:33,111650.0,5221.45394,N,452.81788,E,-59.4,54.02,-1.0,47
2026-05-08 13:18:38,111655.0,5221.45697,N,452.82298,E,-59.4,54.02,-1.0,47
2026-05-08 13:18:43,111700.0,5221.45986,N,452.82822,E,23.1,1019.99,4603.33,47
2026-05-08 13:18:48,111705.0,5221.46207,N,452.83133,E,23.0,1019.94,34912.5,48
2026-05-08 13:18:54,111710.0,5221.46633,N,452.83223,E,-66.2,42.25,34912.5,46
2026-05-08 13:19:00,111715.0,5221.46666,N,452.83526,E,-66.2,42.25,34912.5,46
2026-05-08 13:19:06,111720.0,5221.46633,N,452.84424,E,-66.2,42.25,-1.0,46
2026-05-08 13:19:12,111725.0,5221.46392,N,452.84954,E,-66.2,42.25,34912.5,46
2026-05-08 13:19:18,111730.0,5221.46226,N,452.85339,E,-66.2,42.25,34912.5,46
2026-05-08 13:19:24,111735.0,5221.46095,N,452.85741,E,-66.2,42.25,34912.5,46
2026-05-08 13:19:30,111740.0,5221.46061,N,452.86309,E,-66.2,42.25,-1.0,46
2026-05-08 13:19:36,111745.0,5221.46038,N,452.86855,E,-66.2,42.25,34912.5,46
2026-05-08 13:19:43,111750.0,5221.46133,N,452.87413,E,-66.2,42.25,-1.0,46
2026-05-08 13:19:49,111755.0,5221.46283,N,452.87994,E,-59.4,54.02,-1.0,47
2026-05-08 13:19:55,111800.0,5221.46385,N,452.88585,E,-66.2,42.25,-1.0,46
2026-05-08 13:20:01,111805.0,5221.46656,N,452.8911,E,-53.5,65.34,34912.5,48
2026-05-08 13:20:07,111810.0,5221.46956,N,452.89531,E,-59.4,54.02,-1.0,47
2026-05-08 13:20:13,111815.0,5221.47238,N,452.89958,E,-66.2,42.25,-1.0,46
2026-05-08 13:20:19,111820.0,5221.47501,N,452.90319,E,-59.4,54.02,-1.0,47
2026-05-08 13:20:25,111825.0,5221.47699,N,452.90847,E,-66.2,42.25,-1.0,46
2026-05-08 13:20:31,111831.0,5221.47938,N,452.91461,E,-59.4,54.02,-1.0,47
2026-05-08 13:20:37,111836.0,5221.4814,N,452.91884,E,-59.4,54.02,34912.5,47
2026-05-08 13:20:43,111841.0,5221.48366,N,452.92327,E,-59.4,54.02,-1.0,47
2026-05-08 13:20:49,111846.0,5221.48691,N,452.92678,E,-53.5,65.34,-1.0,48
2026-05-08 13:20:55,111851.0,5221.48935,N,452.93023,E,-66.2,42.25,-1.0,46
2026-05-08 13:21:01,111856.0,5221.49152,N,452.93423,E,-66.2,42.25,-1.0,46
2026-05-08 13:21:07,111901.0,5221.49406,N,452.93744,E,-59.4,54.02,34912.5,47
2026-05-08 13:21:13,111906.0,5221.49648,N,452.94007,E,-53.5,65.34,-1.0,48
2026-05-08 13:21:19,111911.0,5221.49946,N,452.942,E,-59.4,54.02,34912.5,47
2026-05-08 13:21:26,111916.0,5221.50266,N,452.94396,E,-59.4,54.02,-1.0,47
2026-05-08 13:21:32,111921.0,5221.50593,N,452.94443,E,-59.4,54.02,34912.5,47
2026-05-08 13:21:38,111926.0,5221.51221,N,452.94052,E,-53.5,65.34,34912.5,48
2026-05-08 13:21:44,111931.0,5221.51662,N,452.93671,E,-53.5,65.34,-1.0,48
2026-05-08 13:21:50,111936.0,5221.51866,N,452.9355,E,-53.5,65.34,34912.5,48
2026-05-08 13:21:56,111941.0,5221.52317,N,452.93241,E,-59.4,54.02,-1.0,47
2026-05-08 13:22:02,111946.0,5221.52666,N,452.92952,E,-53.5,65.34,-1.0,48
2026-05-08 13:22:08,111951.0,5221.52963,N,452.92693,E,-48.2,76.34,-1.0,49
2026-05-08 13:22:14,112031.0,5221.55049,N,452.94748,E,,,,36
2026-05-08 13:22:19,112036.0,5221.54534,N,452.95372,E,,,,42
2026-05-08 13:22:36,112053.0,5221.54935,N,452.96219,E,23.3,1019.88,21702.5,50
2026-05-08 13:22:49,112106.0,5221.55219,N,452.97313,E,23.4,1019.94,1968.33,48
2026-05-08 13:23:05,112122.0,5221.55496,N,452.98689,E,23.5,1019.91,7510.83,49
2026-05-08 13:23:10,112127.0,5221.5568,N,452.99143,E,23.4,1019.78,14951.67,52
2026-05-08 13:23:24,112141.0,5221.5606,N,452.99132,E,,,,50
2026-05-08 13:23:52,112209.0,5221.56187,N,452.99196,E,22.1,1019.87,3742.5,48
2026-05-08 13:23:57,112214.0,5221.56157,N,452.99248,E,-53.5,65.34,-1.0,48
2026-05-08 13:24:02,112219.0,5221.56134,N,452.99453,E,-31.6,118.18,-1.0,53
2026-05-08 13:24:07,112224.0,5221.56185,N,452.99866,E,22.3,1019.77,5505.0,65
2026-05-08 13:24:12,112229.0,5221.56205,N,453.0028,E,22.3,1019.73,3734.17,49
2026-05-08 13:24:17,112234.0,5221.56346,N,453.00581,E,22.2,1019.71,2999.17,50
2026-05-08 13:24:22,112239.0,5221.56327,N,453.00996,E,21.5,1018.47,54612.5,49
2026-05-08 13:24:27,112244.0,5221.56387,N,453.01527,E,21.8,1018.19,54612.5,48
2026-05-08 13:24:32,112249.0,5221.56474,N,453.02014,E,22.1,1018.32,54612.5,48
2026-05-08 13:24:37,112254.0,5221.56275,N,453.02744,E,22.6,1018.35,54612.5,48
2026-05-08 13:24:42,112259.0,5221.56355,N,453.02961,E,22.9,1018.18,37324.16,47
2026-05-08 13:24:47,112304.0,5221.5645,N,453.02899,E,23.8,1019.38,8946.67,48
2026-05-08 13:24:52,112309.0,5221.56746,N,453.02854,E,23.6,1019.07,8335.83,48
2026-05-08 13:24:57,112314.0,5221.57154,N,453.02943,E,24.2,1019.94,12643.33,49
2026-05-08 13:25:02,112319.0,5221.57408,N,453.03017,E,23.9,1019.32,54612.5,48
2026-05-08 13:25:07,112324.0,5221.5742,N,453.02698,E,23.9,1019.22,54612.5,48
2026-05-08 13:25:12,112329.0,5221.57825,N,453.02265,E,24.0,1019.53,4779.17,48
2026-05-08 13:25:17,112334.0,5221.57762,N,453.02166,E,24.1,1019.91,2788.33,47
2026-05-08 13:25:22,112339.0,5221.57995,N,453.01861,E,24.1,1019.82,4324.17,46
2026-05-08 13:25:27,112344.0,5221.5806,N,453.01573,E,23.9,1019.34,54612.5,47
2026-05-08 13:25:32,112349.0,5221.5902,N,453.01438,E,24.1,1019.93,11137.5,48
2026-05-08 13:25:37,112354.0,5221.59445,N,453.01317,E,23.8,1019.48,23855.83,47
2026-05-08 13:25:42,112359.0,5221.59999,N,453.01009,E,23.8,1019.38,6582.5,47
2026-05-08 13:25:47,112404.0,5221.60395,N,453.00739,E,23.7,1019.38,26398.33,47
2026-05-08 13:25:52,112409.0,5221.60476,N,453.0059,E,23.7,1019.44,8080.0,47
2026-05-08 13:25:57,112414.0,5221.60955,N,453.00183,E,23.6,1019.39,54612.5,46
2026-05-08 13:26:02,112419.0,5221.6146,N,453.00287,E,23.7,1019.99,3627.5,46
2026-05-08 13:26:07,112424.0,5221.61703,N,453.00737,E,23.6,1019.92,3616.67,46
2026-05-08 13:26:12,112429.0,5221.61877,N,453.01321,E,23.6,1019.89,2526.67,47
2026-05-08 13:26:17,112434.0,5221.6196,N,453.01902,E,23.5,1019.87,2492.5,46
2026-05-08 13:26:22,112439.0,5221.62049,N,453.02328,E,23.5,1019.92,3650.0,46
2026-05-08 13:26:27,112444.0,5221.62311,N,453.02647,E,23.5,1019.99,1316.67,46
2026-05-08 13:26:32,112449.0,5221.62276,N,453.03167,E,23.4,1019.91,1792.5,47
2026-05-08 13:26:37,112454.0,5221.62444,N,453.03672,E,22.5,1018.33,54612.5,46
2026-05-08 13:26:42,112459.0,5221.62517,N,453.04365,E,22.8,1018.54,54612.5,46
2026-05-08 13:26:47,112504.0,5221.62658,N,453.05107,E,22.9,1018.3,54612.5,46
2026-05-08 13:26:52,112509.0,5221.62827,N,453.05627,E,23.7,1019.72,31950.0,49
2026-05-08 13:26:57,112514.0,5221.62947,N,453.06201,E,22.9,1018.13,38169.16,46
2026-05-08 13:27:02,112519.0,5221.63101,N,453.06753,E,23.8,1019.84,2025.83,46
2026-05-08 13:27:07,112524.0,5221.63264,N,453.07244,E,23.6,1019.87,1565.0,47
2026-05-08 13:27:12,112529.0,5221.63431,N,453.07652,E,23.5,1019.99,2158.33,46
2026-05-08 13:27:17,112534.0,5221.63612,N,453.08002,E,22.5,1019.86,2639.17,46
2026-05-08 13:27:22,112539.0,5221.63655,N,453.08388,E,21.7,1019.86,3108.33,48
2026-05-08 13:27:27,112544.0,5221.63826,N,453.08845,E,21.6,1019.86,2700.0,46
2026-05-08 13:27:32,112549.0,5221.63964,N,453.0925,E,21.0,1019.18,54612.5,47
2026-05-08 13:27:37,112554.0,5221.64124,N,453.0979,E,20.7,1018.47,54612.5,47
2026-05-08 13:27:42,112559.0,5221.64307,N,453.10382,E,20.6,1018.28,54612.5,47
2026-05-08 13:27:47,112604.0,5221.64373,N,453.10949,E,21.1,1018.27,54612.5,47
2026-05-08 13:27:52,112609.0,5221.64317,N,453.11509,E,22.1,1018.98,54612.5,47
2026-05-08 13:27:57,112614.0,5221.64234,N,453.11908,E,22.2,1017.98,54612.5,46
2026-05-08 13:28:02,112619.0,5221.64058,N,453.12355,E,22.9,1018.18,54612.5,48
2026-05-08 13:28:07,112624.0,5221.63851,N,453.12816,E,23.7,1019.87,4112.5,47
2026-05-08 13:28:12,112629.0,5221.63737,N,453.1322,E,23.6,1019.86,3477.5,45
2026-05-08 13:28:17,112634.0,5221.63536,N,453.13648,E,23.3,1018.36,54612.5,47
2026-05-08 13:28:22,112639.0,5221.63488,N,453.14185,E,24.1,1019.62,28398.33,47
2026-05-08 13:28:27,112644.0,5221.63831,N,453.14634,E,23.9,1019.84,5515.83,46
2026-05-08 13:28:32,112649.0,5221.64139,N,453.15118,E,23.4,1019.02,54612.5,48
2026-05-08 13:28:37,112654.0,5221.64321,N,453.15721,E,23.3,1018.07,54612.5,46
2026-05-08 13:28:42,112659.0,5221.64291,N,453.16267,E,24.0,1018.36,22044.17,46
2026-05-08 13:28:47,112704.0,5221.6425,N,453.16536,E,23.8,1017.68,54612.5,48
2026-05-08 13:28:52,112709.0,5221.64008,N,453.17072,E,24.7,1018.17,54612.5,47
2026-05-08 13:28:57,112714.0,5221.63885,N,453.17586,E,25.3,1018.22,54612.5,47
2026-05-08 13:29:02,112719.0,5221.63687,N,453.18095,E,25.6,1018.41,54612.5,47
2026-05-08 13:29:07,112724.0,5221.63516,N,453.18507,E,25.8,1018.35,54612.5,45
2026-05-08 13:29:12,112729.0,5221.63297,N,453.18858,E,26.7,1019.78,5779.17,46
2026-05-08 13:29:17,112734.0,5221.63075,N,453.1914,E,26.6,1019.77,4992.5,45
2026-05-08 13:29:22,112739.0,5221.63008,N,453.19388,E,26.4,1019.68,2476.67,45
2026-05-08 13:29:27,112744.0,5221.62994,N,453.19662,E,25.4,1018.06,50835.0,46
2026-05-08 13:29:32,112749.0,5221.62932,N,453.20048,E,25.8,1018.18,54612.5,45
2026-05-08 13:29:37,112754.0,5221.62698,N,453.20801,E,26.9,1019.76,3645.83,44
2026-05-08 13:29:42,112800.0,5221.62557,N,453.21248,E,26.8,1019.77,858.33,45
2026-05-08 13:29:48,112805.0,5221.62407,N,453.21479,E,25.5,1017.02,54612.5,45
2026-05-08 13:29:53,112810.0,5221.62074,N,453.22069,E,26.6,1018.34,34549.16,46
2026-05-08 13:29:58,112815.0,5221.61678,N,453.226,E,26.7,1018.35,54612.5,44
2026-05-08 13:30:03,112820.0,5221.61372,N,453.23197,E,26.9,1018.31,54612.5,47
2026-05-08 13:30:08,112825.0,5221.60923,N,453.23812,E,27.2,1019.34,6346.67,45
2026-05-08 13:30:13,112830.0,5221.60343,N,453.24376,E,26.8,1019.8,1901.67,46
2026-05-08 13:30:18,112835.0,5221.59902,N,453.24743,E,26.2,1019.79,2348.33,47
2026-05-08 13:30:23,112840.0,5221.59499,N,453.25074,E,25.4,1018.49,54612.5,46
2026-05-08 13:30:28,112845.0,5221.59126,N,453.25504,E,25.5,115.12,-1.0,45
2026-05-08 13:30:33,112850.0,5221.58856,N,453.26078,E,26.7,1019.56,9540.0,45
2026-05-08 13:30:38,112855.0,5221.58572,N,453.26592,E,26.4,1019.89,1580.83,45
2026-05-08 13:30:43,112900.0,5221.5823,N,453.26762,E,26.0,1019.77,9761.67,45
2026-05-08 13:30:48,112905.0,5221.57991,N,453.27097,E,25.7,1019.69,23206.67,45
2026-05-08 13:30:53,112910.0,5221.57684,N,453.27381,E,25.6,1019.68,27059.17,45
2026-05-08 13:30:58,112915.0,5221.57432,N,453.27683,E,25.3,1019.43,7266.67,45
2026-05-08 13:31:03,112920.0,5221.57228,N,453.27923,E,25.2,1019.76,14349.17,46
2026-05-08 13:31:08,112925.0,5221.57148,N,453.27961,E,25.0,1019.39,18722.5,46
2026-05-08 13:31:13,112930.0,5221.57121,N,453.27997,E,25.1,1019.74,30716.67,44
2026-05-08 13:31:18,112935.0,5221.57056,N,453.28015,E,24.8,1019.79,28113.33,44
2026-05-08 13:31:23,112940.0,5221.56978,N,453.27995,E,24.7,1019.7,30576.67,44
2026-05-08 13:31:28,112945.0,5221.56947,N,453.27971,E,24.6,1019.52,9065.83,45
2026-05-08 13:31:33,112950.0,5221.56927,N,453.2793,E,24.7,1019.55,14669.17,45
2026-05-08 13:31:38,112955.0,5221.56903,N,453.27903,E,24.7,1019.76,7991.67,44
2026-05-08 13:31:43,113000.0,5221.569,N,453.27885,E,24.1,1019.57,12039.17,44
2026-05-08 13:31:48,113005.0,5221.56902,N,453.27883,E,24.1,1019.81,16920.0,44
2026-05-08 13:31:53,113010.0,5221.56902,N,453.27925,E,23.9,1019.71,2643.33,44
2026-05-08 13:31:58,113015.0,5221.56805,N,453.28052,E,23.9,1019.87,11437.5,43
2026-05-08 13:32:03,113020.0,5221.56648,N,453.28217,E,23.3,16.99,-1.0,44
2026-05-08 13:32:08,113025.0,5221.56377,N,453.28642,E,-83.3,16.99,-1.0,44
2026-05-08 13:32:13,113030.0,5221.56224,N,453.28997,E,-83.3,16.99,-1.0,44
2026-05-08 13:32:18,113035.0,5221.55978,N,453.29364,E,-83.3,16.99,-1.0,44
2026-05-08 13:32:23,113040.0,5221.55685,N,453.29724,E,-94.6,3.02,-1.0,43
2026-05-08 13:32:28,113045.0,5221.55478,N,453.29913,E,-83.3,16.99,-1.0,44
2026-05-08 13:32:33,113050.0,5221.5515,N,453.30094,E,-94.6,3.02,-1.0,43
2026-05-08 13:32:38,113055.0,5221.54869,N,453.30323,E,-83.3,16.99,-1.0,44
2026-05-08 13:32:43,113100.0,5221.54604,N,453.30823,E,23.8,1019.0,37585.83,44
2026-05-08 13:32:48,113105.0,5221.54358,N,453.31203,E,24.1,1019.69,7338.33,45
2026-05-08 13:32:53,113110.0,5221.54075,N,453.31459,E,23.2,1018.58,54612.5,46
2026-05-08 13:32:58,113115.0,5221.5379,N,453.32029,E,-66.2,42.25,-1.0,46
2026-05-08 13:33:03,113120.0,5221.53572,N,453.32455,E,-66.2,42.25,-1.0,46
2026-05-08 13:33:08,113125.0,5221.53367,N,453.32992,E,-74.0,29.97,-1.0,45
2026-05-08 13:33:13,113130.0,5221.53191,N,453.33155,E,-59.4,54.02,-1.0,47
2026-05-08 13:33:18,113135.0,5221.52908,N,453.33466,E,24.5,106.52,-1.0,44
2026-05-08 13:33:23,113140.0,5221.52598,N,453.33882,E,24.0,1018.53,43669.16,46
2026-05-08 13:33:28,113145.0,5221.52381,N,453.3443,E,24.8,1019.88,10808.33,46
2026-05-08 13:33:33,113150.0,5221.52184,N,453.34758,E,24.8,1019.84,7955.0,46
2026-05-08 13:33:38,113155.0,5221.52034,N,453.35269,E,24.7,1019.4,31490.0,45
2026-05-08 13:33:43,113200.0,5221.51802,N,453.35627,E,25.0,1019.89,7550.0,45
2026-05-08 13:33:48,113205.0,5221.51627,N,453.3601,E,24.4,1019.72,6326.67,46
2026-05-08 13:33:53,113210.0,5221.51431,N,453.36259,E,23.9,1019.79,22265.83,45
2026-05-08 13:33:58,113215.0,5221.51291,N,453.36662,E,23.5,1019.72,54612.5,47
2026-05-08 13:34:03,113220.0,5221.51211,N,453.3735,E,22.6,1018.69,45703.33,45
2026-05-08 13:34:08,113225.0,5221.51084,N,453.37941,E,22.5,1018.95,38230.83,45
2026-05-08 13:34:13,113230.0,5221.50853,N,453.38478,E,23.2,1019.54,31926.67,46
2026-05-08 13:34:18,113235.0,5221.50657,N,453.39073,E,23.2,1019.41,7539.17,46
2026-05-08 13:34:23,113240.0,5221.50623,N,453.39569,E,-66.2,42.25,-1.0,46
2026-05-08 13:34:28,113245.0,5221.50469,N,453.40256,E,23.2,1018.75,4904.17,45
2026-05-08 13:34:33,113250.0,5221.50435,N,453.4066,E,23.0,1018.36,54612.5,45
2026-05-08 13:34:38,113255.0,5221.50283,N,453.41269,E,23.4,1018.41,54612.5,46
2026-05-08 13:34:43,113300.0,5221.50464,N,453.41931,E,24.6,1019.83,11956.67,45
2026-05-08 13:34:48,113305.0,5221.50383,N,453.42244,E,24.6,1019.77,1772.5,44
2026-05-08 13:34:53,113310.0,5221.5026,N,453.4266,E,23.9,1018.04,42772.5,45
2026-05-08 13:34:58,113315.0,5221.50541,N,453.42934,E,24.2,1017.95,53969.16,44
2026-05-08 13:35:03,113320.0,5221.50372,N,453.43056,E,24.9,1018.69,54612.5,44
2026-05-08 13:35:08,113325.0,5221.50592,N,453.43142,E,25.2,1018.98,54612.5,44
2026-05-08 13:35:13,113330.0,5221.50491,N,453.43349,E,25.3,1018.81,54612.5,45
2026-05-08 13:35:18,113335.0,5221.5034,N,453.43438,E,25.4,1018.79,54612.5,44
2026-05-08 13:35:23,113340.0,5221.50286,N,453.4354,E,25.6,1018.81,54612.5,45
2026-05-08 13:35:28,113345.0,5221.50152,N,453.4359,E,25.7,1018.44,54612.5,46
2026-05-08 13:35:33,113350.0,5221.49786,N,453.43753,E,25.8,1018.62,54612.5,45
2026-05-08 13:35:38,113355.0,5221.49469,N,453.43982,E,25.6,1017.99,53351.66,46
2026-05-08 13:35:43,113400.0,5221.49217,N,453.44271,E,26.7,1019.94,3433.33,45
2026-05-08 13:35:48,113405.0,5221.49019,N,453.44234,E,26.4,1019.97,2793.33,45
2026-05-08 13:35:53,113410.0,5221.48777,N,453.44369,E,26.2,1020.0,2125.0,45
2026-05-08 13:35:58,113415.0,5221.48399,N,453.44531,E,25.8,1019.17,6982.5,47
2026-05-08 13:36:03,113420.0,5221.47849,N,453.45098,E,25.8,1019.01,7559.17,47
2026-05-08 13:36:08,113425.0,5221.47427,N,453.45447,E,26.1,1019.32,25980.0,45
2026-05-08 13:36:13,113430.0,5221.46882,N,453.45703,E,26.1,1019.02,16427.5,46
2026-05-08 13:36:18,113435.0,5221.46246,N,453.4582,E,26.3,1019.43,7985.0,46
2026-05-08 13:36:23,113440.0,5221.45631,N,453.45748,E,26.1,1018.81,54612.5,45
2026-05-08 13:36:28,113445.0,5221.45196,N,453.45361,E,26.6,1019.25,54612.5,46
2026-05-08 13:36:33,113450.0,5221.44312,N,453.45179,E,26.5,1018.71,54612.5,45
2026-05-08 13:36:38,113455.0,5221.43427,N,453.45269,E,26.9,1019.21,6640.83,46
2026-05-08 13:36:43,113500.0,5221.42085,N,453.45264,E,26.9,1018.76,54612.5,45
2026-05-08 13:36:48,113505.0,5221.42181,N,453.45001,E,27.3,1018.97,8442.5,44
2026-05-08 13:36:53,113510.0,5221.42157,N,453.44876,E,27.5,1019.15,6955.83,46
2026-05-08 13:36:58,113515.0,5221.41899,N,453.45212,E,27.6,1019.37,6235.0,45
2026-05-08 13:37:03,113520.0,5221.41493,N,453.45545,E,27.6,1019.11,54612.5,45
2026-05-08 13:37:08,113525.0,5221.41141,N,453.46118,E,27.9,1019.42,29025.83,44
2026-05-08 13:37:13,113530.0,5221.40632,N,453.46547,E,27.9,1019.37,24384.17,45
2026-05-08 13:37:18,113535.0,5221.40421,N,453.4713,E,28.2,1019.73,22960.83,46
2026-05-08 13:37:23,113540.0,5221.4063,N,453.47635,E,27.8,1019.03,7420.83,47
2026-05-08 13:37:28,113545.0,5221.40476,N,453.48062,E,27.9,1018.85,54612.5,45
2026-05-08 13:37:33,113550.0,5221.40238,N,453.48293,E,27.9,1018.9,54612.5,45
2026-05-08 13:37:38,113555.0,5221.40084,N,453.47671,E,28.2,1019.04,48691.66,46
2026-05-08 13:37:43,113600.0,5221.39872,N,453.4676,E,28.2,1019.13,54612.5,45
2026-05-08 13:37:48,113605.0,5221.39621,N,453.46476,E,28.2,1019.0,54612.5,44
2026-05-08 13:37:53,113610.0,5221.39321,N,453.4638,E,28.5,1019.31,54612.5,45
2026-05-08 13:37:58,113615.0,5221.39003,N,453.46216,E,28.7,1019.12,54612.5,47
2026-05-08 13:38:03,113620.0,5221.38599,N,453.46075,E,28.6,1018.76,54612.5,44
2026-05-08 13:38:08,113625.0,5221.38323,N,453.45798,E,29.2,1019.41,35073.33,45
2026-05-08 13:38:13,113630.0,5221.3794,N,453.45533,E,29.6,1019.96,1057.5,45
2026-05-08 13:38:18,113635.0,5221.37661,N,453.4524,E,29.2,1019.36,54612.5,45
2026-05-08 13:38:23,113640.0,5221.37305,N,453.4504,E,29.3,1019.49,54612.5,46
2026-05-08 13:38:28,113645.0,5221.37082,N,453.44485,E,29.0,1019.07,33281.66,46
2026-05-08 13:38:33,113650.0,5221.3684,N,453.44295,E,29.0,1019.16,50030.83,46
2026-05-08 13:38:38,113655.0,5221.36493,N,453.44217,E,29.0,1018.97,54612.5,45
2026-05-08 13:38:43,113700.0,5221.36137,N,453.44207,E,29.1,1019.03,54612.5,46
2026-05-08 13:38:48,113705.0,5221.35781,N,453.44131,E,29.0,1019.03,54612.5,45
2026-05-08 13:38:53,113710.0,5221.35419,N,453.44094,E,29.6,1019.96,16075.0,45
2026-05-08 13:38:58,113715.0,5221.35034,N,453.43904,E,29.2,1019.05,54612.5,46
2026-05-08 13:39:03,113720.0,5221.34649,N,453.43853,E,29.4,1019.14,54612.5,46
2026-05-08 13:39:08,113725.0,5221.34327,N,453.43686,E,29.5,1019.26,54612.5,48
2026-05-08 13:39:13,113730.0,5221.34112,N,453.43347,E,29.5,1019.19,54612.5,44
2026-05-08 13:39:18,113735.0,5221.33939,N,453.43043,E,29.8,1019.99,2173.33,44
2026-05-08 13:39:23,113740.0,5221.33766,N,453.42786,E,29.6,1019.89,2165.0,45
2026-05-08 13:39:28,113745.0,5221.33572,N,453.42603,E,29.4,1020.0,2205.0,44
2026-05-08 13:39:33,113750.0,5221.33491,N,453.42603,E,29.2,1020.07,2350.83,44
2026-05-08 13:39:38,113755.0,5221.3325,N,453.42088,E,28.8,1019.99,2379.17,44
2026-05-08 13:39:43,113800.0,5221.33105,N,453.41321,E,28.7,1019.99,2170.0,44
2026-05-08 13:39:48,113805.0,5221.32943,N,453.41116,E,28.4,1019.96,2130.0,45
2026-05-08 13:39:53,113810.0,5221.32804,N,453.4045,E,28.2,1020.03,2087.5,43
2026-05-08 13:39:58,113815.0,5221.33176,N,453.39542,E,28.0,1019.96,1812.5,45
2026-05-08 13:40:03,113820.0,5221.33521,N,453.38915,E,27.9,1020.0,1975.0,43
2026-05-08 13:40:08,113825.0,5221.33614,N,453.38058,E,27.8,1020.05,2361.67,43
2026-05-08 13:40:13,113830.0,5221.33891,N,453.37419,E,27.7,1019.94,2129.17,44
2026-05-08 13:40:18,113835.0,5221.33988,N,453.36722,E,27.7,1019.98,2092.5,43
2026-05-08 13:40:23,113840.0,5221.33962,N,453.36078,E,27.5,1019.96,2070.83,43
2026-05-08 13:40:28,113845.0,5221.34061,N,453.35477,E,27.3,1019.92,1774.17,45
2026-05-08 13:40:33,113850.0,5221.34108,N,453.34927,E,27.1,1019.91,2276.67,44
2026-05-08 13:40:38,113855.0,5221.33989,N,453.3453,E,27.0,1019.96,1771.67,44
2026-05-08 13:40:43,113900.0,5221.33971,N,453.33853,E,26.6,1019.83,1315.0,44
2026-05-08 13:40:48,113905.0,5221.34033,N,453.33391,E,26.1,1019.82,1574.17,44
2026-05-08 13:40:54,113911.0,5221.34168,N,453.33155,E,25.3,1019.29,4632.5,45
2026-05-08 13:40:59,113916.0,5221.34248,N,453.32779,E,25.2,1019.77,2967.5,44
2026-05-08 13:41:04,113921.0,5221.34104,N,453.32308,E,24.6,1019.85,2070.0,44
2026-05-08 13:41:09,113926.0,5221.34494,N,453.31606,E,24.7,1019.94,3070.83,44
2026-05-08 13:41:14,113931.0,5221.3455,N,453.31007,E,24.7,1019.9,2921.67,43
2026-05-08 13:41:19,113936.0,5221.34547,N,453.3042,E,24.5,1019.89,2527.5,81
2026-05-08 13:41:24,113941.0,5221.34602,N,453.29901,E,24.4,1019.91,2933.33,67
2026-05-08 13:41:29,113946.0,5221.34538,N,453.29305,E,24.4,1019.86,2662.5,69
2026-05-08 13:41:34,113951.0,5221.34562,N,453.28703,E,24.3,1019.94,2630.0,70
2026-05-08 13:41:39,113956.0,5221.34343,N,453.2829,E,24.3,1019.94,1850.0,70
2026-05-08 13:41:44,114001.0,5221.34353,N,453.2762,E,24.3,1019.89,2679.17,49
2026-05-08 13:41:49,114006.0,5221.34417,N,453.26848,E,24.2,1019.9,2853.33,13
2026-05-08 13:41:54,114011.0,5221.34426,N,453.26247,E,24.2,1019.86,2875.0,49
2026-05-08 13:41:59,114016.0,5221.34427,N,453.25579,E,24.1,1020.03,1670.83,47
2026-05-08 13:42:04,114021.0,5221.34508,N,453.24916,E,24.1,1019.87,2273.33,47
2026-05-08 13:42:09,114026.0,5221.34742,N,453.24213,E,24.1,1019.92,2710.83,47
2026-05-08 13:42:14,114031.0,5221.34712,N,453.23718,E,24.1,1019.9,2665.83,47
2026-05-08 13:42:19,114036.0,5221.34233,N,453.22935,E,23.8,1019.48,54612.5,47
2026-05-08 13:42:24,114041.0,5221.33672,N,453.22177,E,23.7,1019.55,34348.33,47
2026-05-08 13:42:29,114046.0,5221.34357,N,453.22073,E,23.2,1019.59,16289.17,48
2026-05-08 13:42:34,114051.0,5221.34637,N,453.2159,E,23.3,1019.32,54612.5,48
2026-05-08 13:42:39,114056.0,5221.35267,N,453.20758,E,23.7,1019.68,9884.17,47
2026-05-08 13:42:44,114101.0,5221.35186,N,453.2039,E,23.6,1019.21,44055.83,48
2026-05-08 13:42:49,114106.0,5221.34616,N,453.19438,E,23.8,1019.36,8336.67,47
2026-05-08 13:42:54,114111.0,5221.40635,N,453.10349,E,23.9,1019.37,18209.17,47
2026-05-08 13:42:59,114116.0,5221.43498,N,453.08568,E,24.1,1019.4,54612.5,49
2026-05-08 13:43:04,114121.0,5221.45417,N,453.08396,E,24.1,1019.44,10543.33,55
2026-05-08 13:43:09,114126.0,5221.47152,N,453.12041,E,24.3,1019.26,54612.5,59
2026-05-08 13:43:14,114131.0,5221.4605,N,453.13941,E,24.4,1019.31,54612.5,64
2026-05-08 13:43:19,114136.0,5221.45314,N,453.15428,E,24.4,1019.47,47466.66,62
2026-05-08 13:43:24,114141.0,5221.50053,N,453.09275,E,24.4,1019.34,54612.5,59
2026-05-08 13:43:29,114146.0,5221.45814,N,453.10868,E,24.5,1019.41,54612.5,60
2026-05-08 13:43:34,114151.0,5221.41217,N,453.14252,E,24.6,1019.3,54612.5,60
2026-05-08 13:43:39,114156.0,5221.4166,N,453.1558,E,24.7,1019.28,54612.5,59
2026-05-08 13:43:44,114201.0,5221.40832,N,453.16803,E,24.7,1019.23,54612.5,58
2026-05-08 13:43:49,114206.0,5221.40544,N,453.17243,E,24.8,1019.24,54612.5,58
2026-05-08 13:43:54,114211.0,5221.41134,N,453.17488,E,24.9,1019.43,54612.5,59
2026-05-08 13:43:59,114216.0,5221.41954,N,453.18013,E,24.9,1019.29,54612.5,58
2026-05-08 13:44:04,114221.0,5221.42681,N,453.18724,E,24.9,1019.22,54612.5,58
2026-05-08 13:44:09,114226.0,5221.42969,N,453.19384,E,25.1,1019.83,6881.67,58
2026-05-08 13:44:14,114231.0,5221.42582,N,453.2027,E,24.5,1018.27,54612.5,58
2026-05-08 13:44:19,114236.0,5221.42312,N,453.20846,E,24.8,1018.29,54612.5,65
2026-05-08 13:44:24,114241.0,5221.4226,N,453.2164,E,25.1,1018.52,54612.5,82
2026-05-08 13:44:29,114246.0,5221.42105,N,453.2252,E,25.4,1018.29,11140.83,77
2026-05-08 13:44:34,114251.0,5221.42117,N,453.2318,E,25.7,1018.41,54612.5,79
2026-05-08 13:44:39,114256.0,5221.42018,N,453.23887,E,26.0,1018.42,54612.5,77
2026-05-08 13:44:44,114301.0,5221.41914,N,453.2457,E,26.1,1018.38,49974.16,84
2026-05-08 13:44:49,114306.0,5221.41855,N,453.25135,E,26.5,1018.35,54612.5,81
2026-05-08 13:44:54,114311.0,5221.41713,N,453.25839,E,26.9,1018.36,54612.5,80
2026-05-08 13:44:59,114316.0,5221.41513,N,453.2637,E,27.3,1018.58,54612.5,75
2026-05-08 13:45:04,114321.0,5221.41439,N,453.27011,E,27.7,1018.52,54332.5,75
2026-05-08 13:45:09,114326.0,5221.41434,N,453.27643,E,27.7,1018.38,43556.66,77
2026-05-08 13:45:14,114331.0,5221.4127,N,453.28282,E,27.9,1018.45,27417.5,77
2026-05-08 13:45:19,114336.0,5221.41234,N,453.289,E,28.3,1018.51,54612.5,72
2026-05-08 13:45:24,114341.0,5221.41209,N,453.29611,E,28.4,1018.4,54612.5,74
2026-05-08 13:45:29,114346.0,5221.41223,N,453.30198,E,28.5,1018.32,7775.83,74
2026-05-08 13:45:34,114351.0,5221.41193,N,453.30879,E,29.2,1019.89,2595.83,74
2026-05-08 13:45:39,114356.0,5221.41105,N,453.3147,E,28.9,1019.95,2436.67,77
2026-05-08 13:45:44,114401.0,5221.40857,N,453.31428,E,27.9,1019.42,28813.33,83
2026-05-08 13:45:49,114406.0,5221.40612,N,453.31556,E,27.5,1018.88,54612.5,74
2026-05-08 13:45:54,114411.0,5221.40359,N,453.31701,E,27.8,1019.17,54612.5,74
2026-05-08 13:45:59,114416.0,5221.40046,N,453.32117,E,27.9,1019.27,54612.5,70
2026-05-08 13:46:04,114421.0,5221.39689,N,453.32503,E,28.0,1019.04,54612.5,78
2026-05-08 13:46:09,114426.0,5221.39332,N,453.32595,E,28.1,1019.12,54612.5,78
2026-05-08 13:46:14,114431.0,5221.39003,N,453.32571,E,28.5,1019.9,2860.0,83
2026-05-08 13:46:19,114436.0,5221.38724,N,453.32347,E,28.1,1019.94,11754.17,82
2026-05-08 13:46:24,114441.0,5221.38513,N,453.32229,E,27.6,1019.23,33704.16,83
2026-05-08 13:46:29,114446.0,5221.38205,N,453.32273,E,27.9,1019.83,3858.33,85
2026-05-08 13:46:34,114451.0,5221.37956,N,453.32491,E,27.6,1019.26,38984.16,85
2026-05-08 13:46:39,114456.0,5221.37914,N,453.32648,E,27.2,1018.84,54612.5,83
2026-05-08 13:46:44,114501.0,5221.37738,N,453.3274,E,27.7,1019.86,2675.0,82
2026-05-08 13:46:49,114506.0,5221.37539,N,453.32744,E,27.6,1019.94,2657.5,82
2026-05-08 13:46:54,114511.0,5221.37149,N,453.32538,E,27.3,1019.4,5925.83,80
2026-05-08 13:46:59,114516.0,5221.3669,N,453.32347,E,27.1,1018.9,6370.83,89
2026-05-08 13:47:04,114521.0,5221.36423,N,453.32126,E,27.7,1019.86,1102.5,86
2026-05-08 13:47:09,114526.0,5221.36177,N,453.32091,E,27.7,1019.84,2880.83,89
2026-05-08 13:47:14,114531.0,5221.35685,N,453.32078,E,27.6,1019.85,1578.33,87
2026-05-08 13:47:19,114536.0,5221.34959,N,453.32225,E,27.3,1019.46,48368.33,84
2026-05-08 13:47:24,114541.0,5221.34629,N,453.32112,E,27.5,1019.87,3094.17,76
2026-05-08 13:47:29,114546.0,5221.34423,N,453.32062,E,27.0,1019.09,54612.5,82
2026-05-08 13:47:34,114551.0,5221.34285,N,453.32012,E,27.0,1019.29,3997.5,92
2026-05-08 13:47:39,114556.0,5221.34079,N,453.31718,E,27.4,1019.88,1955.0,92
2026-05-08 13:47:44,114601.0,5221.33646,N,453.31568,E,27.0,1019.2,54612.5,85
2026-05-08 13:47:49,114606.0,5221.33156,N,453.3129,E,26.9,1018.79,54612.5,78
2026-05-08 13:47:54,114611.0,5221.32657,N,453.31232,E,27.3,1019.92,2183.33,75
2026-05-08 13:47:59,114616.0,5221.32187,N,453.31401,E,27.3,1019.94,1560.83,68
2026-05-08 13:48:04,114621.0,5221.31596,N,453.31289,E,27.0,1019.62,37192.5,73
2026-05-08 13:48:09,114626.0,5221.31256,N,453.31503,E,26.4,1018.89,51590.0,75
2026-05-08 13:48:14,114631.0,5221.31135,N,453.3145,E,26.6,1019.87,3149.17,81
2026-05-08 13:48:19,114636.0,5221.31007,N,453.31525,E,26.7,1019.84,11095.0,75
2026-05-08 13:48:24,114641.0,5221.30793,N,453.31511,E,26.7,1019.91,2571.67,71
2026-05-08 13:48:29,114646.0,5221.30404,N,453.31397,E,26.7,1019.88,1836.67,70
2026-05-08 13:48:34,114651.0,5221.30103,N,453.31279,E,26.2,1019.02,54612.5,79
2026-05-08 13:48:39,114656.0,5221.29592,N,453.31038,E,26.5,1019.21,54612.5,75
2026-05-08 13:48:44,114701.0,5221.29122,N,453.30709,E,26.6,1019.23,54612.5,80
2026-05-08 13:48:49,114706.0,5221.28629,N,453.30659,E,26.6,1018.4,54612.5,84
2026-05-08 13:48:54,114711.0,5221.28389,N,453.31146,E,27.4,1019.83,7210.0,87
2026-05-08 13:48:59,114716.0,5221.28507,N,453.31797,E,26.8,1018.33,23590.0,76
2026-05-08 13:49:04,114721.0,5221.2859,N,453.32451,E,27.6,1019.9,2874.17,73
2026-05-08 13:49:09,114726.0,5221.28661,N,453.33187,E,26.9,1018.49,54612.5,74
2026-05-08 13:49:14,114731.0,5221.28754,N,453.33877,E,27.7,1019.86,54612.5,76
2026-05-08 13:49:19,114736.0,5221.28857,N,453.34529,E,27.0,1018.33,54612.5,65
2026-05-08 13:49:24,114741.0,5221.28956,N,453.35165,E,27.9,1019.85,5946.67,64
2026-05-08 13:49:29,114746.0,5221.29057,N,453.35748,E,27.3,1018.4,54612.5,68
2026-05-08 13:49:34,114751.0,5221.29136,N,453.3642,E,28.1,1020.0,2200.83,80
2026-05-08 13:49:39,114756.0,5221.2926,N,453.37016,E,28.2,1019.96,5660.0,74
2026-05-08 13:49:44,114801.0,5221.29323,N,453.37639,E,27.6,1018.42,54612.5,90
2026-05-08 13:49:49,114806.0,5221.2933,N,453.38344,E,27.7,1018.37,32110.83,74
2026-05-08 13:49:54,114811.0,5221.29464,N,453.38854,E,27.8,1018.47,54612.5,85
2026-05-08 13:49:59,114816.0,5221.2968,N,453.39448,E,-35.2,842.1,41708.33,52
2026-05-08 13:50:04,114821.0,5221.29844,N,453.39918,E,28.2,1018.86,54612.5,64
2026-05-08 13:50:09,114826.0,5221.29944,N,453.40552,E,28.2,1018.31,54612.5,65
2026-05-08 13:50:14,114831.0,5221.29953,N,453.41034,E,28.3,1018.43,54612.5,72
2026-05-08 13:50:19,114836.0,5221.29975,N,453.41724,E,28.6,1018.43,54612.5,65
2026-05-08 13:50:24,114841.0,5221.29915,N,453.42301,E,29.0,1018.48,54612.5,71
2026-05-08 13:50:29,114846.0,5221.29915,N,453.42863,E,29.3,1018.44,54612.5,51
2026-05-08 13:50:34,114851.0,5221.29994,N,453.43273,E,29.1,1018.42,54612.5,53
2026-05-08 13:50:39,114856.0,5221.30149,N,453.43663,E,29.2,1018.38,8584.17,55
2026-05-08 13:50:44,114901.0,5221.3026,N,453.44004,E,29.9,1019.97,4595.0,56
2026-05-08 13:50:49,114906.0,5221.30309,N,453.44376,E,29.6,1019.86,4574.17,54
2026-05-08 13:50:54,114911.0,5221.30427,N,453.44683,E,29.5,1019.85,4684.17,54
2026-05-08 13:50:59,114916.0,5221.3051,N,453.44927,E,29.2,1019.26,6062.5,54
2026-05-08 13:51:04,114921.0,5221.30616,N,453.45184,E,28.7,1018.38,54612.5,53
2026-05-08 13:51:09,114926.0,5221.30715,N,453.4547,E,28.6,1018.33,8894.17,53
2026-05-08 13:51:14,114931.0,5221.30778,N,453.45762,E,29.6,1019.85,4665.83,52
2026-05-08 13:51:19,114936.0,5221.30812,N,453.46041,E,29.5,1019.9,4555.83,52
2026-05-08 13:51:24,114941.0,5221.308,N,453.46342,E,29.4,1019.91,4465.0,54
2026-05-08 13:51:29,114946.0,5221.30905,N,453.46602,E,29.2,1019.95,1194.17,51
2026-05-08 13:51:34,114951.0,5221.30869,N,453.46838,E,28.9,1019.93,2494.17,50
2026-05-08 13:51:39,114956.0,5221.30734,N,453.47506,E,28.6,1019.97,2040.83,48
2026-05-08 13:51:44,115001.0,5221.30633,N,453.47819,E,-43.5,87.08,-1.0,50
2026-05-08 13:51:49,115006.0,5221.30663,N,453.48104,E,-66.2,42.25,-1.0,46
2026-05-08 13:51:54,115011.0,5221.30417,N,453.4849,E,-66.2,42.25,-1.0,46
2026-05-08 13:52:00,115016.0,5221.30713,N,453.48973,E,-66.2,42.25,-1.0,46
2026-05-08 13:52:05,115021.0,5221.31219,N,453.49699,E,27.4,1019.96,2328.33,47
2026-05-08 13:52:10,115027.0,5221.31506,N,453.50415,E,27.1,1019.99,2307.5,46
2026-05-08 13:52:15,115032.0,5221.31673,N,453.50943,E,27.0,1019.94,1780.83,46
2026-05-08 13:52:20,115037.0,5221.31739,N,453.51581,E,-59.4,54.02,-1.0,47
2026-05-08 13:52:25,115042.0,5221.31697,N,453.52253,E,-66.2,42.25,-1.0,46
2026-05-08 13:52:30,115047.0,5221.31855,N,453.52885,E,-59.4,54.02,-1.0,47
2026-05-08 13:52:35,115052.0,5221.32017,N,453.5335,E,-53.5,65.34,-1.0,48
2026-05-08 13:52:40,115057.0,5221.32177,N,453.53946,E,26.0,1019.97,2114.17,46
2026-05-08 13:52:45,115102.0,5221.32359,N,453.54461,E,25.9,1019.95,2144.17,46
2026-05-08 13:52:50,115107.0,5221.32532,N,453.54892,E,25.8,1019.96,2105.83,47
2026-05-08 13:52:55,115112.0,5221.32577,N,453.55503,E,25.8,1019.89,2452.5,52
2026-05-08 13:53:00,115117.0,5221.32643,N,453.56037,E,25.7,1019.96,2285.83,59
2026-05-08 13:53:05,115122.0,5221.32648,N,453.56441,E,25.7,1019.93,136.67,67
2026-05-08 13:53:10,115127.0,5221.32855,N,453.56988,E,25.7,1019.92,88.33,71
2026-05-08 13:53:15,115132.0,5221.32804,N,453.57737,E,25.6,1019.88,3193.33,67
2026-05-08 13:53:20,115137.0,5221.32815,N,453.58317,E,25.5,1019.83,5410.83,64
2026-05-08 13:53:25,115142.0,5221.33044,N,453.58752,E,25.5,1019.74,2953.33,67
2026-05-08 13:53:30,115147.0,5221.33216,N,453.59247,E,25.4,1019.85,1899.17,65
2026-05-08 13:53:35,115152.0,5221.33353,N,453.59721,E,25.1,1019.97,2265.0,69
2026-05-08 13:53:40,115157.0,5221.33539,N,453.60323,E,25.1,1019.94,2652.5,49
2026-05-08 13:53:45,115202.0,5221.33589,N,453.60919,E,25.1,1019.91,2500.83,48
2026-05-08 13:53:50,115207.0,5221.33651,N,453.61413,E,24.9,1019.9,2405.83,46
2026-05-08 13:53:55,115212.0,5221.33797,N,453.61983,E,24.9,1019.93,2391.67,47
2026-05-08 13:54:00,115217.0,5221.33695,N,453.6262,E,24.9,1019.89,2701.67,46
2026-05-08 13:54:05,115222.0,5221.33783,N,453.63234,E,24.8,1019.97,2385.0,46
2026-05-08 13:54:10,115227.0,5221.33895,N,453.63727,E,24.7,1019.89,2355.0,47
2026-05-08 13:54:15,115232.0,5221.33898,N,453.64266,E,24.6,1019.98,2179.17,47
2026-05-08 13:54:20,115237.0,5221.34279,N,453.64646,E,24.5,1020.01,885.83,47
2026-05-08 13:54:25,115242.0,5221.34378,N,453.65359,E,24.3,1019.96,2568.33,47
2026-05-08 13:54:30,115247.0,5221.34591,N,453.65842,E,24.3,1019.98,2078.33,46
2026-05-08 13:54:35,115252.0,5221.34777,N,453.66393,E,24.2,1019.96,2127.5,47
2026-05-08 13:54:40,115257.0,5221.3495,N,453.67012,E,24.2,1020.01,2768.33,46
2026-05-08 13:54:45,115302.0,5221.35051,N,453.67544,E,24.1,1020.01,2608.33,47
2026-05-08 13:54:50,115307.0,5221.35121,N,453.68144,E,24.0,1019.96,2556.67,47
2026-05-08 13:54:55,115312.0,5221.35332,N,453.68589,E,24.0,1019.97,2501.67,47
2026-05-08 13:55:00,115317.0,5221.35462,N,453.69221,E,24.0,1020.0,2749.17,47
2026-05-08 13:55:05,115322.0,5221.35527,N,453.69776,E,23.9,1019.87,2439.17,48
2026-05-08 13:55:10,115327.0,5221.35672,N,453.70275,E,23.7,1019.98,2439.17,47
2026-05-08 13:55:15,115332.0,5221.35779,N,453.70857,E,23.7,1019.93,2353.33,46
2026-05-08 13:55:20,115337.0,5221.35999,N,453.71437,E,23.7,1019.94,2518.33,46
2026-05-08 13:55:25,115342.0,5221.36211,N,453.71903,E,23.7,1019.94,2482.5,46
2026-05-08 13:55:30,115347.0,5221.36349,N,453.72455,E,23.6,1019.96,3075.0,46
2026-05-08 13:55:35,115352.0,5221.36391,N,453.73026,E,23.6,1019.87,2956.67,46
2026-05-08 13:55:40,115357.0,5221.36537,N,453.73577,E,23.6,1019.92,2819.17,46
2026-05-08 13:55:45,115402.0,5221.36701,N,453.73955,E,23.5,1019.91,3114.17,46
2026-05-08 13:55:50,115407.0,5221.36687,N,453.73918,E,23.3,1019.53,13375.0,46
2026-05-08 13:55:55,115412.0,5221.36851,N,453.73434,E,23.5,1019.67,11110.0,46
2026-05-08 13:56:00,115417.0,5221.36811,N,453.73465,E,22.8,1018.17,54612.5,48
2026-05-08 13:56:05,115422.0,5221.36604,N,453.73753,E,23.8,1019.92,1477.5,46
2026-05-08 13:56:10,115427.0,5221.36802,N,453.74405,E,23.7,1019.48,6333.33,46
2026-05-08 13:56:15,115432.0,5221.36923,N,453.75742,E,23.9,1019.78,3528.33,47
2026-05-08 13:56:20,115437.0,5221.37109,N,453.76894,E,23.3,1018.29,54612.5,47
2026-05-08 13:56:25,115442.0,5221.37133,N,453.78015,E,24.2,1019.84,5876.67,47
2026-05-08 13:56:30,115447.0,5221.37228,N,453.78886,E,23.5,1018.24,54612.5,46
2026-05-08 13:56:35,115452.0,5221.37444,N,453.79718,E,24.4,1020.0,3706.67,48
2026-05-08 13:56:40,115457.0,5221.37584,N,453.80272,E,23.7,1018.26,54612.5,47
2026-05-08 13:56:45,115502.0,5221.36587,N,453.84561,E,24.1,1018.44,54612.5,46
2026-05-08 13:56:50,115507.0,5221.36183,N,453.87449,E,24.3,1018.38,54612.5,46
2026-05-08 13:56:55,115512.0,5221.36995,N,453.86591,E,25.3,1019.89,3891.67,46
2026-05-08 13:57:00,115517.0,5221.37474,N,453.86196,E,25.5,1019.81,3704.17,47
2026-05-08 13:57:05,115522.0,5221.37927,N,453.85501,E,25.5,1019.9,3709.17,46
2026-05-08 13:57:10,115527.0,5221.38235,N,453.85591,E,25.5,1019.81,6085.83,46
2026-05-08 13:57:15,115532.0,5221.3835,N,453.86127,E,25.4,1019.32,5861.67,46
2026-05-08 13:57:20,115537.0,5221.38502,N,453.8659,E,25.7,1019.67,14747.5,46
2026-05-08 13:57:25,115542.0,5221.38704,N,453.87209,E,24.9,1018.13,50144.16,45
2026-05-08 13:57:30,115547.0,5221.38732,N,453.88362,E,25.7,1019.8,5676.67,46
2026-05-08 13:57:35,115552.0,5221.39198,N,453.87641,E,25.3,1019.41,7266.67,45
2026-05-08 13:57:40,115557.0,5221.39577,N,453.8723,E,25.4,1019.51,10135.0,45
2026-05-08 13:57:45,115602.0,5221.39791,N,453.87465,E,25.1,1018.96,54612.5,45
2026-05-08 13:57:50,115607.0,5221.3999,N,453.87791,E,25.6,1019.4,42577.5,45
2026-05-08 13:57:55,115612.0,5221.40128,N,453.88238,E,25.1,1018.29,54612.5,46
2026-05-08 13:58:00,115617.0,5221.40222,N,453.88749,E,25.5,1018.2,54612.5,47
2026-05-08 13:58:05,115622.0,5221.40452,N,453.89075,E,25.7,1018.32,54612.5,45
2026-05-08 13:58:10,115627.0,5221.40617,N,453.89526,E,26.6,1019.71,2038.33,47
2026-05-08 13:58:15,115632.0,5221.4078,N,453.89878,E,26.6,1019.65,7210.0,45
2026-05-08 13:58:20,115637.0,5221.40919,N,453.90334,E,26.8,1019.78,932.5,45
2026-05-08 13:58:25,115642.0,5221.41095,N,453.90789,E,26.8,1019.77,2866.67,45
2026-05-08 13:58:30,115647.0,5221.41263,N,453.91303,E,26.6,1019.51,54612.5,45
2026-05-08 13:58:35,115652.0,5221.41406,N,453.91674,E,26.0,1018.38,54612.5,45
2026-05-08 13:58:40,115657.0,5221.41505,N,453.92148,E,27.0,1019.8,6113.33,45
2026-05-08 13:58:45,115702.0,5221.41694,N,453.92429,E,26.3,1018.37,54612.5,45
2026-05-08 13:58:50,115707.0,5221.41882,N,453.92726,E,27.1,1019.73,5725.0,45
2026-05-08 13:58:55,115712.0,5221.42062,N,453.9292,E,27.1,1019.85,2042.5,45
2026-05-08 13:59:00,115717.0,5221.42269,N,453.93216,E,27.0,1019.89,6055.0,45
2026-05-08 13:59:05,115722.0,5221.42452,N,453.93631,E,26.7,1018.83,54612.5,44
2026-05-08 13:59:10,115727.0,5221.42593,N,453.94178,E,27.0,1019.44,54612.5,45
2026-05-08 13:59:15,115732.0,5221.42724,N,453.94779,E,27.1,1019.37,54612.5,44
2026-05-08 13:59:20,115737.0,5221.42854,N,453.95404,E,27.5,1019.81,6957.5,47
2026-05-08 13:59:25,115742.0,5221.43037,N,453.96002,E,26.8,1018.5,54612.5,45
2026-05-08 13:59:30,115747.0,5221.43125,N,453.962,E,27.6,1019.0,2020.83,45
2026-05-08 13:59:35,115752.0,5221.42979,N,453.96287,E,27.3,1019.05,38340.0,46
2026-05-08 13:59:40,115757.0,5221.42807,N,453.96424,E,27.1,1019.96,3561.67,45
2026-05-08 13:59:45,115802.0,5221.42549,N,453.96691,E,26.8,1019.94,2696.67,44
2026-05-08 13:59:50,115807.0,5221.42215,N,453.9652,E,26.6,1019.89,2434.17,45
2026-05-08 13:59:55,115812.0,5221.41879,N,453.96277,E,26.4,1019.91,2400.0,44
2026-05-08 14:00:00,115817.0,5221.41478,N,453.9662,E,26.0,1019.95,2380.0,45
2026-05-08 14:00:05,115822.0,5221.41791,N,453.96727,E,26.0,1019.85,1320.0,45
2026-05-08 14:00:10,115827.0,5221.41282,N,453.96824,E,25.3,1018.78,54612.5,45
2026-05-08 14:00:15,115832.0,5221.40828,N,453.97294,E,26.0,1019.93,4074.17,45
2026-05-08 14:00:20,115837.0,5221.40511,N,453.97623,E,25.8,1019.84,2836.67,45
2026-05-08 14:00:25,115842.0,5221.40182,N,453.97838,E,25.7,1019.89,2021.67,45
2026-05-08 14:00:30,115847.0,5221.39915,N,453.97993,E,25.6,1019.95,1991.67,45
2026-05-08 14:00:35,115852.0,5221.39615,N,453.98117,E,25.6,1019.93,2314.17,45
2026-05-08 14:00:40,115857.0,5221.39267,N,453.98427,E,25.6,1019.94,2400.0,45
2026-05-08 14:00:45,115902.0,5221.38926,N,453.98664,E,25.6,1019.9,2535.83,45
2026-05-08 14:00:50,115907.0,5221.38522,N,453.99245,E,25.5,1019.87,2057.5,46
2026-05-08 14:00:55,115912.0,5221.38093,N,453.9971,E,25.3,1019.95,2289.17,45
2026-05-08 14:01:00,115917.0,5221.37752,N,454.00021,E,25.4,1019.9,2537.5,45
2026-05-08 14:01:05,115922.0,5221.37347,N,454.00362,E,24.2,1017.54,46774.16,46
2026-05-08 14:01:10,115927.0,5221.36953,N,454.0061,E,24.8,1018.44,8592.5,46
2026-05-08 14:01:15,115932.0,5221.3663,N,454.00664,E,25.7,1019.95,3294.17,46
2026-05-08 14:01:20,115937.0,5221.36269,N,454.0086,E,25.7,1019.92,1771.67,47
2026-05-08 14:01:25,115942.0,5221.35966,N,454.01138,E,25.6,1019.95,2180.83,46
2026-05-08 14:01:30,115947.0,5221.35584,N,454.01421,E,25.4,1019.91,2317.5,46
2026-05-08 14:01:35,115952.0,5221.35228,N,454.01561,E,25.2,1019.93,2293.33,46
2026-05-08 14:01:40,115957.0,5221.34925,N,454.01796,E,25.0,1019.95,2357.5,45
2026-05-08 14:01:45,120002.0,5221.34576,N,454.02063,E,24.8,1019.96,2092.5,47
2026-05-08 14:01:50,120007.0,5221.34211,N,454.02443,E,24.6,1020.05,2561.67,45
2026-05-08 14:01:55,120012.0,5221.33872,N,454.02793,E,24.5,1020.01,2590.83,45
2026-05-08 14:02:00,120017.0,5221.33437,N,454.03113,E,23.7,1018.44,8100.0,45
2026-05-08 14:02:05,120022.0,5221.33083,N,454.03068,E,23.5,1017.83,8513.33,45
2026-05-08 14:02:10,120027.0,5221.328,N,454.03274,E,24.0,1019.89,2829.17,45
2026-05-08 14:02:15,120032.0,5221.32515,N,454.03144,E,23.8,1019.85,1306.67,45
2026-05-08 14:02:20,120037.0,5221.32127,N,454.02779,E,23.9,1019.91,2014.17,45
2026-05-08 14:02:25,120042.0,5221.31953,N,454.02212,E,23.9,1019.87,2370.83,45
2026-05-08 14:02:30,120047.0,5221.31785,N,454.01727,E,23.9,1019.91,2367.5,46
2026-05-08 14:02:35,120052.0,5221.3167,N,454.01251,E,23.9,1019.86,2346.67,47
2026-05-08 14:02:40,120057.0,5221.31587,N,454.00692,E,23.8,1019.9,2139.17,46
2026-05-08 14:02:45,120102.0,5221.31525,N,454.00199,E,23.9,1019.94,1992.5,46
2026-05-08 14:02:50,120107.0,5221.315,N,453.99706,E,23.8,1019.86,1317.5,46
2026-05-08 14:02:55,120112.0,5221.3134,N,453.99223,E,23.9,1019.92,2024.17,46
2026-05-08 14:03:00,120117.0,5221.31372,N,453.98654,E,23.9,1019.86,876.67,46
2026-05-08 14:03:05,120122.0,5221.31201,N,453.98157,E,23.9,1019.85,1187.5,46
2026-05-08 14:03:10,120127.0,5221.31194,N,453.97588,E,23.8,1019.89,2093.33,46
2026-05-08 14:03:15,120132.0,5221.31101,N,453.97167,E,23.8,1019.88,1067.5,46
2026-05-08 14:03:20,120137.0,5221.30879,N,453.96627,E,23.8,1019.92,2151.67,45
2026-05-08 14:03:25,120142.0,5221.30856,N,453.9602,E,23.8,1019.91,2413.33,45
2026-05-08 14:03:30,120147.0,5221.30792,N,453.95477,E,23.7,1019.91,2315.0,45
2026-05-08 14:03:35,120152.0,5221.30561,N,453.94948,E,23.6,1019.84,2426.67,45
2026-05-08 14:03:40,120157.0,5221.30291,N,453.94455,E,23.6,1019.91,2114.17,45
2026-05-08 14:03:45,120202.0,5221.30225,N,453.9387,E,23.6,1019.92,2028.33,45
2026-05-08 14:03:51,120207.0,5221.30167,N,453.93369,E,23.5,1019.92,1465.0,45
2026-05-08 14:03:56,120212.0,5221.29871,N,453.92938,E,21.9,1015.62,46986.66,45
2026-05-08 14:04:01,120217.0,5221.29634,N,453.92362,E,23.5,1019.96,2119.17,45
2026-05-08 14:04:06,120223.0,5221.29597,N,453.91677,E,23.4,1019.91,908.33,45
2026-05-08 14:04:11,120228.0,5221.29505,N,453.91277,E,23.2,1019.92,1422.5,44
2026-05-08 14:04:16,120233.0,5221.29244,N,453.90861,E,23.0,1019.81,1455.0,45
2026-05-08 14:04:21,120238.0,5221.29073,N,453.90471,E,22.9,1019.91,329.17,45
2026-05-08 14:04:26,120243.0,5221.28566,N,453.90252,E,22.9,1019.95,6190.0,44
2026-05-08 14:04:31,120248.0,5221.28172,N,453.90026,E,23.0,1019.89,4854.17,45
2026-05-08 14:04:36,120253.0,5221.2764,N,453.89684,E,22.8,1019.28,30724.17,44
2026-05-08 14:04:41,120258.0,5221.27225,N,453.89108,E,23.1,1019.96,2542.5,46
2026-05-08 14:04:46,120303.0,5221.26989,N,453.8865,E,23.1,1020.03,1418.33,44
2026-05-08 14:04:51,120308.0,5221.26867,N,453.88066,E,23.2,1019.78,42235.83,45
2026-05-08 14:04:56,120313.0,5221.26663,N,453.87524,E,23.2,1019.92,3845.0,44
2026-05-08 14:05:01,120318.0,5221.2658,N,453.86991,E,21.6,1015.7,32960.83,45
2026-05-08 14:05:06,120323.0,5221.26361,N,453.86286,E,23.0,1019.56,6799.17,46
2026-05-08 14:05:11,120328.0,5221.26287,N,453.85507,E,23.1,1019.57,6289.17,46
2026-05-08 14:05:16,120333.0,5221.26409,N,453.85098,E,23.2,1019.94,3488.33,45
2026-05-08 14:05:21,120338.0,5221.26449,N,453.84417,E,23.3,1020.07,1734.17,44
2026-05-08 14:05:26,120343.0,5221.26291,N,453.84017,E,23.3,1020.03,2069.17,45
2026-05-08 14:05:31,120348.0,5221.26024,N,453.83662,E,23.2,1020.01,1525.0,44
2026-05-08 14:05:36,120353.0,5221.25666,N,453.83449,E,23.3,1020.1,597.5,45
2026-05-08 14:05:41,120358.0,5221.2549,N,453.83136,E,23.2,1020.01,4099.17,45
2026-05-08 14:05:46,120403.0,5221.25211,N,453.82862,E,23.2,1020.0,1244.17,45
2026-05-08 14:05:51,120408.0,5221.24992,N,453.82481,E,23.0,1019.93,1396.67,44
2026-05-08 14:05:56,120413.0,5221.24797,N,453.82091,E,22.8,1019.92,1801.67,45
2026-05-08 14:06:01,120418.0,5221.24622,N,453.81656,E,22.5,1019.94,9591.67,45
2026-05-08 14:06:06,120423.0,5221.24603,N,453.81259,E,22.6,1020.03,2532.5,44
2026-05-08 14:06:11,120428.0,5221.24391,N,453.80815,E,22.4,1019.66,10333.33,44
2026-05-08 14:06:16,120433.0,5221.24043,N,453.80125,E,22.5,1019.25,54612.5,45
2026-05-08 14:06:21,120438.0,5221.23725,N,453.79209,E,23.1,1019.96,4554.17,45
2026-05-08 14:06:26,120443.0,5221.2332,N,453.78675,E,22.9,1019.83,3632.5,45
2026-05-08 14:06:31,120448.0,5221.23204,N,453.78229,E,22.7,1019.39,27972.5,45
2026-05-08 14:06:36,120453.0,5221.23165,N,453.77685,E,22.4,1018.59,42997.5,45
2026-05-08 14:06:41,120458.0,5221.22998,N,453.77066,E,21.9,1017.68,33063.33,45
2026-05-08 14:06:46,120503.0,5221.2292,N,453.76557,E,22.4,1019.86,24490.83,45
2026-05-08 14:06:51,120508.0,5221.22934,N,453.76011,E,22.5,1019.89,11444.17,45
2026-05-08 14:06:56,120513.0,5221.22893,N,453.75388,E,22.5,1019.76,8826.67,45
2026-05-08 14:07:01,120518.0,5221.22881,N,453.74939,E,22.7,1019.94,2484.17,44
2026-05-08 14:07:06,120523.0,5221.22797,N,453.7438,E,22.6,1019.57,54612.5,45
2026-05-08 14:07:11,120528.0,5221.22648,N,453.73743,E,23.1,1019.95,2654.17,44
2026-05-08 14:07:16,120533.0,5221.22473,N,453.73291,E,22.8,1019.5,2827.5,45
2026-05-08 14:07:21,120538.0,5221.22371,N,453.72736,E,23.0,1020.03,1392.5,44
2026-05-08 14:07:26,120543.0,5221.2208,N,453.72304,E,22.8,1019.52,21734.17,45
2026-05-08 14:07:31,120548.0,5221.21883,N,453.71803,E,23.0,1019.9,1425.83,44
2026-05-08 14:07:36,120553.0,5221.21949,N,453.71414,E,23.0,1019.99,1328.33,44
2026-05-08 14:07:41,120558.0,5221.2215,N,453.70793,E,23.0,1020.01,465.0,44
2026-05-08 14:07:46,120603.0,5221.22128,N,453.70226,E,22.9,1019.96,1700.0,45
2026-05-08 14:07:51,120608.0,5221.22002,N,453.69504,E,22.9,1020.06,914.17,44
2026-05-08 14:07:56,120613.0,5221.21862,N,453.69008,E,22.7,1019.99,927.5,43
2026-05-08 14:08:01,120618.0,5221.21792,N,453.68626,E,22.7,1019.98,1232.5,44
2026-05-08 14:08:06,120623.0,5221.21966,N,453.68304,E,22.7,1020.0,7401.67,45
2026-05-08 14:08:11,120628.0,5221.22258,N,453.67994,E,22.7,1020.02,2057.5,44
2026-05-08 14:08:16,120633.0,5221.22548,N,453.67669,E,22.7,1019.93,910.83,44
2026-05-08 14:08:21,120638.0,5221.22834,N,453.67207,E,22.6,1020.02,2309.17,44
2026-05-08 14:08:26,120643.0,5221.2332,N,453.66738,E,22.6,1019.87,4335.0,44
2026-05-08 14:08:31,120648.0,5221.23893,N,453.66767,E,21.5,1018.13,54612.5,45
2026-05-08 14:08:36,120653.0,5221.24251,N,453.67162,E,21.7,1018.06,54612.5,44
2026-05-08 14:08:41,120658.0,5221.24618,N,453.67572,E,144.5,1018.12,54612.5,45
2026-05-08 14:08:46,120703.0,5221.25094,N,453.67884,E,22.2,1018.23,54612.5,45
2026-05-08 14:08:51,120708.0,5221.25413,N,453.68306,E,23.1,1019.29,38511.66,44
2026-05-08 14:08:56,120713.0,5221.25829,N,453.68489,E,22.7,1018.24,54612.5,45
2026-05-08 14:09:01,120718.0,5221.26244,N,453.68778,E,23.0,1018.1,54612.5,44
2026-05-08 14:09:06,120723.0,5221.2659,N,453.69177,E,23.4,1018.29,54612.5,44
2026-05-08 14:09:11,120728.0,5221.2679,N,453.69843,E,24.5,1019.8,4769.17,44
2026-05-08 14:09:16,120733.0,5221.27008,N,453.7035,E,23.9,1018.43,54612.5,44
2026-05-08 14:09:21,120738.0,5221.2725,N,453.70727,E,25.0,1019.86,2616.67,44
2026-05-08 14:09:26,120743.0,5221.27531,N,453.70839,E,23.8,1018.46,54612.5,44
2026-05-08 14:09:31,120748.0,5221.27674,N,453.71332,E,24.5,1019.88,1322.5,43
2026-05-08 14:09:36,120753.0,5221.2781,N,453.71673,E,24.4,1019.95,1023.33,44
2026-05-08 14:09:41,120758.0,5221.28025,N,453.72166,E,24.4,1019.96,2270.0,43
2026-05-08 14:09:46,120803.0,5221.28243,N,453.72526,E,24.2,1019.89,5374.17,43
2026-05-08 14:09:51,120808.0,5221.28454,N,453.72953,E,24.2,1019.53,1929.17,44
2026-05-08 14:09:56,120813.0,5221.28681,N,453.7336,E,23.9,1018.84,11093.33,44
2026-05-08 14:10:50,120907.0,5221.29074,N,453.78324,E,24.2,1019.58,54612.5,37
2026-05-08 14:10:55,120912.0,5221.29155,N,453.78484,E,24.1,1018.42,54612.5,42
2026-05-08 14:11:00,120917.0,5221.29051,N,453.79038,E,24.3,1018.6,54612.5,44
2026-05-08 14:11:05,120922.0,5221.28919,N,453.79568,E,24.1,1018.43,54612.5,45
2026-05-08 14:11:10,120927.0,5221.28772,N,453.80107,E,23.9,1018.25,54612.5,46
2026-05-08 14:11:15,120932.0,5221.28596,N,453.80607,E,24.9,1019.59,26145.83,46
2026-05-08 14:11:20,120937.0,5221.2837,N,453.81021,E,24.3,1019.45,8694.17,45
2026-05-08 14:11:25,120942.0,5221.2824,N,453.81542,E,24.2,1020.0,2323.33,46
2026-05-08 14:11:30,120947.0,5221.28478,N,453.81822,E,24.5,1019.97,2095.0,46
2026-05-08 14:11:35,120952.0,5221.28841,N,453.81957,E,23.8,1018.32,54612.5,45
2026-05-08 14:11:40,120957.0,5221.29182,N,453.82191,E,24.1,1018.88,16211.67,45
2026-05-08 14:11:45,121002.0,5221.29552,N,453.82418,E,23.8,1018.33,54612.5,46
2026-05-08 14:11:50,121007.0,5221.29868,N,453.82796,E,24.6,1019.36,4281.67,46
2026-05-08 14:11:55,121012.0,5221.30137,N,453.83195,E,24.4,1018.49,54612.5,46
2026-05-08 14:12:00,121017.0,5221.30371,N,453.83655,E,24.4,1018.25,54612.5,46
2026-05-08 14:13:15,121132.0,5221.29788,N,453.89108,E,24.8,1019.86,1540.83,35
2026-05-08 14:13:20,121137.0,5221.29742,N,453.89202,E,24.8,1019.77,2266.67,41
2026-05-08 14:13:25,121142.0,5221.2958,N,453.89393,E,24.8,1019.93,1564.17,44
2026-05-08 14:13:30,121147.0,5221.29478,N,453.89608,E,24.8,1019.75,1776.67,46
2026-05-08 14:13:35,121152.0,5221.29219,N,453.89905,E,24.2,1018.76,5612.5,46
2026-05-08 14:13:40,121157.0,5221.28986,N,453.90138,E,24.3,1018.65,54612.5,46
2026-05-08 14:13:45,121202.0,5221.28817,N,453.90678,E,24.5,1019.79,2403.33,47
2026-05-08 14:13:50,121207.0,5221.28831,N,453.91151,E,24.2,1019.89,364.17,46
2026-05-08 14:13:55,121212.0,5221.28968,N,453.91509,E,24.3,1019.84,555.0,45
2026-05-08 14:14:00,121217.0,5221.28773,N,453.91772,E,24.2,1019.91,191.67,47
2026-05-08 14:14:05,121222.0,5221.28482,N,453.91943,E,24.2,1019.92,128.33,47
2026-05-08 14:14:10,121227.0,5221.28126,N,453.92143,E,23.9,1019.86,348.33,46
2026-05-08 14:14:15,121232.0,5221.27825,N,453.92397,E,23.8,1019.86,416.67,45
2026-05-08 14:14:20,121237.0,5221.27505,N,453.92546,E,23.9,1019.84,607.5,46
2026-05-08 14:14:25,121242.0,5221.27201,N,453.92805,E,23.8,1019.85,349.17,47
2026-05-08 14:14:30,121247.0,5221.26914,N,453.93179,E,23.7,1019.87,618.33,48
2026-05-08 14:14:35,121252.0,5221.26521,N,453.93362,E,23.7,1019.79,875.0,46
2026-05-08 14:14:40,121257.0,5221.26203,N,453.93524,E,23.7,1019.81,689.17,44
2026-05-08 14:14:45,121302.0,5221.25861,N,453.93673,E,23.4,1018.82,16791.67,46
2026-05-08 14:14:50,121307.0,5221.25517,N,453.93833,E,23.4,1018.74,54612.5,46
2026-05-08 14:14:55,121312.0,5221.25093,N,453.94051,E,23.5,1019.38,13300.83,46
2026-05-08 14:15:00,121317.0,5221.24721,N,453.94151,E,22.9,1018.77,54612.5,44
2026-05-08 14:15:05,121322.0,5221.24427,N,453.94389,E,23.6,1019.8,2075.0,46
2026-05-08 14:15:10,121327.0,5221.24425,N,453.94196,E,23.3,1019.84,1834.17,45
2026-05-08 14:15:15,121332.0,5221.24197,N,453.93774,E,23.3,1019.89,1822.5,45
2026-05-08 14:15:20,121337.0,5221.2407,N,453.93222,E,23.4,1019.82,1830.0,46
2026-05-08 14:15:25,121342.0,5221.23993,N,453.92607,E,23.4,1019.83,1957.5,45
2026-05-08 14:15:30,121347.0,5221.24079,N,453.92023,E,23.3,1019.81,1718.33,45
2026-05-08 14:15:35,121352.0,5221.24056,N,453.91459,E,23.1,1019.81,1851.67,46
2026-05-08 14:15:41,121357.0,5221.23951,N,453.91008,E,23.0,1019.8,1837.5,45
2026-05-08 14:15:46,121402.0,5221.23862,N,453.90527,E,23.0,1019.84,1955.83,45
2026-05-08 14:15:51,121407.0,5221.23764,N,453.90055,E,22.7,1019.74,1765.0,43
2026-05-08 14:15:56,121412.0,5221.23735,N,453.89534,E,22.6,1019.78,1751.67,44
2026-05-08 14:16:01,121417.0,5221.23636,N,453.88981,E,22.2,1019.7,1702.5,45
2026-05-08 14:16:06,121422.0,5221.23552,N,453.88479,E,22.1,1019.77,1708.33,44
2026-05-08 14:16:11,121428.0,5221.23456,N,453.87877,E,21.9,1019.85,1662.5,44
2026-05-08 14:16:16,121433.0,5221.23444,N,453.87456,E,22.0,1019.78,1367.5,44
2026-05-08 14:16:21,121438.0,5221.23366,N,453.86951,E,21.9,1019.82,1400.83,43
2026-05-08 14:16:26,121443.0,5221.23281,N,453.86444,E,21.9,1019.73,1246.67,44
2026-05-08 14:16:31,121448.0,5221.23324,N,453.85906,E,21.9,1019.79,1521.67,45
2026-05-08 14:16:36,121453.0,5221.23221,N,453.85526,E,22.0,1019.68,1810.83,44
2026-05-08 14:16:41,121458.0,5221.23092,N,453.84969,E,22.1,1019.76,1736.67,44
2026-05-08 14:16:46,121503.0,5221.22894,N,453.84467,E,22.1,1019.81,1524.17,43
2026-05-08 14:16:51,121508.0,5221.22859,N,453.83853,E,22.2,1019.74,1625.83,44
2026-05-08 14:16:56,121513.0,5221.22712,N,453.83363,E,22.2,1019.83,1542.5,45
2026-05-08 14:17:01,121518.0,5221.22591,N,453.82908,E,22.2,1019.85,1995.0,44
2026-05-08 14:17:06,121523.0,5221.2243,N,453.82451,E,22.2,1019.82,1980.0,44
2026-05-08 14:17:11,121528.0,5221.2221,N,453.8189,E,22.2,1019.84,1665.83,44
2026-05-08 14:17:16,121533.0,5221.22002,N,453.81182,E,22.2,1019.81,1713.33,45
2026-05-08 14:17:21,121538.0,5221.21958,N,453.80558,E,22.2,1019.94,1698.33,46
2026-05-08 14:17:26,121543.0,5221.21875,N,453.79917,E,22.3,1019.78,1927.5,44
2026-05-08 14:17:31,121548.0,5221.21788,N,453.79462,E,22.4,1019.85,1799.17,45
2026-05-08 14:17:36,121553.0,5221.21717,N,453.78878,E,22.4,1019.82,1817.5,43
2026-05-08 14:17:41,121558.0,5221.21641,N,453.78305,E,22.4,1019.83,1955.0,46
2026-05-08 14:17:46,121603.0,5221.21425,N,453.77691,E,22.4,1019.79,2085.0,45
2026-05-08 14:17:51,121608.0,5221.21241,N,453.77164,E,22.4,1019.85,1940.0,44
2026-05-08 14:17:56,121613.0,5221.211,N,453.76641,E,22.4,1019.92,1929.17,45
2026-05-08 14:18:01,121618.0,5221.21078,N,453.76125,E,22.3,1019.85,1960.83,45
2026-05-08 14:18:06,121623.0,5221.20986,N,453.755,E,22.3,1019.8,2080.0,44
2026-05-08 14:18:11,121628.0,5221.20777,N,453.74977,E,22.3,1019.86,1858.33,44
2026-05-08 14:18:16,121633.0,5221.20603,N,453.74312,E,22.3,1019.85,2044.17,45
2026-05-08 14:18:21,121638.0,5221.20507,N,453.73736,E,22.2,1019.87,1822.5,43
2026-05-08 14:18:26,121643.0,5221.20444,N,453.73197,E,22.3,1019.84,2074.17,43
2026-05-08 14:18:31,121648.0,5221.20294,N,453.7264,E,22.0,1019.81,2035.83,43
2026-05-08 14:18:36,121653.0,5221.20255,N,453.72074,E,22.2,1019.88,2006.67,43
2026-05-08 14:18:41,121658.0,5221.2013,N,453.71466,E,22.1,1019.83,1962.5,43
2026-05-08 14:18:46,121703.0,5221.20174,N,453.71071,E,22.2,1019.9,615.83,43
2026-05-08 14:19:16,121733.0,5221.20673,N,453.70882,E,-151.7,1642.59,-1.0,40
2026-05-08 14:19:21,121738.0,5221.20615,N,453.70408,E,-66.2,42.25,-1.0,46
2026-05-08 14:19:26,121743.0,5221.20509,N,453.70292,E,22.3,1020.01,9.17,49
2026-05-08 14:19:31,121748.0,5221.20087,N,453.70552,E,22.4,1020.04,9.17,51
2026-05-08 14:19:36,121753.0,5221.20188,N,453.70801,E,22.4,1019.98,13.33,50
2026-05-08 14:19:41,121758.0,5221.20405,N,453.71179,E,22.4,1020.02,14.17,50
2026-05-08 14:19:46,121803.0,5221.20553,N,453.71709,E,22.4,1020.02,15.0,49
2026-05-08 14:19:51,121808.0,5221.20812,N,453.72045,E,22.5,1020.01,15.0,48
2026-05-08 14:19:56,121813.0,5221.21014,N,453.72416,E,22.5,1019.96,15.0,49
2026-05-08 14:20:01,121818.0,5221.21121,N,453.72831,E,22.6,1019.91,10.0,48
2026-05-08 14:20:06,121823.0,5221.21244,N,453.73272,E,22.6,1019.93,10.83,48
2026-05-08 14:20:11,121828.0,5221.21328,N,453.73664,E,22.6,1020.0,11.67,49
2026-05-08 14:20:16,121833.0,5221.21568,N,453.74321,E,22.7,1020.0,10.83,48
2026-05-08 14:20:21,121838.0,5221.21582,N,453.74953,E,22.7,1019.92,10.0,47
2026-05-08 14:20:26,121843.0,5221.21686,N,453.75399,E,22.8,1020.01,10.83,47
2026-05-08 14:20:31,121848.0,5221.21699,N,453.76179,E,22.8,1020.03,10.83,47
2026-05-08 14:20:36,121853.0,5221.21802,N,453.76599,E,22.8,1020.04,11.67,48
2026-05-08 14:20:41,121858.0,5221.21976,N,453.77116,E,22.8,1019.99,15.0,47
2026-05-08 14:20:46,121903.0,5221.2204,N,453.77476,E,22.9,1019.91,13.33,47
2026-05-08 14:20:51,121908.0,5221.2212,N,453.78133,E,22.9,1020.01,15.83,47
2026-05-08 14:20:56,121913.0,5221.22134,N,453.78629,E,23.0,1019.88,12.5,48
2026-05-08 14:21:01,121918.0,5221.22266,N,453.79157,E,23.0,1020.0,12.5,49
2026-05-08 14:21:06,121923.0,5221.22405,N,453.79484,E,23.0,1019.97,12.5,47
2026-05-08 14:22:11,122028.0,,,,,,,,39
2026-05-08 14:22:16,122033.0,5221.22981,N,453.82746,E,,,,42
2026-05-08 14:22:21,122038.0,5221.2312,N,453.82663,E,,,,46
2026-05-08 14:23:33,122149.0,5221.23284,N,453.82459,E,23.6,1020.0,634.17,46
2026-05-08 14:23:38,122154.0,5221.23237,N,453.82531,E,23.6,1019.98,671.67,49
2026-05-08 14:23:43,122159.0,5221.23338,N,453.82607,E,23.6,1019.88,770.0,49
2026-05-08 14:23:48,122204.0,5221.23383,N,453.82573,E,23.7,1019.97,5.83,48
2026-05-08 14:23:53,122209.0,5221.22978,N,453.82698,E,-53.5,65.34,-1.0,48
2026-05-08 14:23:58,122215.0,5221.23203,N,453.83164,E,23.8,1019.95,9.17,48
2026-05-08 14:24:03,122220.0,5221.23355,N,453.83574,E,23.9,1020.02,8.33,47
2026-05-08 14:24:08,122225.0,5221.23493,N,453.8399,E,23.9,1020.0,10.83,47
2026-05-08 14:24:13,122230.0,5221.23486,N,453.84324,E,-66.2,42.25,-1.0,46
2026-05-08 14:24:18,122235.0,5221.2361,N,453.84785,E,-66.2,42.25,-1.0,46
2026-05-08 14:24:23,122240.0,5221.2362,N,453.85191,E,-66.2,42.25,-1.0,46
2026-05-08 14:24:28,122245.0,5221.23867,N,453.85684,E,-66.2,42.25,-1.0,46
2026-05-08 14:24:33,122250.0,5221.23889,N,453.85876,E,23.9,1019.95,135.0,48
2026-05-08 14:24:38,122255.0,5221.23819,N,453.85697,E,23.9,1020.0,1200.83,45
2026-05-08 14:24:43,122300.0,5221.23739,N,453.85614,E,23.9,1020.03,1032.5,72
2026-05-08 14:24:48,122305.0,5221.24038,N,453.85954,E,23.8,1020.0,103.33,42
2026-05-08 14:24:53,122310.0,5221.24065,N,453.8619,E,23.8,1020.02,10.83,41
2026-05-08 14:24:58,122315.0,5221.23998,N,453.86794,E,-108.6,1873.49,-1.0,42
2026-05-08 14:25:03,122320.0,5221.23968,N,453.87095,E,23.9,1020.07,10.0,41
2026-05-08 14:25:08,122325.0,5221.24141,N,453.87408,E,23.9,1020.01,10.83,41
2026-05-08 14:25:13,122330.0,5221.24373,N,453.87824,E,23.9,1020.07,9.17,40
2026-05-08 14:25:18,122335.0,5221.24379,N,453.88425,E,23.9,1020.11,10.83,40
2026-05-08 14:25:23,122340.0,5221.24493,N,453.89049,E,23.9,1019.98,10.83,40
2026-05-08 14:25:28,122345.0,5221.2466,N,453.89485,E,23.9,1020.0,12.5,40
2026-05-08 14:25:33,122350.0,5221.24869,N,453.89972,E,23.9,1020.02,9.17,40
2026-05-08 14:25:38,122355.0,5221.25015,N,453.90422,E,23.9,1020.01,10.0,39
2026-05-08 14:25:43,122400.0,5221.25107,N,453.90959,E,23.9,1020.04,10.0,39
2026-05-08 14:25:48,122405.0,5221.25188,N,453.91439,E,23.9,1020.07,11.67,39
2026-05-08 14:25:53,122410.0,5221.25167,N,453.92022,E,23.9,1020.03,13.33,39
2026-05-08 14:25:58,122415.0,5221.25313,N,453.92574,E,24.0,1020.1,12.5,39
2026-05-08 14:26:03,122420.0,5221.25325,N,453.93316,E,24.0,1019.99,15.83,39
2026-05-08 14:26:08,122425.0,5221.25328,N,453.93996,E,24.0,1020.06,15.83,38
2026-05-08 14:26:13,122430.0,5221.25109,N,453.9457,E,24.0,1020.04,24.17,39
2026-05-08 14:26:18,122435.0,5221.25032,N,453.95046,E,24.0,1020.08,34.17,39
2026-05-08 14:26:23,122440.0,5221.25213,N,453.95501,E,23.9,1020.02,80.83,39
2026-05-08 14:26:28,122445.0,5221.25506,N,453.95564,E,23.8,1020.0,53.33,40
2026-05-08 14:26:33,122450.0,5221.25656,N,453.95419,E,23.7,1020.03,106.67,39
2026-05-08 14:26:38,122455.0,5221.25716,N,453.95318,E,23.2,1020.05,119.17,39
2026-05-08 14:26:43,122500.0,5221.25932,N,453.95575,E,23.4,1020.11,46.67,39
2026-05-08 14:26:48,122505.0,5221.26122,N,453.96079,E,23.5,1020.08,68.33,38
2026-05-08 14:26:53,122510.0,5221.26339,N,453.96557,E,23.6,1020.09,64.17,39
2026-05-08 14:26:58,122515.0,5221.26419,N,453.96932,E,23.6,1020.05,17.5,38
2026-05-08 14:27:03,122520.0,5221.26517,N,453.97515,E,23.6,1020.09,16.67,38
2026-05-08 14:27:08,122525.0,5221.26649,N,453.97873,E,23.7,1020.11,20.0,39
2026-05-08 14:27:13,122530.0,5221.26947,N,453.98179,E,23.7,1020.08,22.5,38
2026-05-08 14:27:18,122535.0,5221.27121,N,453.98664,E,23.7,1020.07,33.33,38
2026-05-08 14:27:23,122540.0,5221.27363,N,453.99154,E,23.7,1020.11,17.5,39
2026-05-08 14:27:28,122545.0,5221.27523,N,453.99811,E,23.7,1020.09,17.5,38
2026-05-08 14:27:33,122550.0,5221.2769,N,454.00499,E,23.7,1020.08,20.83,39
2026-05-08 14:27:38,122555.0,5221.27852,N,454.01282,E,23.6,1020.16,19.17,38
2026-05-08 14:27:43,122600.0,5221.27954,N,454.01965,E,23.4,1020.05,16.67,38
2026-05-08 14:27:48,122605.0,5221.28073,N,454.02569,E,23.4,1020.07,23.33,39
2026-05-08 14:27:53,122610.0,5221.28217,N,454.03208,E,23.4,1020.03,18.33,38
2026-05-08 14:27:58,122615.0,5221.28302,N,454.03692,E,23.4,1020.07,22.5,38
2026-05-08 14:28:03,122620.0,5221.28244,N,454.04174,E,23.3,1019.71,9475.83,38
2026-05-08 14:28:08,122625.0,5221.28162,N,454.04632,E,23.4,1019.88,3390.83,38
2026-05-08 14:28:13,122630.0,5221.28153,N,454.04811,E,23.5,1019.9,2078.33,39
2026-05-08 14:28:18,122635.0,5221.28086,N,454.04819,E,23.6,1020.03,954.17,39
2026-05-08 13:05:05,,,,,,23.5,1019.78,5540.0,83
2026-05-08 13:05:10,,,,,,23.5,1019.73,16393.33,224
2026-05-08 13:05:24,,,,,,23.5,1019.57,50759.16,194
2026-05-08 13:05:29,,,,,,23.6,1019.56,5830.0,173
2026-05-08 13:05:34,,,,,,23.8,1019.87,5153.33,157
2026-05-08 13:05:57,,,,,,23.6,1019.77,5170.0,115
2026-05-08 13:06:02,,,,,,23.3,1019.41,27759.17,108
2026-05-18 14:29:57,122756.99,,,,,23.7,1014.31,27147.5,93
2026-05-18 14:30:02,122802.0,,,,,23.8,1014.37,21707.5,184
2026-05-18 14:30:07,122807.0,,,,,23.5,1014.32,10755.0,564
2026-05-18 14:30:12,122812.0,,,,,23.4,1014.54,14150.83,62
2026-05-18 14:30:17,122817.0,,,,,23.3,1014.06,54612.5,849
2026-05-18 14:30:22,122822.0,,,,,23.5,1013.9,54612.5,635
2026-05-18 14:30:27,122827.0,,,,,23.5,1013.75,54612.5,222
2026-05-18 14:30:32,122832.0,,,,,23.7,1014.05,54612.5,620
2026-05-18 15:09:52,130750.0,5221.23705,N,453.73992,E,22.4,1015.17,728.33,332
2026-05-18 15:09:57,130755.0,5221.23339,N,453.7366,E,22.4,1015.17,3419.17,278
2026-05-18 15:10:02,130800.0,5221.23275,N,453.73664,E,22.5,1015.14,4296.67,155
2026-05-18 15:10:07,130805.0,5221.23207,N,453.73543,E,22.4,1015.13,4301.67,228
2026-05-18 15:10:12,130810.0,5221.22999,N,453.73499,E,22.5,1015.1,3985.83,237
2026-05-18 15:10:44,130843.0,5221.23253,N,453.72778,E,22.4,1015.27,2778.33,606
2026-05-18 15:10:49,130848.0,5221.22853,N,453.72825,E,22.3,1015.19,2387.5,468
2026-05-18 15:10:54,130853.0,5221.22782,N,453.72868,E,22.1,1015.17,2331.67,76
2026-05-18 15:10:59,130858.0,5221.22767,N,453.72972,E,22.2,1015.22,3192.5,171
2026-05-18 15:11:04,130903.0,5221.22703,N,453.73022,E,22.2,1015.09,3901.67,278
2026-05-18 15:11:10,130908.0,5221.22692,N,453.72958,E,22.2,1015.16,2830.0,541
2026-05-18 15:11:15,130913.0,5221.22686,N,453.72902,E,70.6,6.38,-1.0,283
2026-05-18 15:11:20,130918.0,5221.2263,N,453.72936,E,22.3,1015.07,4490.83,408
2026-05-18 15:11:25,130923.0,5221.22642,N,453.72967,E,-34.8,2024.75,-1.0,513
2026-05-18 15:11:30,130928.0,5221.22625,N,453.73016,E,143.8,1165.4,-1.0,405
2026-05-18 15:11:35,130933.0,5221.22613,N,453.73074,E,22.3,1015.18,480.0,290
2026-05-18 15:11:40,130938.0,5221.22635,N,453.73143,E,22.2,1015.11,2112.5,256
2026-05-18 15:11:45,130943.0,5221.22768,N,453.73128,E,22.3,1015.19,378.33,355
2026-05-18 15:11:50,130948.0,5221.22849,N,453.73127,E,22.2,1015.07,3449.17,78
2026-05-18 15:11:55,130953.0,5221.22858,N,453.73145,E,22.2,1015.13,2340.0,608
2026-05-18 15:12:00,130958.0,5221.23046,N,453.73098,E,22.1,1015.06,2963.33,262
2026-05-18 15:12:05,131003.0,5221.23117,N,453.73103,E,22.1,1015.13,6322.5,207
2026-05-18 15:12:10,131008.0,5221.23071,N,453.73179,E,-20.2,2155.61,-1.0,264
2026-05-18 15:12:15,131013.0,5221.23039,N,453.73259,E,32.1,416.57,-1.0,339
2026-05-18 15:12:20,131018.0,5221.23111,N,453.73292,E,106.2,995.94,-1.0,391
2026-05-18 15:12:25,131023.0,5221.23125,N,453.73334,E,149.9,1400.7,-1.0,424
2026-05-18 15:12:30,131028.0,5221.23122,N,453.73409,E,168.3,1575.6,-1.0,438
2026-05-18 15:12:35,131033.0,5221.23079,N,453.73448,E,22.3,1015.26,4985.0,703
2026-05-18 15:12:40,131038.0,5221.23138,N,453.73474,E,22.4,1015.14,5027.5,692
2026-05-18 15:12:45,131043.0,5221.23152,N,453.73471,E,22.4,1015.12,5936.67,569
2026-05-18 15:12:50,131048.0,5221.23185,N,453.73502,E,22.4,1015.18,6356.67,249
2026-05-18 15:12:55,131053.0,5221.23181,N,453.73517,E,22.4,1015.17,6533.33,260
2026-05-18 15:13:00,131058.0,5221.23088,N,453.73512,E,22.5,1015.11,6787.5,268
2026-05-18 15:13:05,131103.0,5221.23108,N,453.73521,E,22.5,1015.16,6717.5,276
2026-05-18 15:13:10,131108.0,5221.23063,N,453.73519,E,22.6,1015.14,6574.17,283
2026-05-18 15:13:15,131113.0,5221.23011,N,453.73534,E,22.6,1015.17,6391.67,288
2026-05-18 15:13:20,131118.0,5221.23014,N,453.73536,E,22.7,1015.25,6460.0,296
2026-05-18 15:13:25,131123.0,5221.22959,N,453.73515,E,22.7,1015.16,6251.67,294
2026-05-18 15:13:30,131128.0,5221.229,N,453.73505,E,22.7,1015.23,6254.17,312
2026-05-18 15:13:35,131133.0,5221.22852,N,453.73482,E,22.8,1015.14,5885.0,320
2026-05-18 15:13:40,131138.0,5221.22741,N,453.7357,E,22.7,1015.05,6848.33,425
2026-05-18 15:13:45,131143.0,5221.22815,N,453.73393,E,22.8,1015.07,7905.0,522
2026-05-18 15:13:50,131148.0,5221.22856,N,453.73366,E,22.8,1014.97,5915.83,168
2026-05-18 15:13:55,131153.0,5221.22872,N,453.73376,E,22.9,1015.11,1777.5,356
2026-05-18 15:14:00,131158.0,5221.22926,N,453.73306,E,22.9,1015.08,4084.17,286
2026-05-18 15:14:05,131203.0,5221.22955,N,453.73288,E,22.9,1015.05,7262.5,938
2026-05-18 15:14:10,131208.0,5221.22931,N,453.73306,E,23.0,1015.0,6971.67,805
2026-05-18 15:14:15,131213.0,5221.22928,N,453.73332,E,23.0,1014.98,7357.5,776
2026-05-18 15:14:20,131218.0,5221.22918,N,453.73347,E,23.0,1014.96,7645.83,939
2026-05-18 15:14:25,131223.0,5221.22907,N,453.73442,E,22.9,1014.8,6339.17,939
2026-05-18 15:14:30,131228.0,5221.22929,N,453.73535,E,22.9,1014.94,6945.0,939
2026-05-18 15:14:35,131233.0,5221.2303,N,453.74007,E,22.8,1014.93,6192.5,940
2026-05-18 15:14:40,131238.0,5221.23159,N,453.74333,E,22.5,1014.79,8475.0,328
2026-05-18 15:14:45,131243.0,5221.23194,N,453.74834,E,22.4,1014.84,6846.67,151
2026-05-18 15:14:50,131248.0,5221.23154,N,453.75383,E,22.4,1014.77,7538.33,205
2026-05-18 15:14:55,131253.0,5221.23129,N,453.75964,E,22.1,1014.87,7635.83,233
2026-05-18 15:15:00,131258.0,5221.23163,N,453.76503,E,22.1,1014.85,6575.0,179
2026-05-18 15:15:05,131303.0,5221.23236,N,453.77095,E,22.1,1014.79,5829.17,138
2026-05-18 15:15:10,131308.0,5221.23328,N,453.7754,E,22.0,1014.93,6136.67,197
2026-05-18 15:15:15,131313.0,5221.23407,N,453.78152,E,22.0,1014.86,9838.33,157
2026-05-18 15:15:20,131318.0,5221.23543,N,453.78783,E,21.9,1014.92,10137.5,74
2026-05-18 15:15:25,131323.0,5221.23751,N,453.79339,E,22.0,1014.93,3703.33,123
2026-05-18 15:15:30,131328.0,5221.23943,N,453.7988,E,22.0,1015.06,2891.67,331
2026-05-18 15:15:35,131333.0,5221.24153,N,453.80382,E,22.1,1015.0,1795.0,499
2026-05-18 15:15:40,131338.0,5221.24251,N,453.80819,E,22.1,1015.11,1977.5,184
2026-05-18 15:15:45,131343.0,5221.24365,N,453.81238,E,21.9,1014.97,1698.33,159
2026-05-18 15:15:50,131348.0,5221.24511,N,453.81671,E,21.9,1015.06,1596.67,179
2026-05-18 15:15:55,131353.0,5221.24788,N,453.82166,E,21.9,1014.97,1427.5,317
2026-05-18 15:16:00,131358.0,5221.25115,N,453.82648,E,21.8,1014.83,4218.33,244
2026-05-18 15:16:05,131403.0,5221.2544,N,453.83052,E,21.9,1014.82,6623.33,253
2026-05-18 15:16:10,131408.0,5221.25699,N,453.83635,E,21.6,1014.84,4299.17,270
2026-05-18 15:16:15,131413.0,5221.25932,N,453.83919,E,21.6,1014.87,2760.83,313
2026-05-18 15:16:20,131419.0,5221.26057,N,453.8441,E,21.6,1014.87,7140.83,307
2026-05-18 15:16:25,131424.0,5221.26137,N,453.8502,E,21.7,1014.9,3525.0,411
2026-05-18 15:16:30,131429.0,5221.26212,N,453.8567,E,21.8,1014.96,7629.17,258
2026-05-18 15:16:35,131434.0,5221.26367,N,453.86438,E,21.7,1014.98,7311.67,260
2026-05-18 15:16:40,131439.0,5221.2651,N,453.87132,E,21.5,1014.94,3302.5,268
2026-05-18 15:16:45,131444.0,5221.26647,N,453.87797,E,21.1,1014.92,4080.83,306
2026-05-18 15:16:50,131449.0,5221.26822,N,453.88313,E,20.9,1014.91,7139.17,279
2026-05-18 15:16:55,131454.0,5221.27036,N,453.88872,E,20.8,1014.82,8652.5,247
2026-05-18 15:17:00,131459.0,5221.27265,N,453.89235,E,20.7,1014.78,9015.83,329
2026-05-18 15:17:05,131504.0,5221.27554,N,453.89501,E,20.4,1014.73,3607.5,338
2026-05-18 15:17:10,131509.0,5221.27769,N,453.89809,E,20.6,1014.94,1894.17,338
2026-05-18 15:17:15,131514.0,5221.28073,N,453.89927,E,20.2,1014.43,10662.5,273
2026-05-18 15:17:20,131519.0,5221.28491,N,453.89676,E,20.4,1014.76,7104.17,214
2026-05-18 15:17:25,131524.0,5221.28869,N,453.89517,E,20.5,1014.92,3295.0,273
2026-05-18 15:17:30,131529.0,5221.29162,N,453.89256,E,20.5,1014.83,3923.33,353
2026-05-18 15:17:35,131534.0,5221.29562,N,453.88937,E,20.6,1014.94,1086.67,309
2026-05-18 15:17:40,131539.0,5221.29833,N,453.88644,E,20.4,1014.93,252.5,277
2026-05-18 15:17:45,131544.0,5221.3004,N,453.88348,E,20.2,1014.68,6874.17,187
2026-05-18 15:17:50,131549.0,5221.30249,N,453.87905,E,20.2,1014.81,4901.67,308
2026-05-18 15:17:55,131554.0,5221.30406,N,453.87577,E,20.0,1014.78,6775.0,321
2026-05-18 15:18:00,131559.0,5221.30629,N,453.87061,E,20.1,1015.0,2056.67,308
2026-05-18 15:18:05,131604.0,5221.3075,N,453.86616,E,19.8,1014.98,1939.17,465
2026-05-18 15:18:10,131609.0,5221.30718,N,453.85992,E,19.6,1014.98,3951.67,580
2026-05-18 15:18:15,131614.0,5221.30679,N,453.85376,E,19.6,1015.07,3948.33,195
2026-05-18 15:18:20,131619.0,5221.30566,N,453.84893,E,19.7,1015.03,2826.67,441
2026-05-18 15:18:25,131624.0,5221.3047,N,453.84363,E,19.9,1014.94,3725.83,339
2026-05-18 15:18:30,131629.0,5221.30291,N,453.83815,E,19.9,1014.94,9847.5,441
2026-05-18 15:18:35,131634.0,5221.29994,N,453.83234,E,19.8,1014.96,10317.5,496
2026-05-18 15:18:40,131639.0,5221.29653,N,453.8287,E,19.8,1014.89,25205.83,459
2026-05-18 15:18:45,131644.0,5221.29403,N,453.82353,E,19.6,1014.35,18443.33,477
2026-05-18 15:18:50,131649.0,5221.29291,N,453.81679,E,19.8,1014.63,16448.33,468
2026-05-18 15:18:55,131654.0,5221.29197,N,453.81068,E,19.8,1014.53,13351.67,345
2026-05-18 15:19:00,131659.0,5221.29125,N,453.8047,E,19.9,1014.44,13917.5,368
2026-05-18 15:19:05,131704.0,5221.29075,N,453.7985,E,19.9,1014.34,13291.67,450
2026-05-18 15:19:10,131709.0,5221.29089,N,453.7906,E,19.4,1014.31,12190.0,396
2026-05-18 15:19:15,131714.0,5221.29236,N,453.78396,E,19.9,1014.7,11835.83,393
2026-05-18 15:19:20,131719.0,5221.29305,N,453.77737,E,19.7,1014.96,7491.67,395
2026-05-18 15:19:25,131724.0,5221.29328,N,453.7723,E,19.5,1014.92,6999.17,652
2026-05-18 15:19:30,131729.0,5221.29332,N,453.76689,E,19.6,1014.98,5075.0,526
2026-05-18 15:19:35,131734.0,5221.29365,N,453.75954,E,19.6,1015.01,4418.33,252
2026-05-18 15:19:40,131739.0,5221.29238,N,453.7542,E,19.7,1014.96,2512.5,285
2026-05-18 15:19:45,131744.0,5221.29191,N,453.74882,E,19.7,1014.98,7655.83,639
2026-05-18 15:19:50,131749.0,5221.28973,N,453.74319,E,19.7,1014.94,3822.5,399
2026-05-18 15:19:55,131754.0,5221.28801,N,453.73685,E,19.7,1015.0,442.5,213
2026-05-18 15:20:00,131759.0,5221.28671,N,453.73176,E,19.7,1015.02,3149.17,369
2026-05-18 15:20:05,131804.0,5221.28536,N,453.72633,E,19.6,1015.02,9790.83,366
2026-05-18 15:20:10,131809.0,5221.28405,N,453.72131,E,19.6,1015.1,4632.5,312
2026-05-18 15:20:15,131814.0,5221.28108,N,453.71338,E,19.5,1015.01,3381.67,245
2026-05-18 15:20:20,131819.0,5221.278,N,453.70821,E,19.4,1014.93,7562.5,266
2026-05-18 15:20:25,131824.0,5221.27616,N,453.7055,E,19.5,1015.01,666.67,285
2026-05-18 15:20:30,131829.0,5221.27459,N,453.69903,E,19.6,1014.97,7541.67,384
2026-05-18 15:20:35,131834.0,5221.27071,N,453.69353,E,19.8,1015.03,6847.5,695
2026-05-18 15:20:40,131839.0,5221.26704,N,453.68942,E,19.7,1015.0,7162.5,221
2026-05-18 15:20:45,131844.0,5221.26429,N,453.68586,E,19.8,1015.02,6420.83,266
2026-05-18 15:20:50,131849.0,5221.26099,N,453.68301,E,19.7,1014.84,13651.67,260
2026-05-18 15:20:55,131854.0,5221.2577,N,453.68109,E,19.7,1014.88,13510.0,240
2026-05-18 15:21:00,131859.0,5221.25373,N,453.67819,E,19.7,1014.98,10857.5,311
2026-05-18 15:21:05,131904.0,5221.2505,N,453.67494,E,19.7,1014.95,7586.67,290
2026-05-18 15:21:10,131909.0,5221.24776,N,453.6717,E,19.7,1014.96,6201.67,294
2026-05-18 15:21:15,131914.0,5221.24449,N,453.66801,E,19.7,1015.03,1520.0,323
2026-05-18 15:21:20,131919.0,5221.24166,N,453.66502,E,19.7,1014.99,1219.17,313
2026-05-18 15:21:25,131924.0,5221.23945,N,453.66075,E,19.8,1015.03,497.5,353
2026-05-18 15:21:30,131929.0,5221.2382,N,453.6556,E,19.6,1014.79,4729.17,296
2026-05-18 15:21:35,131934.0,5221.23783,N,453.65011,E,19.6,1014.44,11026.67,307
2026-05-18 15:21:40,131939.0,5221.237,N,453.6467,E,19.8,1014.93,6000.0,430
2026-05-18 15:21:45,131944.0,5221.23815,N,453.64585,E,19.9,1015.01,5892.5,326
2026-05-18 15:21:50,131949.0,5221.23961,N,453.64331,E,19.9,1015.0,5736.67,322
2026-05-18 15:21:55,131954.0,5221.24269,N,453.64217,E,19.8,1015.02,5421.67,303
2026-05-18 15:22:00,131959.0,5221.24549,N,453.64066,E,19.8,1014.97,6400.0,328
2026-05-18 15:22:05,132004.0,5221.24886,N,453.63917,E,19.9,1014.96,6244.17,314
2026-05-18 15:22:10,132009.0,5221.25215,N,453.63681,E,19.8,1015.0,6386.67,335
2026-05-18 15:22:15,132014.0,5221.25547,N,453.63424,E,19.9,1014.94,6534.17,291
2026-05-18 15:22:20,132019.0,5221.25961,N,453.63068,E,19.9,1014.86,7395.83,392
2026-05-18 15:22:26,132024.0,5221.26216,N,453.62554,E,19.8,1014.9,12132.5,327
2026-05-18 15:22:31,132029.0,5221.26336,N,453.61926,E,19.8,1015.03,11044.17,406
2026-05-18 15:22:36,132034.0,5221.26245,N,453.61431,E,19.7,1014.95,10646.67,293
2026-05-18 15:22:41,132039.0,5221.26275,N,453.60997,E,19.7,1015.04,9195.0,344
2026-05-18 15:22:46,132044.0,5221.26216,N,453.60546,E,19.7,1014.92,10230.0,385
2026-05-18 15:22:51,132049.0,5221.26183,N,453.60052,E,19.7,1014.94,11976.67,785
2026-05-18 15:22:56,132054.0,5221.26217,N,453.59399,E,19.7,1015.0,11712.5,293
2026-05-18 15:23:01,132059.0,5221.2622,N,453.58826,E,19.7,1014.94,10510.83,262
2026-05-18 15:23:06,132104.0,5221.2617,N,453.58142,E,19.6,1015.06,10735.0,274
2026-05-18 15:23:11,132109.0,5221.26187,N,453.57458,E,19.5,1014.92,12014.17,237
2026-05-18 15:23:16,132114.0,5221.26076,N,453.56895,E,19.6,1014.9,10079.17,369
2026-05-18 15:23:21,132119.0,5221.26,N,453.56386,E,19.7,1014.94,9207.5,366
2026-05-18 15:23:26,132124.0,5221.26126,N,453.5567,E,19.7,1014.82,11122.5,430
2026-05-18 15:23:31,132129.0,5221.2611,N,453.54806,E,19.8,1014.92,9840.0,316
2026-05-18 15:23:36,132134.0,5221.26015,N,453.54245,E,19.8,1015.04,9815.0,187
2026-05-18 15:23:41,132139.0,5221.26002,N,453.5365,E,19.8,1014.88,9715.83,704
2026-05-18 15:23:46,132144.0,5221.26033,N,453.53046,E,19.8,1014.92,10270.83,661
2026-05-18 15:23:51,132149.0,5221.26126,N,453.52389,E,19.6,1014.93,11529.17,793
2026-05-18 15:23:56,132154.0,5221.2604,N,453.51763,E,19.7,1014.91,9930.83,726
2026-05-18 15:24:01,132159.0,5221.25938,N,453.51047,E,19.7,1014.94,9460.83,377
2026-05-18 15:24:06,132204.0,5221.25851,N,453.50461,E,19.6,1014.83,9148.33,375
2026-05-18 15:24:11,132209.0,5221.25891,N,453.50139,E,19.6,1014.81,9427.5,396
2026-05-18 15:24:16,132214.0,5221.25983,N,453.50025,E,19.5,1014.71,9690.83,575
2026-05-18 15:24:21,132219.0,5221.25843,N,453.49891,E,19.7,1014.8,7587.5,733
2026-05-18 15:24:26,132224.0,5221.25861,N,453.49655,E,19.9,1014.92,6847.5,716
2026-05-18 15:24:31,132229.0,5221.25924,N,453.4945,E,19.9,1014.87,12224.17,587
2026-05-18 15:24:36,132234.0,5221.25905,N,453.48958,E,20.0,1014.98,10065.0,114
2026-05-18 15:24:41,132239.0,5221.25878,N,453.48429,E,20.0,1015.0,3179.17,305
2026-05-18 15:24:46,132244.0,5221.25794,N,453.47853,E,20.0,1014.9,9454.17,452
2026-05-18 15:24:51,132249.0,5221.25671,N,453.47269,E,20.1,1014.9,10835.83,417
2026-05-18 15:24:56,132254.0,5221.25589,N,453.46692,E,19.8,1014.53,11791.67,412
2026-05-18 15:25:01,132259.0,5221.2542,N,453.46078,E,19.8,1014.82,12560.0,399
2026-05-18 15:25:06,132304.0,5221.25195,N,453.45515,E,19.9,1014.86,10979.17,298
2026-05-18 15:25:11,132309.0,5221.25001,N,453.45064,E,19.5,1014.32,13110.83,285
2026-05-18 15:25:16,132314.0,5221.24864,N,453.4455,E,19.7,1014.66,15209.17,820
2026-05-18 15:25:21,132319.0,5221.24777,N,453.44025,E,19.3,1014.26,15131.67,485
2026-05-18 15:25:26,132324.0,5221.24868,N,453.43654,E,19.6,1014.91,11957.5,461
2026-05-18 15:25:31,132329.0,5221.25022,N,453.43484,E,19.7,1015.02,7732.5,318
2026-05-18 15:25:36,132334.0,5221.25086,N,453.43337,E,19.8,1014.98,4266.67,571
2026-05-18 15:25:41,132339.0,5221.25103,N,453.43327,E,19.8,1014.91,7231.67,310
2026-05-18 15:25:46,132344.0,5221.25322,N,453.43347,E,19.8,1014.94,7675.0,436
2026-05-18 15:25:51,132349.0,5221.25725,N,453.43341,E,19.8,1014.94,9159.17,438
2026-05-18 15:25:56,132354.0,5221.26065,N,453.43273,E,19.4,1014.78,10911.67,494
2026-05-18 15:26:01,132359.0,5221.26376,N,453.43176,E,19.5,1014.5,14156.67,533
2026-05-18 15:26:06,132404.0,5221.26658,N,453.43063,E,19.7,1014.91,10757.5,487
2026-05-18 15:26:11,132409.0,5221.27075,N,453.42909,E,19.7,1014.95,8066.67,437
2026-05-18 15:26:16,132414.0,5221.27438,N,453.4288,E,19.7,1014.94,7669.17,377
2026-05-18 15:26:21,132419.0,5221.27734,N,453.42959,E,19.8,1015.0,5634.17,409
2026-05-18 15:26:26,132424.0,5221.28075,N,453.43001,E,19.8,1014.9,10648.33,392
2026-05-18 15:26:31,132429.0,5221.2888,N,453.42177,E,19.4,1014.24,13025.83,113
2026-05-18 15:26:36,132434.0,5221.29153,N,453.4203,E,18.9,1014.31,15253.33,348
2026-05-18 15:26:41,132439.0,5221.29465,N,453.41936,E,19.1,1014.81,10606.67,302
2026-05-18 15:26:46,132444.0,5221.29708,N,453.42089,E,19.2,1015.03,5255.0,427
2026-05-18 15:26:51,132449.0,5221.30023,N,453.42088,E,19.4,1015.06,4325.0,318
2026-05-18 15:26:56,132454.0,5221.3045,N,453.42056,E,19.3,1014.78,9778.33,433
2026-05-18 15:27:01,132459.0,5221.31021,N,453.42153,E,19.1,1014.79,9555.0,533
2026-05-18 15:27:06,132504.0,5221.31495,N,453.42265,E,19.1,1014.73,11781.67,489
2026-05-18 15:27:11,132509.0,5221.31863,N,453.42369,E,18.9,1014.59,13069.17,506
2026-05-18 15:27:16,132514.0,5221.3217,N,453.42568,E,19.1,1014.84,10130.83,495
2026-05-18 15:27:21,132519.0,5221.32419,N,453.42639,E,19.2,1014.91,9321.67,622
2026-05-18 15:27:26,132524.0,5221.32714,N,453.4265,E,19.1,1014.85,9315.0,567
2026-05-18 15:27:31,132529.0,5221.33016,N,453.42461,E,19.3,1014.81,9164.17,681
2026-05-18 15:27:36,132534.0,5221.33379,N,453.42541,E,19.1,1014.82,9665.0,590
2026-05-18 15:27:41,132540.0,5221.33812,N,453.42672,E,19.3,1014.97,8645.83,199
2026-05-18 15:27:46,132545.0,5221.3414,N,453.42839,E,19.4,1014.95,8372.5,297
2026-05-18 15:27:51,132550.0,5221.34508,N,453.43033,E,19.5,1014.92,9000.0,345
2026-05-18 15:27:56,132555.0,5221.34926,N,453.43192,E,19.5,1014.94,9467.5,292
2026-05-18 15:28:01,132600.0,5221.35293,N,453.43297,E,19.5,1014.95,7845.83,334
2026-05-18 15:28:06,132605.0,5221.35759,N,453.43428,E,19.6,1014.96,10050.0,777
2026-05-18 15:28:11,132610.0,5221.36103,N,453.43436,E,19.5,1014.83,9765.0,255
2026-05-18 15:28:16,132615.0,5221.36571,N,453.43407,E,19.5,1014.69,11770.83,301
2026-05-18 15:28:21,132620.0,5221.36984,N,453.43426,E,19.5,1014.73,11565.83,122
2026-05-18 15:28:26,132625.0,5221.37352,N,453.43509,E,19.6,1014.93,9359.17,230
2026-05-18 15:28:31,132630.0,5221.37734,N,453.43596,E,19.7,1014.94,9780.0,282
2026-05-18 15:28:36,132635.0,5221.38108,N,453.4371,E,19.7,1014.9,10102.5,196
2026-05-18 15:28:41,132640.0,5221.38513,N,453.4379,E,19.8,1014.94,10178.33,308
2026-05-18 15:28:46,132645.0,5221.38909,N,453.43914,E,19.9,1014.94,10429.17,312
2026-05-18 15:28:51,132650.0,5221.39356,N,453.44048,E,19.8,1014.89,11166.67,489
2026-05-18 15:28:56,132655.0,5221.39756,N,453.44143,E,19.9,1014.94,10855.0,514
2026-05-18 15:29:01,132700.0,5221.40213,N,453.44091,E,19.7,1014.74,12945.83,598
2026-05-18 15:29:06,132705.0,5221.40613,N,453.44093,E,19.5,1014.91,11161.67,533
2026-05-18 15:29:11,132710.0,5221.40959,N,453.44161,E,19.6,1015.03,8270.0,480
2026-05-18 15:29:16,132715.0,5221.41294,N,453.44248,E,19.7,1014.95,10433.33,169
2026-05-18 15:29:21,132720.0,5221.41644,N,453.44307,E,19.7,1015.0,10485.0,236
2026-05-18 15:29:26,132725.0,5221.41986,N,453.44488,E,19.7,1014.92,10643.33,273
2026-05-18 15:29:31,132730.0,5221.42361,N,453.4459,E,19.7,1014.96,9185.0,289
2026-05-18 15:29:36,132735.0,5221.42688,N,453.44648,E,19.6,1015.02,9005.83,267
2026-05-18 15:29:41,132740.0,5221.43006,N,453.44616,E,19.7,1014.94,9938.33,205
2026-05-18 15:29:46,132745.0,5221.43383,N,453.4439,E,19.4,1014.73,11631.67,529
2026-05-18 15:29:51,132750.0,5221.43851,N,453.44309,E,19.4,1014.7,11350.83,697
2026-05-18 15:29:56,132755.0,5221.44158,N,453.44246,E,19.5,1014.97,9163.33,583
2026-05-18 15:30:01,132800.0,5221.44542,N,453.44275,E,19.5,1014.93,6425.0,490
2026-05-18 15:30:06,132805.0,5221.44791,N,453.44444,E,19.5,1015.02,5856.67,357
2026-05-18 15:30:11,132810.0,5221.44968,N,453.44612,E,19.5,1014.99,6570.83,365
2026-05-18 15:30:16,132815.0,5221.45354,N,453.44711,E,19.5,1014.88,8025.0,352
2026-05-18 15:30:21,132820.0,5221.45834,N,453.44802,E,19.5,1014.97,7076.67,181
2026-05-18 15:30:26,132825.0,5221.46257,N,453.44913,E,19.5,1014.98,6129.17,236
2026-05-18 15:30:31,132830.0,5221.46695,N,453.45116,E,19.4,1014.88,6556.67,289
2026-05-18 15:30:36,132835.0,5221.47025,N,453.45346,E,19.4,1014.91,8588.33,329
2026-05-18 15:30:41,132840.0,5221.47325,N,453.45111,E,19.5,1014.84,9262.5,292
2026-05-18 15:30:46,132845.0,5221.47642,N,453.44599,E,19.3,1014.64,10248.33,369
2026-05-18 15:30:51,132850.0,5221.47744,N,453.44525,E,19.3,1014.71,9595.83,363
2026-05-18 15:30:56,132855.0,5221.47831,N,453.44512,E,19.4,1014.74,10414.17,344
2026-05-18 15:31:01,132900.0,5221.47939,N,453.44465,E,19.5,1014.71,8834.17,343
2026-05-18 15:31:06,132905.0,5221.48039,N,453.44396,E,19.6,1014.69,9813.33,286
2026-05-18 15:31:11,132910.0,5221.48404,N,453.44247,E,19.5,1014.5,12093.33,355
2026-05-18 15:31:16,132915.0,5221.48757,N,453.44241,E,19.7,1014.58,12323.33,311
2026-05-18 15:31:21,132920.0,5221.49094,N,453.43946,E,19.6,1014.2,12835.0,292
2026-05-18 15:31:26,132925.0,5221.49255,N,453.43546,E,19.9,1014.7,8137.5,316
2026-05-18 15:31:31,132930.0,5221.49399,N,453.43139,E,19.9,1014.77,2966.67,290
2026-05-18 15:31:36,132935.0,5221.49432,N,453.42729,E,19.9,1014.8,4035.0,548
2026-05-18 15:31:41,132940.0,5221.49513,N,453.42241,E,189.1,1774.47,-1.0,966
2026-05-18 15:31:46,132945.0,5221.49689,N,453.41689,E,190.4,1786.75,-1.0,967
2026-05-18 15:31:51,132950.0,5221.49844,N,453.41195,E,189.1,1774.47,-1.0,966
2026-05-18 15:31:56,132955.0,5221.50058,N,453.40707,E,189.1,1774.47,-1.0,966
2026-05-18 15:32:01,133000.0,5221.50223,N,453.40179,E,19.1,1014.52,4755.83,962
2026-05-18 15:32:06,133005.0,5221.50378,N,453.39732,E,19.2,1014.43,4591.67,962
2026-05-18 15:32:11,133010.0,5221.50556,N,453.39235,E,193.0,1354.06,2990.0,969
2026-05-18 15:32:16,133015.0,5221.50711,N,453.38782,E,19.6,1014.54,4975.83,962
2026-05-18 15:32:21,133020.0,5221.50851,N,453.38321,E,198.2,1860.33,-1.0,973
2026-05-18 15:32:26,133025.0,5221.51131,N,453.37819,E,19.8,1014.49,5225.83,932
2026-05-18 15:32:31,133030.0,5221.51386,N,453.37251,E,19.7,1249.43,-1.0,963
2026-05-18 15:32:36,133035.0,5221.51566,N,453.36672,E,194.3,1823.66,-1.0,970
2026-05-18 15:32:41,133040.0,5221.51795,N,453.36182,E,19.4,1014.46,5075.83,961
2026-05-18 15:32:46,133045.0,5221.52061,N,453.35664,E,19.5,1014.5,4863.33,962
2026-05-18 15:32:51,133050.0,5221.52252,N,453.35236,E,19.7,1014.31,5613.33,962
2026-05-18 15:32:56,133055.0,5221.52514,N,453.34664,E,19.6,1014.63,6475.83,964
2026-05-18 15:33:01,133100.0,5221.52728,N,453.34158,E,17.4,2426.88,-1.0,788
2026-05-18 15:33:06,133105.0,5221.53044,N,453.33667,E,189.1,1437.69,8485.83,966
2026-05-18 15:33:11,133110.0,5221.53294,N,453.33173,E,189.1,1774.47,-1.0,966
2026-05-18 15:33:16,133115.0,5221.53534,N,453.32757,E,-28.1,128.41,-1.0,822
2026-05-18 15:33:21,133120.0,5221.53796,N,453.32355,E,189.1,1774.47,-1.0,966
2026-05-18 15:33:26,133125.0,5221.54094,N,453.31931,E,19.8,1014.35,5433.33,963
2026-05-18 15:33:31,133130.0,5221.54347,N,453.31593,E,189.1,1774.47,-1.0,966
2026-05-18 15:33:36,133135.0,5221.54611,N,453.31246,E,189.1,1774.47,-1.0,966
2026-05-18 15:33:41,133140.0,5221.54865,N,453.30922,E,22.3,355.69,-1.0,845
2026-05-18 15:33:46,133145.0,5221.55065,N,453.3057,E,15.3,315.71,-1.0,841
2026-05-18 15:33:52,133150.0,5221.55306,N,453.30292,E,19.9,1014.61,3842.5,962
2026-05-18 15:33:57,133155.0,5221.5559,N,453.29893,E,-2.1,227.01,-1.0,832
2026-05-18 15:34:02,133200.0,5221.55822,N,453.29458,E,19.6,1013.71,11240.83,961
2026-05-18 15:34:07,133205.0,5221.55868,N,453.28932,E,189.1,1774.47,-1.0,966
2026-05-18 15:34:12,133210.0,5221.55826,N,453.28415,E,20.2,1014.35,12928.33,817
2026-05-18 15:34:17,133215.0,5221.55696,N,453.27811,E,221.5,2075.33,-1.0,479
2026-05-18 15:34:22,133220.0,5221.55543,N,453.27184,E,20.3,1014.96,4025.83,840
2026-05-18 15:34:27,133225.0,5221.55432,N,453.26744,E,189.1,1774.47,-1.0,966
2026-05-18 15:34:32,133230.0,5221.55313,N,453.2613,E,-28.9,2078.59,-1.0,772
2026-05-18 15:34:37,133235.0,5221.55278,N,453.25687,E,189.1,1774.47,-1.0,966
2026-05-18 15:34:42,133240.0,5221.55112,N,453.25243,E,189.1,1774.47,-1.0,966
2026-05-18 15:34:47,133245.0,5221.54926,N,453.24731,E,187.8,1762.18,-1.0,965
2026-05-18 15:34:52,133250.0,5221.548,N,453.24394,E,9.9,285.96,-1.0,838
2026-05-18 15:34:57,133255.0,5221.54722,N,453.23965,E,11.7,295.85,-1.0,839
2026-05-18 15:35:02,133300.0,5221.5446,N,453.23454,E,193.0,1811.34,-1.0,969
2026-05-18 15:35:07,133305.0,5221.54049,N,453.23348,E,19.7,1014.65,15006.67,745
2026-05-18 15:35:12,133310.0,5221.53747,N,453.23022,E,39.9,468.28,-1.0,600
2026-05-18 15:35:17,133315.0,5221.53442,N,453.22732,E,19.8,1014.62,14924.17,676
2026-05-18 15:35:22,133320.0,5221.53195,N,453.22428,E,239.5,2193.88,-1.0,749
2026-05-18 15:35:27,133325.0,5221.5286,N,453.22119,E,85.8,24.94,-1.0,796
2026-05-18 15:35:32,133330.0,5221.52676,N,453.21964,E,-7.6,2224.44,-1.0,525
2026-05-18 15:35:37,133335.0,5221.52626,N,453.21745,E,63.4,639.68,-1.0,872
2026-05-18 15:35:42,133340.0,5221.52338,N,453.21333,E,42.9,489.25,-1.0,858
2026-05-18 15:35:47,133345.0,5221.5194,N,453.21076,E,-21.9,148.37,-1.0,568
2026-05-18 15:35:52,133350.0,5221.515,N,453.20684,E,-4.3,217.19,-1.0,575
2026-05-18 15:35:57,133355.0,5221.51072,N,453.20304,E,56.2,585.1,-1.0,611
2026-05-18 15:36:02,133400.0,5221.50616,N,453.2002,E,163.0,1525.65,-1.0,434
2026-05-18 15:36:07,133405.0,5221.5021,N,453.19975,E,144.7,1350.84,-1.0,420
2026-05-18 15:36:12,133410.0,5221.49824,N,453.19926,E,112.9,1055.94,-1.0,396
2026-05-18 15:36:17,133415.0,5221.49493,N,453.20039,E,67.7,672.73,-1.0,363
2026-05-18 15:36:22,133420.0,5221.492,N,453.20023,E,38.3,457.84,-1.0,343
2026-05-18 15:36:27,133425.0,5221.48741,N,453.19939,E,96.7,912.93,-1.0,384
2026-05-18 15:36:32,133430.0,5221.48337,N,453.1982,E,114.2,1068.03,-1.0,397
2026-05-18 15:36:37,133435.0,5221.47973,N,453.19907,E,103.5,972.09,-1.0,389
2026-05-18 15:36:42,133440.0,5221.47567,N,453.20017,E,106.2,995.94,-1.0,391
2026-05-18 15:36:47,133445.0,5221.4707,N,453.20006,E,-126.8,1772.03,-1.0,297
2026-05-18 15:36:52,133450.0,5221.46692,N,453.20118,E,45.9,510.24,-1.0,348
2026-05-18 15:36:57,133455.0,5221.4641,N,453.20106,E,64.8,650.55,-1.0,105
2026-05-18 15:37:02,133500.0,5221.46084,N,453.20229,E,20.5,345.55,-1.0,76
2026-05-18 15:37:07,133505.0,5221.46258,N,453.20632,E,76.1,739.88,-1.0,113
2026-05-18 15:37:12,133510.0,5221.46349,N,453.20655,E,35.2,437.09,-1.0,85
2026-05-18 15:37:17,133515.0,5221.46122,N,453.2081,E,27.2,385.92,-1.0,80
2026-05-18 15:37:22,133520.0,5221.44984,N,453.21018,E,64.8,650.55,-1.0,105
2026-05-18 15:37:27,133525.0,5221.44309,N,453.21018,E,173.5,1625.55,-1.0,442
2026-05-18 15:37:32,133530.0,5221.43969,N,453.21126,E,62.0,628.56,-1.0,103
2026-05-18 15:37:37,133535.0,5221.43588,N,453.20672,E,180.0,1687.69,-1.0,191
2026-05-18 15:37:42,133540.0,5221.43374,N,453.20361,E,213.7,2004.65,-1.0,217
2026-05-18 15:37:47,133545.0,5221.42706,N,453.2064,E,-10.3,2200.85,-1.0,268
2026-05-18 15:37:52,133550.0,5221.42178,N,453.21195,E,-2.1,227.01,-1.0,832
2026-05-18 15:37:57,133555.0,5221.41754,N,453.21387,E,220.2,2063.59,-1.0,222
2026-05-18 15:38:02,133600.0,5221.41342,N,453.2132,E,199.5,1872.38,-1.0,206
2026-05-18 15:38:07,133605.0,5221.4097,N,453.21345,E,96.7,912.93,-1.0,384
2026-05-18 15:38:12,133610.0,5221.40594,N,453.21514,E,-48.2,76.38,-1.0,305
2026-05-18 15:38:17,133615.0,5221.40209,N,453.21413,E,69.1,683.83,-1.0,364
2026-05-18 15:38:22,133620.0,5221.39817,N,453.21393,E,252.4,2302.24,-1.0,247
2026-05-18 15:38:27,133625.0,5221.39475,N,453.21429,E,5.1,2329.64,-1.0,273
2026-05-18 15:38:32,133630.0,5221.39224,N,453.2163,E,-8.9,197.55,-1.0,317
2026-05-18 15:38:37,133635.0,5221.38889,N,453.21446,E,53.3,563.51,-1.0,353
2026-05-18 15:38:42,133640.0,5221.38581,N,453.21537,E,-126.8,1772.03,-1.0,297
2026-05-18 15:38:47,133645.0,5221.38299,N,453.21781,E,1.7,2301.35,-1.0,272
2026-05-18 15:38:52,133650.0,5221.37998,N,453.21858,E,-31.6,118.21,-1.0,309
2026-05-18 15:38:57,133655.0,5221.37555,N,453.21862,E,17.1,325.58,-1.0,330
2026-05-18 15:39:02,133700.0,5221.37186,N,453.21723,E,-48.2,76.38,-1.0,305
2026-05-18 15:39:07,133705.0,5221.36891,N,453.21426,E,251.1,2291.58,-1.0,246
2026-05-18 15:39:12,133711.0,5221.36572,N,453.2126,E,252.4,2302.24,-1.0,247
2026-05-18 15:39:17,133716.0,5221.36209,N,453.21201,E,118.2,1104.35,-1.0,144
2026-05-18 15:39:22,133721.0,5221.35861,N,453.21117,E,187.8,1761.98,-1.0,197
2026-05-18 15:39:27,133726.0,5221.35564,N,453.21325,E,70.6,6.38,-1.0,283
2026-05-18 15:39:32,133731.0,5221.35271,N,453.21545,E,-32.9,2042.25,-1.0,258
2026-05-18 15:39:37,133736.0,5221.34992,N,453.21726,E,-662.5,939.21,-1.0,292
2026-05-18 15:39:42,133741.0,5221.34699,N,453.21721,E,19.3,1014.68,18263.33,317
2026-05-18 15:39:47,133746.0,5221.34364,N,453.2176,E,57.7,595.97,-1.0,868
2026-05-18 15:39:52,133751.0,5221.33974,N,453.21683,E,134.1,1251.54,-1.0,412
2026-05-18 15:39:57,133756.0,5221.33671,N,453.21619,E,-66.1,42.42,-1.0,814
2026-05-18 15:40:02,133801.0,5221.33325,N,453.21662,E,32.1,416.61,-1.0,595
2026-05-18 15:40:07,133806.0,5221.33051,N,453.21686,E,20.0,1014.73,20100.0,656
2026-05-18 15:40:12,133811.0,5221.32709,N,453.2171,E,20.0,1014.7,20803.33,744
2026-05-18 15:40:17,133816.0,5221.32315,N,453.21512,E,20.0,1014.7,20346.67,706
2026-05-18 15:40:22,133821.0,5221.31933,N,453.21544,E,19.8,1014.73,26170.83,844
2026-05-18 15:40:27,133826.0,5221.31793,N,453.22031,E,216.3,2028.37,-1.0,731
2026-05-18 15:40:32,133831.0,5221.31679,N,453.22487,E,238.2,2182.78,-1.0,748
2026-05-18 15:40:37,133836.0,5221.31609,N,453.23157,E,-126.6,1773.14,-1.0,809
2026-05-18 15:40:42,133841.0,5221.31554,N,453.23805,E,18.8,335.64,-1.0,843
2026-05-18 15:40:47,133846.0,5221.31466,N,453.24428,E,-16.4,168.16,-1.0,570
2026-05-18 15:40:52,133851.0,5221.31479,N,453.25067,E,126.2,1177.74,-1.0,662
2026-05-18 15:40:57,133856.0,5221.31343,N,453.2561,E,187.8,1762.18,-1.0,965
2026-05-18 15:41:02,133901.0,5221.31118,N,453.26062,E,187.8,1762.18,-1.0,965
2026-05-18 15:41:07,133906.0,5221.30816,N,453.26279,E,189.1,1774.47,-1.0,966
2026-05-18 15:41:12,133911.0,5221.30967,N,453.26639,E,187.8,1762.18,-1.0,965
2026-05-18 15:41:17,133916.0,5221.31037,N,453.27123,E,187.8,1762.18,-1.0,965
2026-05-18 15:41:22,133921.0,5221.31095,N,453.27683,E,-59.3,54.15,-1.0,815
2026-05-18 15:41:27,133926.0,5221.31191,N,453.28134,E,15.3,315.71,-1.0,841
2026-05-18 15:41:32,133931.0,5221.3119,N,453.28637,E,6.0,266.24,-1.0,836
2026-05-18 15:41:37,133936.0,5221.31125,N,453.29254,E,70.5,695.05,-1.0,877
2026-05-18 15:41:42,133941.0,5221.31074,N,453.29835,E,187.8,1762.18,-1.0,965
2026-05-18 15:41:47,133946.0,5221.31049,N,453.30382,E,187.8,1762.18,-1.0,965
2026-05-18 15:41:52,133951.0,5221.31005,N,453.31041,E,187.8,1762.18,-1.0,965
2026-05-18 15:41:57,133956.0,5221.30996,N,453.3175,E,187.8,1762.18,-1.0,965
2026-05-18 15:42:02,134001.0,5221.30987,N,453.3241,E,187.8,1762.18,-1.0,965
2026-05-18 15:42:07,134006.0,5221.30948,N,453.32922,E,187.8,1762.18,-1.0,965
2026-05-18 15:42:12,134011.0,5221.30998,N,453.33494,E,187.8,1762.18,-1.0,965
2026-05-18 15:42:17,134016.0,5221.31068,N,453.34024,E,187.8,1762.18,-1.0,965
2026-05-18 15:42:22,134021.0,5221.31167,N,453.34672,E,21.1,1014.88,11069.17,960
2026-05-18 15:42:27,134026.0,5221.31297,N,453.35205,E,187.8,1762.18,-1.0,965
2026-05-18 15:42:32,134031.0,5221.31451,N,453.35757,E,25.6,375.9,-1.0,847
2026-05-18 15:42:37,134036.0,5221.31611,N,453.36299,E,187.8,1762.18,-1.0,965
2026-05-18 15:42:42,134041.0,5221.318,N,453.36818,E,-8.8,197.64,-1.0,829
2026-05-18 15:42:47,134046.0,5221.31915,N,453.37287,E,57.7,595.97,-1.0,868
2026-05-18 15:42:52,134051.0,5221.31983,N,453.37759,E,178.7,1675.4,-1.0,702
2026-05-18 15:42:57,134056.0,5221.32036,N,453.38262,E,191.7,1799.11,-1.0,712
2026-05-18 15:43:02,134101.0,5221.32097,N,453.38868,E,235.7,2160.43,-1.0,746
2026-05-18 15:43:07,134106.0,5221.32204,N,453.39447,E,164.3,1538.2,-1.0,691
2026-05-18 15:43:12,134111.0,5221.32388,N,453.39996,E,-4.3,217.15,-1.0,319
2026-05-18 15:43:17,134116.0,5221.32582,N,453.4057,E,-6.5,207.43,-1.0,830
2026-05-18 15:43:22,134121.0,5221.32723,N,453.41003,E,-48.2,76.46,-1.0,817
2026-05-18 15:43:27,134126.0,5221.32878,N,453.41469,E,187.8,1762.18,-1.0,965
2026-05-18 15:43:32,134131.0,5221.3307,N,453.41694,E,21.3,1014.99,9670.83,961
2026-05-18 15:43:37,134136.0,5221.33192,N,453.41654,E,226.6,2121.65,-1.0,227
2026-05-18 15:43:42,134141.0,5221.33238,N,453.41167,E,17.3,2426.58,-1.0,276
2026-05-18 15:43:47,134146.0,5221.33304,N,453.40756,E,160.4,1500.69,-1.0,688
2026-05-18 15:43:52,134151.0,5221.33319,N,453.40524,E,177.4,1662.82,-1.0,189
2026-05-18 15:43:57,134156.0,5221.33665,N,453.40321,E,21.2,765.19,-1.0,131
2026-05-18 15:44:02,134201.0,5221.34027,N,453.39727,E,-19.1,158.21,-1.0,57
2026-05-18 15:44:07,134206.0,5221.33963,N,453.39238,E,66.3,661.64,-1.0,362
2026-05-18 15:44:12,134211.0,5221.34083,N,453.38647,E,38.3,457.81,-1.0,87
2026-05-18 15:44:17,134216.0,5221.34099,N,453.38009,E,21.4,1014.74,6988.33,206
2026-05-18 15:44:22,134221.0,5221.34257,N,453.37429,E,21.5,972.28,-1.0,158
2026-05-18 15:44:27,134226.0,5221.34659,N,453.36732,E,21.3,1014.68,4895.0,648
2026-05-18 15:44:32,134231.0,5221.34409,N,453.36264,E,85.8,24.94,-1.0,796
2026-05-18 15:44:37,134236.0,5221.34337,N,453.35433,E,21.0,1014.49,9229.17,962
2026-05-18 15:44:42,134241.0,5221.34343,N,453.34743,E,190.4,1786.75,-1.0,967
2026-05-18 15:44:47,134246.0,5221.34266,N,453.34143,E,187.8,1762.18,-1.0,965
2026-05-18 15:44:53,134251.0,5221.34219,N,453.33725,E,187.8,1762.18,-1.0,965
2026-05-18 15:44:58,134256.0,5221.34269,N,453.33139,E,85.8,24.94,-1.0,796
2026-05-18 15:45:03,134301.0,5221.34203,N,453.32612,E,-13.7,178.03,-1.0,827
2026-05-18 15:45:08,134306.0,5221.34347,N,453.32075,E,187.8,1762.18,-1.0,965
2026-05-18 15:45:13,134311.0,5221.34599,N,453.3191,E,247.3,2259.47,-1.0,755
2026-05-18 15:45:18,134316.0,5221.34957,N,453.31832,E,253.7,2312.88,-1.0,760
2026-05-18 15:45:23,134321.0,5221.35259,N,453.31772,E,-83.2,17.13,-1.0,812
2026-05-18 15:45:28,134326.0,5221.35673,N,453.31673,E,187.8,1762.18,-1.0,965
2026-05-18 15:45:33,134331.0,5221.36124,N,453.31638,E,21.3,1014.88,3419.17,962
2026-05-18 15:45:38,134336.0,5221.36583,N,453.31708,E,21.3,1014.99,4389.17,962
2026-05-18 15:45:43,134341.0,5221.37036,N,453.31926,E,187.8,1762.18,-1.0,965
2026-05-18 15:45:48,134346.0,5221.37318,N,453.31988,E,189.1,1774.47,-1.0,966
2026-05-18 15:45:53,134351.0,5221.37582,N,453.31925,E,189.1,1774.47,-1.0,966
2026-05-18 15:45:58,134356.0,5221.37899,N,453.31891,E,187.8,1762.18,-1.0,965
2026-05-18 15:46:03,134401.0,5221.38162,N,453.31922,E,187.8,1762.18,-1.0,965
2026-05-18 15:46:08,134406.0,5221.38478,N,453.31921,E,187.8,1762.18,-1.0,965
2026-05-18 15:46:13,134411.0,5221.38801,N,453.31945,E,103.5,972.16,-1.0,901
2026-05-18 15:46:18,134416.0,5221.39287,N,453.32133,E,187.8,1762.18,-1.0,965
2026-05-18 15:46:23,134421.0,5221.39716,N,453.32298,E,133.0,74.29,-1.0,798
2026-05-18 15:46:28,134426.0,5221.40083,N,453.32384,E,11.7,295.81,-1.0,583
2026-05-18 15:46:33,134431.0,5221.40356,N,453.32546,E,187.8,1762.18,-1.0,965
2026-05-18 15:46:38,134436.0,5221.40659,N,453.32602,E,187.8,1762.18,-1.0,965
2026-05-18 15:46:43,134441.0,5221.4106,N,453.3265,E,132.8,1239.26,-1.0,667
2026-05-18 15:46:48,134446.0,5221.41489,N,453.32693,E,187.8,1762.18,-1.0,965
2026-05-18 15:46:53,134451.0,5221.4185,N,453.32702,E,187.8,1762.18,-1.0,965
2026-05-18 15:46:58,134456.0,5221.42228,N,453.32726,E,187.8,1762.18,-1.0,965
2026-05-18 15:47:03,134501.0,5221.42573,N,453.32731,E,187.8,1762.18,-1.0,965
2026-05-18 15:47:08,134506.0,5221.42878,N,453.32848,E,60.6,617.77,-1.0,870
2026-05-18 15:47:13,134511.0,5221.43226,N,453.32825,E,187.8,1762.18,-1.0,965
2026-05-18 15:47:18,134516.0,5221.43538,N,453.32853,E,187.8,1762.18,-1.0,965
2026-05-18 15:47:23,134521.0,5221.43793,N,453.32586,E,187.8,1762.18,-1.0,965
2026-05-18 15:47:28,134526.0,5221.43993,N,453.32256,E,20.6,1015.09,2070.0,813
2026-05-18 15:47:33,134531.0,5221.44151,N,453.31788,E,20.6,1015.08,5183.33,962
2026-05-18 15:47:38,134536.0,5221.44226,N,453.31277,E,187.8,1762.18,-1.0,965
2026-05-18 15:47:43,134541.0,5221.44372,N,453.30849,E,20.5,1015.01,9911.67,962
2026-05-18 15:47:48,134546.0,5221.44539,N,453.30418,E,20.4,1015.01,9704.17,962
2026-05-18 15:47:53,134551.0,5221.44706,N,453.30056,E,20.3,1014.94,9878.33,963
2026-05-18 15:47:58,134556.0,5221.44857,N,453.29662,E,20.2,1014.93,9829.17,962
2026-05-18 15:48:03,134601.0,5221.44998,N,453.29247,E,20.2,1015.05,8849.17,708
2026-05-18 15:48:08,134606.0,5221.45091,N,453.28823,E,20.1,1015.01,7720.0,960
2026-05-18 15:48:13,134611.0,5221.45195,N,453.28294,E,189.1,1774.47,-1.0,966
2026-05-18 15:48:18,134616.0,5221.45374,N,453.27858,E,187.8,1762.18,-1.0,965
2026-05-18 15:48:23,134621.0,5221.45445,N,453.27278,E,187.8,1762.18,-1.0,965
2026-05-18 15:48:28,134626.0,5221.45574,N,453.26892,E,187.8,1762.18,-1.0,965
2026-05-18 15:48:33,134631.0,5221.45719,N,453.26425,E,187.8,1762.18,-1.0,965
2026-05-18 15:48:38,134636.0,5221.45715,N,453.25754,E,-245.4,1672.53,-1.0,806
2026-05-18 15:48:43,134641.0,5221.45649,N,453.24915,E,187.8,1762.18,-1.0,965
2026-05-18 15:48:48,134646.0,5221.45619,N,453.2427,E,187.8,1762.18,-1.0,965
2026-05-18 15:48:53,134651.0,5221.45623,N,453.2349,E,186.5,1749.79,-1.0,964
2026-05-18 15:48:58,134656.0,5221.45644,N,453.22703,E,157.8,1475.61,-1.0,686
2026-05-18 15:49:03,134701.0,5221.4569,N,453.22031,E,0.0,236.8,-1.0,833
2026-05-18 15:49:08,134706.0,5221.45725,N,453.21303,E,185.2,1737.48,-1.0,963
2026-05-18 15:49:13,134711.0,5221.45753,N,453.20589,E,187.8,1762.18,-1.0,965
2026-05-18 15:49:18,134716.0,5221.45741,N,453.19932,E,189.1,1774.47,-1.0,966
2026-05-18 15:49:23,134721.0,5221.45661,N,453.19317,E,187.8,1762.18,-1.0,965
2026-05-18 15:49:28,134726.0,5221.45462,N,453.19066,E,187.8,1762.18,-1.0,965
2026-05-18 15:49:33,134731.0,5221.4538,N,453.18618,E,22.2,2464.26,-1.0,533
2026-05-18 15:49:38,134736.0,5221.45478,N,453.1801,E,95.3,901.23,-1.0,639
2026-05-18 15:49:43,134741.0,5221.45419,N,453.17311,E,42.9,489.22,-1.0,602
2026-05-18 15:49:48,134746.0,5221.45476,N,453.16653,E,6.0,266.18,-1.0,324
2026-05-18 15:49:53,134751.0,5221.45647,N,453.16124,E,-66.1,42.42,-1.0,814
2026-05-18 15:49:58,134756.0,5221.45727,N,453.15576,E,191.7,1799.17,-1.0,968
2026-05-18 15:50:03,134801.0,5221.45887,N,453.14971,E,-66.1,42.42,-1.0,814
2026-05-18 15:50:08,134806.0,5221.4603,N,453.14514,E,189.1,1774.47,-1.0,966
2026-05-18 15:50:13,134812.0,5221.46288,N,453.13923,E,27.2,386.03,-1.0,848
2026-05-18 15:50:18,134817.0,5221.46407,N,453.13444,E,187.8,1762.18,-1.0,965
2026-05-18 15:50:23,134822.0,5221.46561,N,453.12869,E,187.8,1762.18,-1.0,965
2026-05-18 15:50:28,134827.0,5221.46633,N,453.12259,E,172.2,1613.09,-1.0,697
2026-05-18 15:50:33,134832.0,5221.46724,N,453.11593,E,187.8,1762.18,-1.0,965
2026-05-18 15:50:38,134837.0,5221.46792,N,453.11039,E,189.1,1774.47,-1.0,966
2026-05-18 15:50:43,134842.0,5221.46886,N,453.10442,E,187.8,1762.18,-1.0,965
2026-05-18 15:50:48,134847.0,5221.47075,N,453.10228,E,186.5,1749.79,-1.0,964
2026-05-18 15:50:53,134852.0,5221.47093,N,453.10159,E,187.8,1762.18,-1.0,965
2026-05-18 15:50:58,134857.0,5221.47182,N,453.10103,E,187.8,1762.18,-1.0,965
2026-05-18 15:51:03,134902.0,5221.47016,N,453.09991,E,187.8,1762.18,-1.0,965
2026-05-18 15:51:08,134907.0,5221.47042,N,453.09584,E,20.0,1015.12,8343.33,960
2026-05-18 15:51:13,134912.0,5221.47131,N,453.08999,E,36.8,447.54,-1.0,854
2026-05-18 15:51:18,134917.0,5221.47271,N,453.08288,E,187.8,1762.18,-1.0,965
2026-05-18 15:51:23,134922.0,5221.4735,N,453.07695,E,160.4,1500.69,-1.0,688
2026-05-18 15:51:28,134927.0,5221.47359,N,453.07277,E,-36.7,2007.53,-1.0,768
2026-05-18 15:51:33,134932.0,5221.47335,N,453.0679,E,187.8,1762.18,-1.0,965
2026-05-18 15:51:38,134937.0,5221.47348,N,453.06352,E,187.8,1762.18,-1.0,965
2026-05-18 15:51:43,134942.0,5221.47453,N,453.05759,E,83.0,796.81,-1.0,374
2026-05-18 15:51:48,134947.0,5221.4745,N,453.05449,E,-26.8,2097.07,-1.0,261
2026-05-18 15:51:53,134952.0,5221.47294,N,453.04699,E,205.9,1933.03,-1.0,723
2026-05-18 15:51:58,134957.0,5221.47254,N,453.03925,E,190.4,1786.75,-1.0,967
2026-05-18 15:52:03,135002.0,5221.47361,N,453.03292,E,-20.2,2155.79,-1.0,776
2026-05-18 15:52:08,135007.0,5221.47488,N,453.02715,E,187.8,1762.18,-1.0,965
2026-05-18 15:52:13,135012.0,5221.47719,N,453.02195,E,-16.4,168.16,-1.0,570
2026-05-18 15:52:18,135017.0,5221.4798,N,453.01692,E,187.8,1762.18,-1.0,965
2026-05-18 15:52:23,135022.0,5221.48014,N,453.01217,E,187.8,1762.18,-1.0,965
2026-05-18 15:52:28,135027.0,5221.47911,N,453.00795,E,187.8,1762.18,-1.0,965
2026-05-18 15:52:33,135032.0,5221.47755,N,453.0041,E,187.8,1762.18,-1.0,965
2026-05-18 15:52:38,135037.0,5221.47658,N,452.99843,E,252.4,2302.32,-1.0,759
2026-05-18 15:52:43,135042.0,5221.47514,N,452.9953,E,19.0,819.89,-1.0,888
2026-05-18 15:52:48,135047.0,5221.4713,N,452.9933,E,62.0,628.63,-1.0,615
2026-05-18 15:52:53,135052.0,5221.46785,N,452.99175,E,153.9,1438.23,-1.0,683
2026-05-18 15:52:58,135057.0,5221.46423,N,452.98926,E,261.4,7056.64,-1.0,510
2026-05-18 15:53:03,135102.0,5221.46072,N,452.98687,E,5.2,2329.93,-1.0,785
2026-05-18 15:53:08,135107.0,5221.45752,N,452.98533,E,139.4,1301.07,-1.0,416
2026-05-18 15:53:13,135112.0,5221.45462,N,452.9829,E,168.3,1575.6,-1.0,438
2026-05-18 15:53:18,135117.0,5221.45141,N,452.98034,E,212.4,1992.85,-1.0,472
2026-05-18 15:53:23,135122.0,5221.44853,N,452.97864,E,852.2,181.34,-1.0,802
2026-05-18 15:53:28,135127.0,5221.44555,N,452.97613,E,231.8,2126.44,-1.0,743
2026-05-18 15:53:33,135132.0,5221.44269,N,452.97359,E,-73.9,30.11,-1.0,813
2026-05-18 15:53:38,135137.0,5221.43915,N,452.97101,E,35.2,437.2,-1.0,853
2026-05-18 15:53:43,135142.0,5221.43539,N,452.96951,E,187.8,1762.18,-1.0,965
2026-05-18 15:53:48,135147.0,5221.43206,N,452.96664,E,187.8,1762.18,-1.0,965
2026-05-18 15:53:53,135152.0,5221.42889,N,452.96391,E,64.9,650.69,-1.0,873
2026-05-18 15:53:58,135157.0,5221.42588,N,452.96146,E,187.8,1762.18,-1.0,965
2026-05-18 15:54:03,135202.0,5221.42223,N,452.95914,E,187.8,1762.18,-1.0,965
2026-05-18 15:54:08,135207.0,5221.41837,N,452.95189,E,17.1,1013.92,10004.17,946
2026-05-18 15:54:13,135212.0,5221.41469,N,452.94467,E,187.8,1762.18,-1.0,965
2026-05-18 15:54:18,135217.0,5221.41218,N,452.93865,E,262.7,7085.56,-1.0,767
2026-05-18 15:54:23,135222.0,5221.40953,N,452.93353,E,17.5,1014.04,17450.0,962
2026-05-18 15:54:28,135227.0,5221.40727,N,452.92831,E,187.8,1762.18,-1.0,965
2026-05-18 15:54:33,135232.0,5221.40471,N,452.92361,E,17.1,325.65,-1.0,842
2026-05-18 15:54:38,135237.0,5221.40262,N,452.91886,E,187.8,1762.18,-1.0,965
2026-05-18 15:54:43,135242.0,5221.40024,N,452.91436,E,33.7,426.92,-1.0,852
2026-05-18 15:54:48,135247.0,5221.39776,N,452.90967,E,187.8,1762.18,-1.0,965
2026-05-18 15:54:53,135252.0,5221.39513,N,452.90522,E,20.6,345.66,-1.0,844
2026-05-18 15:54:58,135257.0,5221.39287,N,452.90025,E,-5042.2,449.82,-1.0,803
2026-05-18 15:55:03,135302.0,5221.39122,N,452.89584,E,187.8,1762.18,-1.0,965
2026-05-18 15:55:08,135307.0,5221.38876,N,452.89043,E,187.8,1762.18,-1.0,965
2026-05-18 15:55:13,135312.0,5221.38694,N,452.88545,E,189.1,1774.47,-1.0,966
2026-05-18 15:55:18,135317.0,5221.38471,N,452.8804,E,187.8,1762.18,-1.0,965
2026-05-18 15:55:23,135322.0,5221.38267,N,452.87592,E,189.1,1774.47,-1.0,966
2026-05-18 15:55:28,135327.0,5221.38072,N,452.87116,E,187.8,1762.18,-1.0,965
2026-05-18 15:55:34,135332.0,5221.37966,N,452.86639,E,187.8,1762.18,-1.0,965
2026-05-18 15:55:39,135337.0,5221.37855,N,452.8604,E,187.8,1762.18,-1.0,965
2026-05-18 15:55:44,135342.0,5221.37767,N,452.8548,E,-73.9,30.11,-1.0,813
2026-05-18 15:55:49,135347.0,5221.3767,N,452.84973,E,187.8,1762.18,-1.0,965
2026-05-18 15:55:54,135352.0,5221.37544,N,452.84496,E,187.8,1762.18,-1.0,965
2026-05-18 15:55:59,135357.0,5221.37465,N,452.83947,E,189.1,1774.47,-1.0,966
2026-05-18 15:56:04,135402.0,5221.37556,N,452.83385,E,28.9,396.2,-1.0,849
2026-05-18 15:56:09,135407.0,5221.37804,N,452.83134,E,-19.1,158.32,-1.0,825
2026-05-18 15:56:14,135412.0,5221.38132,N,452.82721,E,-24.7,2116.29,-1.0,774
2026-05-18 15:56:19,135417.0,5221.38382,N,452.82353,E,187.8,1762.18,-1.0,965
2026-05-18 15:56:24,135422.0,5221.38457,N,452.81779,E,187.8,1762.18,-1.0,965
2026-05-18 15:56:29,135427.0,5221.3861,N,452.81261,E,189.1,1774.47,-1.0,966
2026-05-18 15:56:34,135432.0,5221.38859,N,452.80827,E,186.5,1440.48,17660.0,964
2026-05-18 15:56:39,135437.0,5221.39221,N,452.80349,E,127.5,1189.95,-1.0,407
2026-05-18 15:56:44,135442.0,5221.3945,N,452.80246,E,-35.2,108.08,-1.0,820
2026-05-18 15:56:49,135447.0,5221.39761,N,452.7989,E,186.5,1749.79,-1.0,964
2026-05-18 15:56:54,135452.0,5221.40102,N,452.79648,E,63.4,639.68,-1.0,872
2026-05-18 15:56:59,135457.0,5221.40425,N,452.79398,E,187.8,1762.18,-1.0,965
2026-05-18 15:57:04,135502.0,5221.40634,N,452.79259,E,187.8,1762.18,-1.0,965
2026-05-18 15:57:09,135507.0,5221.40967,N,452.79184,E,186.5,1749.79,-1.0,964
2026-05-18 15:57:14,135512.0,5221.4126,N,452.78988,E,186.5,1749.79,-1.0,964
2026-05-18 15:57:19,135517.0,5221.41559,N,452.7883,E,186.5,1749.79,-1.0,964
2026-05-18 15:57:24,135522.0,5221.41816,N,452.78657,E,189.1,1774.47,-1.0,966
2026-05-18 15:57:29,135527.0,5221.42138,N,452.78456,E,187.8,1762.18,-1.0,965
2026-05-18 15:57:34,135532.0,5221.42343,N,452.78184,E,186.5,1749.79,-1.0,964
2026-05-18 15:57:39,135537.0,5221.42596,N,452.77725,E,-357.0,1397.75,-1.0,805
2026-05-18 15:57:44,135542.0,5221.42818,N,452.77236,E,187.8,1762.18,-1.0,965
2026-05-18 15:57:49,135547.0,5221.42999,N,452.76931,E,181.3,1700.23,-1.0,704
2026-05-18 15:57:54,135552.0,5221.43309,N,452.76578,E,-28.1,128.38,-1.0,566
2026-05-18 15:57:59,135557.0,5221.43747,N,452.76289,E,131.5,1226.85,-1.0,154
2026-05-18 15:58:04,135602.0,5221.44119,N,452.75993,E,-11.3,187.77,-1.0,316
2026-05-18 15:58:09,135607.0,5221.44445,N,452.75531,E,187.8,1762.04,-1.0,453
2026-05-18 15:58:14,135612.0,5221.44776,N,452.75352,E,69.1,683.79,-1.0,108
2026-05-18 15:58:19,135617.0,5221.45068,N,452.75107,E,-4.3,217.22,-1.0,831
2026-05-18 15:58:24,135622.0,5221.45271,N,452.74917,E,187.8,1762.18,-1.0,965
2026-05-18 15:58:29,135627.0,5221.45349,N,452.74909,E,-59.3,54.15,-1.0,815
2026-05-18 15:58:34,135632.0,5221.45365,N,452.74773,E,71.9,706.25,-1.0,878
2026-05-18 15:58:39,135637.0,5221.45526,N,452.74296,E,213.7,2004.73,-1.0,729
2026-05-18 15:58:44,135642.0,5221.45658,N,452.73812,E,146.0,1363.31,-1.0,421
2026-05-18 15:58:49,135647.0,5221.45921,N,452.73457,E,89.9,854.5,-1.0,379
2026-05-18 15:58:54,135652.0,5221.46203,N,452.72994,E,-11.3,187.77,-1.0,316
2026-05-18 15:58:59,135657.0,5221.46336,N,452.725,E,225.3,2110.16,-1.0,226
2026-05-18 15:59:04,135702.0,5221.46552,N,452.72195,E,-28.9,2078.47,-1.0,260
2026-05-18 15:59:09,135707.0,5221.46829,N,452.71986,E,209.8,1968.91,-1.0,470
2026-05-18 15:59:14,135712.0,5221.47213,N,452.71763,E,153.9,1438.13,-1.0,427
2026-05-18 15:59:19,135717.0,5221.4761,N,452.72412,E,170.9,1600.59,-1.0,440
2026-05-18 15:59:24,135722.0,5221.47967,N,452.732,E,89.9,854.5,-1.0,379
2026-05-18 15:59:29,135727.0,5221.48354,N,452.7375,E,23.9,365.7,-1.0,334
2026-05-18 15:59:34,135732.0,5221.48708,N,452.74194,E,236.9,2171.58,-1.0,235
2026-05-18 15:59:39,135737.0,5221.49007,N,452.74758,E,8.9,2359.72,-1.0,274
2026-05-18 15:59:44,135742.0,5221.49276,N,452.75227,E,87.2,831.34,-1.0,377
2026-05-18 15:59:49,135747.0,5221.49409,N,452.75826,E,205.9,1932.99,-1.0,467
2026-05-18 15:59:54,135752.0,5221.49732,N,452.76323,E,15.3,315.71,-1.0,841
2026-05-18 15:59:59,135757.0,5221.50073,N,452.76816,E,40.8,2603.11,-1.0,792
2026-05-18 16:00:04,135802.0,5221.50339,N,452.77345,E,187.8,1762.18,-1.0,965
2026-05-18 16:00:09,135807.0,5221.50642,N,452.77855,E,187.8,1762.18,-1.0,965
2026-05-18 16:00:14,135812.0,5221.50773,N,452.78432,E,85.8,819.89,-1.0,888
2026-05-18 16:00:19,135817.0,5221.50943,N,452.78939,E,187.8,1762.18,-1.0,965
2026-05-18 16:00:24,135822.0,5221.5116,N,452.79542,E,187.8,1762.18,-1.0,965
2026-05-18 16:00:29,135827.0,5221.51357,N,452.80015,E,187.8,1762.18,-1.0,965
2026-05-18 16:00:34,135832.0,5221.51346,N,452.80758,E,187.8,1762.18,-1.0,965
2026-05-18 16:00:39,135837.0,5221.51491,N,452.81341,E,187.8,1762.18,-1.0,965
2026-05-18 16:00:44,135842.0,5221.5161,N,452.81982,E,187.8,1762.18,-1.0,965
2026-05-18 16:00:49,135847.0,5221.51796,N,452.82383,E,33.7,426.92,-1.0,852
2026-05-18 16:00:54,135852.0,5221.51895,N,452.83183,E,187.8,1762.18,-1.0,965
2026-05-18 16:00:59,135857.0,5221.52089,N,452.83777,E,187.8,1762.18,-1.0,965
2026-05-18 16:01:04,135902.0,5221.5227,N,452.84391,E,186.5,1749.79,-1.0,964
2026-05-18 16:01:09,135907.0,5221.52564,N,452.8493,E,189.1,1774.47,-1.0,966
2026-05-18 16:01:14,135913.0,5221.52795,N,452.8561,E,51.9,552.87,-1.0,864
2026-05-18 16:01:19,135918.0,5221.52916,N,452.86302,E,5.2,2329.93,-1.0,785
2026-05-18 16:01:24,135923.0,5221.53015,N,452.86879,E,-16.3,168.2,-1.0,826
2026-05-18 16:01:29,135928.0,5221.53225,N,452.87381,E,187.8,1762.18,-1.0,965
2026-05-18 16:01:34,135933.0,5221.53421,N,452.87779,E,69.1,683.92,-1.0,876
2026-05-18 16:01:39,135938.0,5221.53588,N,452.88338,E,18.5,227.01,-1.0,832
2026-05-18 16:01:44,135943.0,5221.53733,N,452.88937,E,12.9,2392.2,-1.0,787
2026-05-18 16:01:49,135948.0,5221.53845,N,452.89584,E,163.0,1525.72,-1.0,946
2026-05-18 16:01:54,135953.0,5221.54005,N,452.90093,E,36.8,447.54,-1.0,854
2026-05-18 16:01:59,135958.0,5221.54079,N,452.90546,E,229.2,2144.64,17920.83,741
2026-05-18 16:02:04,140003.0,5221.54233,N,452.90981,E,209.8,1968.99,17920.83,982
2026-05-18 16:02:09,140008.0,5221.54318,N,452.91347,E,209.8,1968.99,17920.83,982
2026-05-18 16:02:14,140013.0,5221.54454,N,452.91836,E,57.7,595.97,17920.83,868
2026-05-18 16:02:19,140018.0,5221.54673,N,452.92087,E,209.8,1968.99,17920.83,982
2026-05-18 16:02:24,140023.0,5221.54938,N,452.92053,E,211.1,1980.99,17920.83,983
2026-05-18 16:02:29,140028.0,5221.55099,N,452.9207,E,57.7,595.97,17920.83,868
2026-05-18 16:02:34,140033.0,5221.55135,N,452.92188,E,209.8,1968.99,17920.83,982
2026-05-18 16:02:39,140038.0,5221.55344,N,452.92288,E,209.8,1968.99,17920.83,982
2026-05-18 16:02:44,140043.0,5221.5553,N,452.92636,E,57.7,595.97,17920.83,868
2026-05-18 16:02:49,140048.0,5221.55642,N,452.93214,E,209.8,1968.99,17920.83,982
2026-05-18 16:02:54,140053.0,5221.55789,N,452.93707,E,209.8,1968.99,17920.83,982
2026-05-18 16:02:59,140058.0,5221.55934,N,452.94165,E,57.7,595.97,17920.83,868
2026-05-18 16:03:04,140103.0,5221.56098,N,452.94842,E,209.8,1968.99,17920.83,982
2026-05-18 16:03:09,140108.0,5221.5621,N,452.95443,E,209.8,1968.99,17920.83,982
2026-05-18 16:03:14,140113.0,5221.56298,N,452.9611,E,59.1,606.85,17920.83,869
2026-05-18 16:03:19,140118.0,5221.56468,N,452.96773,E,209.8,1968.99,17920.83,982
2026-05-18 16:03:24,140123.0,5221.5663,N,452.97394,E,209.8,1968.99,17920.83,982
2026-05-18 16:03:29,140128.0,5221.56739,N,452.98047,E,59.1,606.85,17920.83,869
2026-05-18 16:03:35,140133.0,5221.56895,N,452.98684,E,209.8,1968.99,17920.83,982
2026-05-18 16:03:40,140138.0,5221.57011,N,452.99294,E,209.8,1968.99,17920.83,982
2026-05-18 16:03:45,140143.0,5221.57145,N,452.99854,E,59.1,606.85,17920.83,869
2026-05-18 16:03:50,140148.0,5221.57325,N,453.00023,E,211.1,1980.99,17920.83,983
2026-05-18 16:03:55,140153.0,5221.57514,N,453.00552,E,209.8,1968.99,17920.83,982
2026-05-18 16:04:00,140158.0,5221.57508,N,453.0138,E,60.6,617.77,17920.83,870
2026-05-18 16:04:05,140203.0,5221.57638,N,453.02018,E,209.8,1968.99,17920.83,982
2026-05-18 16:04:10,140208.0,5221.57803,N,453.02367,E,209.8,1968.99,17920.83,982
2026-05-18 16:04:15,140213.0,5221.57966,N,453.02245,E,60.6,617.77,17920.83,870
2026-05-18 16:04:20,140218.0,5221.58259,N,453.02024,E,209.8,1968.99,17920.83,982
2026-05-18 16:04:25,140223.0,5221.58509,N,453.01655,E,209.8,1968.99,17920.83,982
2026-05-18 16:04:30,140228.0,5221.58808,N,453.01513,E,59.1,606.85,17920.83,869
2026-05-18 16:04:35,140233.0,5221.59212,N,453.01366,E,45.9,510.27,17920.83,604
2026-05-18 16:04:40,140238.0,5221.59504,N,453.0126,E,209.8,1968.99,17920.83,982
2026-05-18 16:04:45,140243.0,5221.59885,N,453.00972,E,57.7,595.97,17920.83,868
2026-05-18 16:04:50,140248.0,5221.60269,N,453.00695,E,209.8,1968.99,17920.83,982
2026-05-18 16:04:55,140253.0,5221.60639,N,453.00458,E,209.8,1968.99,17920.83,982
2026-05-18 16:05:00,140258.0,5221.6093,N,453.00705,E,59.1,606.85,17920.83,869
2026-05-18 16:05:05,140303.0,5221.61283,N,453.01053,E,209.8,1968.99,17920.83,982
2026-05-18 16:05:10,140308.0,5221.61485,N,453.01342,E,209.8,1968.99,17920.83,982
2026-05-18 16:05:15,140313.0,5221.61646,N,453.01802,E,57.7,595.97,17920.83,868
2026-05-18 16:05:20,140318.0,5221.61922,N,453.02224,E,209.8,1968.99,17920.83,982
2026-05-18 16:05:25,140323.0,5221.62278,N,453.02669,E,211.1,1980.99,17920.83,983
2026-05-18 16:05:30,140328.0,5221.62476,N,453.03232,E,57.7,595.97,17920.83,868
2026-05-18 16:05:35,140333.0,5221.62598,N,453.03798,E,211.1,1980.99,17920.83,983
2026-05-18 16:05:40,140338.0,5221.62707,N,453.04373,E,209.8,1968.99,17920.83,982
2026-05-18 16:05:45,140343.0,5221.6286,N,453.05033,E,209.8,1968.99,17920.83,982
2026-05-18 16:05:50,140348.0,5221.63029,N,453.05572,E,209.8,1968.99,17920.83,982
2026-05-18 16:05:55,140353.0,5221.63248,N,453.06251,E,209.8,1968.99,17920.83,982
2026-05-18 16:06:00,140358.0,5221.63356,N,453.06858,E,209.8,1968.99,17920.83,982
2026-05-18 16:06:05,140403.0,5221.63153,N,453.0719,E,209.8,1968.99,17920.83,982
2026-05-18 16:06:10,140408.0,5221.63097,N,453.07372,E,209.8,1968.99,17920.83,982
2026-05-18 16:06:15,140413.0,5221.63651,N,453.07909,E,209.8,1968.99,17920.83,982
2026-05-18 16:06:20,140418.0,5221.63905,N,453.08392,E,209.8,1968.99,17920.83,982
2026-05-18 16:06:25,140423.0,5221.64387,N,453.09261,E,209.8,1968.99,17920.83,982
2026-05-18 16:06:30,140428.0,5221.64779,N,453.10005,E,209.8,1968.99,17920.83,982
2026-05-18 16:06:35,140433.0,5221.64908,N,453.10646,E,229.2,2144.68,-1.0,997
2026-05-18 16:06:40,140438.0,5221.64967,N,453.11383,E,211.1,1980.99,17920.83,983
2026-05-18 16:06:46,140443.0,5221.6486,N,453.11995,E,211.1,1980.99,17920.83,983
2026-05-18 16:06:51,140448.0,5221.64587,N,453.12447,E,211.1,1980.99,17920.83,983
2026-05-18 16:06:56,140453.0,5221.64359,N,453.12993,E,211.1,1980.99,17920.83,983
2026-05-18 16:07:01,140458.0,5221.64151,N,453.1346,E,209.8,1968.99,17920.83,982
2026-05-18 16:07:06,140503.0,5221.63993,N,453.13929,E,209.8,1968.99,17920.83,982
2026-05-18 16:07:11,140508.0,5221.63847,N,453.14309,E,211.1,1980.99,17920.83,983
2026-05-18 16:07:16,140513.0,5221.63584,N,453.14613,E,-94.4,3.22,17920.83,811
2026-05-18 16:07:21,140518.0,5221.63391,N,453.15196,E,211.1,1980.99,17920.83,983
2026-05-18 16:07:26,140523.0,5221.63177,N,453.15588,E,211.1,1980.99,17920.83,983
2026-05-18 16:07:31,140528.0,5221.63024,N,453.16133,E,211.1,1980.99,17920.83,983
2026-05-18 16:07:36,140533.0,5221.62923,N,453.16714,E,211.1,1980.99,17920.83,983
2026-05-18 16:07:41,140538.0,5221.62806,N,453.17248,E,211.1,1980.99,17920.83,983
2026-05-18 16:07:46,140543.0,5221.62528,N,453.17716,E,211.1,1980.99,17920.83,983
2026-05-18 16:07:51,140548.0,5221.62265,N,453.18143,E,211.1,1980.99,17920.83,983
2026-05-18 16:07:56,140553.0,5221.62009,N,453.18561,E,211.1,1980.99,17920.83,983
2026-05-18 16:08:01,140558.0,5221.61713,N,453.18856,E,212.4,1992.93,17920.83,984
2026-05-18 16:08:06,140603.0,5221.61413,N,453.19171,E,211.1,1980.99,17920.83,983
2026-05-18 16:08:11,140608.0,5221.61067,N,453.1944,E,209.8,1968.99,17920.83,982
2026-05-18 16:08:16,140613.0,5221.60694,N,453.19489,E,211.1,1980.99,17920.83,983
2026-05-18 16:08:21,140618.0,5221.60317,N,453.19468,E,212.4,1992.93,17920.83,984
2026-05-18 16:08:26,140623.0,5221.60058,N,453.19288,E,211.1,1980.99,17920.83,983
2026-05-18 16:08:31,140628.0,5221.59774,N,453.19039,E,211.1,1980.99,17920.83,983
2026-05-18 16:08:36,140633.0,5221.59448,N,453.18911,E,211.1,1980.99,17920.83,983
2026-05-18 16:08:41,140638.0,5221.59093,N,453.18714,E,211.1,1980.99,17920.83,983
2026-05-18 16:08:46,140643.0,5221.58712,N,453.18632,E,211.1,1980.99,17920.83,983
2026-05-18 16:08:51,140648.0,5221.58339,N,453.18586,E,211.1,1980.99,17920.83,983
2026-05-18 16:08:56,140653.0,5221.58033,N,453.18536,E,211.1,1980.99,17920.83,983
2026-05-18 16:09:01,140658.0,5221.57746,N,453.18571,E,212.4,1992.93,17920.83,984
2026-05-18 16:09:06,140703.0,5221.57345,N,453.18549,E,211.1,1980.99,17920.83,983
2026-05-18 16:09:11,140708.0,5221.56881,N,453.18507,E,211.1,1980.99,17920.83,983
2026-05-18 16:09:16,140713.0,5221.56446,N,453.18462,E,208.5,1957.03,-1.0,981
2026-05-18 16:09:21,140718.0,5221.56116,N,453.18492,E,211.1,1980.99,17920.83,983
2026-05-18 16:09:26,140723.0,5221.55755,N,453.18493,E,209.8,1968.99,17920.83,982
2026-05-18 16:09:31,140728.0,5221.55355,N,453.18416,E,211.1,1980.99,17920.83,983
2026-05-18 16:09:36,140733.0,5221.54917,N,453.18348,E,211.1,1980.99,17920.83,983
2026-05-18 16:09:41,140738.0,5221.5451,N,453.18267,E,211.1,1980.99,17920.83,983
2026-05-18 16:09:46,140743.0,5221.54129,N,453.18155,E,211.1,1980.99,17920.83,983
2026-05-18 16:09:51,140748.0,5221.53831,N,453.17836,E,211.1,1980.99,17920.83,983
2026-05-18 16:09:56,140753.0,5221.53868,N,453.17368,E,211.1,1980.99,17920.83,983
2026-05-18 16:10:02,140758.0,5221.53903,N,453.16804,E,211.1,1980.99,17920.83,983
2026-05-18 16:10:07,140803.0,5221.53884,N,453.16288,E,211.1,1980.99,17920.83,983
2026-05-18 16:10:12,140808.0,5221.53931,N,453.15686,E,209.8,1968.99,17920.83,982
2026-05-18 16:10:17,140813.0,5221.54033,N,453.15117,E,211.1,1980.99,17920.83,983
2026-05-18 16:10:22,140818.0,5221.54118,N,453.14601,E,211.1,1980.99,17920.83,983
2026-05-18 16:10:27,140823.0,5221.54112,N,453.14046,E,211.1,1980.99,17920.83,983
2026-05-18 16:10:32,140828.0,5221.5414,N,453.13459,E,211.1,1980.99,17920.83,983
2026-05-18 16:10:37,140833.0,5221.54137,N,453.12826,E,209.8,1968.99,17920.83,982
2026-05-18 16:10:42,140838.0,5221.54199,N,453.12168,E,211.1,1980.99,17920.83,983
2026-05-18 16:10:47,140843.0,5221.54255,N,453.11487,E,211.1,1980.99,17920.83,983
2026-05-18 16:10:52,140848.0,5221.54322,N,453.10891,E,209.8,1968.99,17920.83,982
2026-05-18 16:10:57,140853.0,5221.54407,N,453.10326,E,211.1,1980.99,17920.83,983
2026-05-18 16:11:02,140858.0,5221.54473,N,453.09786,E,211.1,1980.99,17920.83,983
2026-05-18 16:11:07,140903.0,5221.54432,N,453.09111,E,209.8,1968.99,17920.83,982
2026-05-18 16:11:12,140908.0,5221.54363,N,453.08484,E,211.1,1980.99,17920.83,983
2026-05-18 16:11:17,140913.0,5221.54205,N,453.0799,E,209.8,1968.99,17920.83,982
2026-05-18 16:11:22,140918.0,5221.54175,N,453.07398,E,211.1,1980.99,17920.83,983
2026-05-18 16:11:27,140923.0,5221.54148,N,453.06775,E,209.8,1968.99,17920.83,982
2026-05-18 16:11:32,140928.0,5221.54163,N,453.06185,E,211.1,1980.99,17920.83,983
2026-05-18 16:11:37,140933.0,5221.54124,N,453.05563,E,211.1,1980.99,17920.83,983
2026-05-18 16:11:42,140938.0,5221.53924,N,453.05041,E,209.8,1968.99,17920.83,982
2026-05-18 16:11:47,140943.0,5221.53651,N,453.04703,E,209.8,1968.99,17920.83,982
2026-05-18 16:11:52,140948.0,5221.53379,N,453.04377,E,211.1,1980.99,17920.83,983
2026-05-18 16:11:57,140953.0,5221.53084,N,453.04044,E,209.8,1968.99,17920.83,982
2026-05-18 16:12:02,140958.0,5221.5282,N,453.03716,E,211.1,1980.99,17920.83,983
2026-05-18 16:12:07,141003.0,5221.52579,N,453.03341,E,211.1,1980.99,17920.83,983
2026-05-18 16:12:12,141008.0,5221.52345,N,453.03036,E,211.1,1980.99,17920.83,983
2026-05-18 16:12:17,141013.0,5221.52068,N,453.02675,E,211.1,1980.99,17920.83,983
2026-05-18 16:12:22,141018.0,5221.51817,N,453.02356,E,227.9,2133.25,-1.0,996
2026-05-18 16:12:27,141023.0,5221.51581,N,453.02043,E,211.1,1980.99,17920.83,983
2026-05-18 16:12:32,141028.0,5221.51318,N,453.01669,E,211.1,1980.99,17920.83,983
2026-05-18 16:12:37,141033.0,5221.5106,N,453.01275,E,211.1,1980.99,17920.83,983
2026-05-18 16:12:42,141039.0,5221.50724,N,453.00826,E,211.1,1980.99,17920.83,983
2026-05-18 16:12:47,141044.0,5221.5046,N,453.00415,E,211.1,1980.99,17920.83,983
2026-05-18 16:12:52,141049.0,5221.50176,N,452.99952,E,211.1,1980.99,17920.83,983
2026-05-18 16:12:57,141054.0,5221.49989,N,452.99372,E,211.1,1980.99,17920.83,983
2026-05-18 16:13:02,141059.0,5221.4993,N,452.98722,E,211.1,1980.99,17920.83,983
2026-05-18 16:13:07,141104.0,5221.49887,N,452.98125,E,211.1,1980.99,17920.83,983
2026-05-18 16:13:13,141109.0,5221.49902,N,452.97439,E,209.8,1968.99,17920.83,982
2026-05-18 16:13:18,141114.0,5221.5001,N,452.96854,E,211.1,1980.99,17920.83,983
2026-05-18 16:13:23,141119.0,5221.50236,N,452.96406,E,215.0,2016.65,-1.0,986
2026-05-18 16:13:28,141124.0,5221.50441,N,452.95969,E,209.8,1968.99,-1.0,982
2026-05-18 16:13:33,141129.0,5221.50335,N,452.95535,E,211.1,1980.99,-1.0,983
2026-05-18 16:13:38,141134.0,5221.50042,N,452.95099,E,211.1,1980.99,17920.83,983
2026-05-18 16:13:43,141139.0,5221.49744,N,452.94699,E,226.6,2121.77,-1.0,995
2026-05-18 16:13:48,141144.0,5221.49448,N,452.94321,E,211.1,1980.99,17920.83,983
2026-05-18 16:13:53,141149.0,5221.49168,N,452.93929,E,211.1,1980.99,17920.83,983
2026-05-18 16:13:58,141154.0,5221.48861,N,452.93542,E,211.1,1980.99,17920.83,983
2026-05-18 16:14:03,141159.0,5221.48575,N,452.93155,E,211.1,1980.99,17920.83,983
2026-05-18 16:14:08,141203.0,5221.48354,N,452.92877,E,227.9,2133.25,-1.0,996
2026-05-18 16:14:13,141209.0,5221.48522,N,452.92048,E,-6.5,207.43,-1.0,830
2026-05-18 16:14:18,141214.0,5221.48016,N,452.91977,E,226.6,2121.77,-1.0,995
2026-05-18 16:14:23,141219.0,5221.47501,N,452.91743,E,227.9,2133.25,-1.0,996
2026-05-18 16:14:28,141224.0,5221.47228,N,452.9138,E,227.9,2133.25,-1.0,996
2026-05-18 16:14:33,141229.0,5221.46912,N,452.90987,E,227.9,2133.25,-1.0,996
2026-05-18 16:14:38,141234.0,5221.4663,N,452.9064,E,227.9,2133.25,-1.0,996
2026-05-18 16:14:43,141239.0,5221.46313,N,452.90379,E,227.9,2133.25,-1.0,996
2026-05-18 16:14:48,141244.0,5221.46065,N,452.89974,E,227.9,2133.25,-1.0,996
2026-05-18 16:14:53,141249.0,5221.45755,N,452.89708,E,227.9,2133.25,-1.0,996
2026-05-18 16:14:58,141254.0,5221.45469,N,452.89405,E,227.9,2133.25,-1.0,996
2026-05-18 16:15:03,141259.0,5221.45152,N,452.89038,E,229.2,2144.68,-1.0,997
2026-05-18 16:15:08,141304.0,5221.44837,N,452.88708,E,227.9,2133.25,-1.0,996
2026-05-18 16:15:13,141309.0,5221.44599,N,452.88447,E,227.9,2133.25,-1.0,996
2026-05-18 16:15:18,141314.0,5221.44324,N,452.88113,E,227.9,2133.25,-1.0,996
2026-05-18 16:15:23,141319.0,5221.44065,N,452.87681,E,227.9,2133.25,-1.0,996
2026-05-18 16:15:28,141324.0,5221.4378,N,452.87307,E,229.2,2144.68,-1.0,997
2026-05-18 16:15:33,141329.0,5221.43485,N,452.86946,E,227.9,2133.25,-1.0,996
2026-05-18 16:15:38,141334.0,5221.4316,N,452.86656,E,227.9,2133.25,-1.0,996
2026-05-18 16:15:43,141339.0,5221.42854,N,452.86342,E,230.5,2156.16,-1.0,998
2026-05-18 16:15:48,141344.0,5221.42569,N,452.86031,E,229.2,2144.68,-1.0,997
2026-05-18 16:15:53,141349.0,5221.42291,N,452.85688,E,227.9,2133.25,-1.0,996
2026-05-18 16:15:58,141354.0,5221.42012,N,452.85368,E,227.9,2133.25,-1.0,996
2026-05-18 16:16:03,141359.0,5221.41723,N,452.85038,E,227.9,2133.25,-1.0,996
2026-05-18 16:16:08,141404.0,5221.41458,N,452.84727,E,227.9,2133.25,-1.0,996
2026-05-18 16:16:13,141409.0,5221.41185,N,452.84397,E,227.9,2133.25,-1.0,996
2026-05-18 16:16:18,141414.0,5221.40916,N,452.84079,E,227.9,2133.25,-1.0,996
2026-05-18 16:16:24,141419.0,5221.40654,N,452.83681,E,229.2,2144.68,-1.0,997
2026-05-18 16:16:29,141424.0,5221.40361,N,452.83346,E,229.2,2144.68,-1.0,997
2026-05-18 16:16:34,141429.0,5221.40054,N,452.83012,E,227.9,2133.25,-1.0,996
2026-05-18 16:16:39,141434.0,5221.39757,N,452.82659,E,227.9,2133.25,-1.0,996
2026-05-18 16:16:44,141439.0,5221.39627,N,452.82536,E,227.9,2133.25,-1.0,996
2026-05-18 16:16:49,141444.0,5221.39631,N,452.82583,E,229.2,2144.68,-1.0,997
2026-05-18 16:16:54,141449.0,5221.39561,N,452.82485,E,227.9,2133.25,-1.0,996
2026-05-18 16:16:59,141454.0,5221.39296,N,452.82052,E,229.2,2144.68,-1.0,997
2026-05-18 16:17:04,141459.0,5221.39256,N,452.81615,E,227.9,2133.25,-1.0,996
2026-05-18 16:17:09,141504.0,5221.39132,N,452.81087,E,227.9,2133.25,-1.0,996
2026-05-18 16:17:14,141509.0,5221.39096,N,452.80379,E,224.0,2098.77,-1.0,993
2026-05-18 16:17:19,141514.0,5221.39407,N,452.79954,E,224.0,2098.77,-1.0,993
2026-05-18 16:17:24,141519.0,5221.39661,N,452.79522,E,227.9,2133.25,-1.0,996
2026-05-18 16:17:29,141524.0,5221.39727,N,452.78995,E,208.5,1957.03,-1.0,981
2026-05-18 16:17:34,141529.0,5221.39713,N,452.7832,E,227.9,2133.25,-1.0,996
2026-05-18 16:17:39,141534.0,5221.39972,N,452.7799,E,227.9,2133.25,-1.0,996
2026-05-18 16:17:44,141539.0,5221.40123,N,452.78117,E,227.9,2133.25,-1.0,996
2026-05-18 16:17:49,141544.0,5221.40146,N,452.78125,E,227.9,2133.25,-1.0,996
2026-05-18 16:17:54,141549.0,5221.40175,N,452.78174,E,227.9,2133.25,-1.0,996
2026-05-18 16:17:59,141557.0,5221.40199,N,452.78229,E,17.7,1015.3,2931.67,859
2026-05-18 16:18:04,141602.0,5221.40234,N,452.78264,E,17.8,1015.35,540.83,568
2026-05-18 14:29:52,,,,,,23.8,1014.5,3635.0,57
2026-05-20 13:47:45,114542.0,,,,,22.2,1020.16,8048.33,404
2026-05-20 13:47:57,114554.0,,,,,22.5,1020.17,3620.83,114
2026-05-20 13:48:02,114559.0,,,,,22.5,1020.28,3294.17,306
2026-05-20 13:48:07,114604.0,,,,,22.5,1020.22,10880.0,182
2026-05-20 13:48:12,114609.0,,,,,22.6,1020.25,8575.83,329
2026-05-20 13:48:17,114614.0,,,,,22.6,1020.27,6940.83,264
2026-05-20 13:48:22,114619.0,,,,,22.7,1020.22,5387.5,256
2026-05-20 13:48:27,114624.0,,,,,22.6,1020.3,5070.83,254
2026-05-20 13:48:32,114629.0,,,,,22.6,1020.27,4678.33,250
2026-05-20 13:48:38,114634.0,5221.17781,N,453.4986,E,22.5,1020.29,8475.0,281
2026-05-20 13:48:43,114639.0,5221.17764,N,453.50034,E,22.3,1020.32,7917.5,279
2026-05-20 13:48:48,114644.0,5221.17758,N,453.50182,E,22.3,1020.18,6250.83,291
2026-05-20 13:48:53,114649.0,5221.17786,N,453.50095,E,22.4,1020.28,2595.83,192
2026-05-20 13:48:58,114654.0,5221.1775,N,453.50143,E,22.3,1020.31,4636.67,174
2026-05-20 13:49:03,114659.0,5221.17726,N,453.50064,E,21.9,1020.46,1820.83,84
2026-05-20 13:49:08,114704.0,5221.17751,N,453.50073,E,21.7,1020.24,12443.33,444
2026-05-20 13:49:13,114709.0,5221.17745,N,453.50118,E,21.5,1020.33,2394.17,761
2026-05-20 13:49:18,114714.0,5221.17723,N,453.50135,E,21.6,1020.24,1474.17,269
2026-05-20 13:49:23,114719.0,5221.17741,N,453.50155,E,21.6,1020.29,13419.17,447
2026-05-20 13:49:28,114724.0,5221.17757,N,453.50125,E,21.6,1020.24,14226.67,886
2026-05-20 13:49:33,114729.0,5221.17788,N,453.49993,E,21.6,1020.22,9149.17,559
2026-05-20 13:49:38,114734.0,5221.17788,N,453.49984,E,21.5,1020.11,10123.33,410
2026-05-20 13:49:43,114740.0,5221.17796,N,453.50005,E,21.5,1020.29,2259.17,90
2026-05-20 13:49:48,114745.0,5221.17753,N,453.50002,E,21.5,1020.23,23950.83,339
2026-05-20 13:49:53,114750.0,5221.17771,N,453.49994,E,21.5,1020.2,2675.0,389
2026-05-20 13:49:58,114755.0,5221.17733,N,453.50063,E,21.5,1020.24,2265.83,477
2026-05-20 13:50:03,114800.0,5221.17739,N,453.50071,E,21.4,1020.15,9280.83,493
2026-05-20 13:50:08,114805.0,5221.17743,N,453.50072,E,21.3,1020.01,13419.17,262
2026-05-20 13:50:13,114810.0,5221.17778,N,453.50013,E,21.3,1020.16,10162.5,332
2026-05-20 13:50:18,114815.0,5221.17786,N,453.49894,E,21.4,1020.09,27901.67,323
2026-05-20 13:50:23,114820.0,5221.1776,N,453.49912,E,21.2,1020.12,54612.5,327
2026-05-20 13:50:28,114825.0,5221.17771,N,453.49922,E,21.1,1020.07,47360.83,330
2026-05-20 13:50:33,114830.0,5221.17774,N,453.49912,E,21.2,1019.94,40959.16,341
2026-05-20 13:50:38,114835.0,5221.17791,N,453.49924,E,20.7,1020.08,17587.5,358
2026-05-20 13:50:43,114840.0,5221.17797,N,453.49913,E,20.5,1020.19,30388.33,356
2026-05-20 13:50:48,114845.0,5221.17859,N,453.49835,E,20.5,1020.18,7252.5,355
2026-05-20 13:50:53,114850.0,5221.17899,N,453.49774,E,20.6,1020.12,22795.83,333
2026-05-20 13:50:58,114855.0,5221.17902,N,453.49792,E,20.5,1020.18,14547.5,362
2026-05-20 13:51:03,114900.0,5221.17859,N,453.49816,E,20.4,1019.99,54612.5,317
2026-05-20 13:51:08,114905.0,5221.17678,N,453.49743,E,20.5,1020.2,37238.33,295
2026-05-20 13:51:13,114910.0,5221.18047,N,453.49801,E,20.5,1020.28,16.67,183
2026-05-20 13:51:18,114915.0,5221.18055,N,453.49814,E,20.5,1020.41,99.17,434
2026-05-20 13:51:23,114920.0,5221.1807,N,453.49358,E,20.5,1020.4,1223.33,671
2026-05-20 13:51:28,114925.0,5221.18075,N,453.49064,E,20.6,1020.04,17171.67,362
2026-05-20 13:51:33,114930.0,5221.18401,N,453.49005,E,20.7,1019.9,22921.67,815
2026-05-20 13:51:38,114935.0,5221.18009,N,453.48616,E,20.9,1020.33,130.83,423
2026-05-20 13:51:43,114940.0,5221.1779,N,453.47404,E,20.9,1020.26,47.5,392
2026-05-20 13:51:48,114945.0,5221.17701,N,453.46989,E,21.0,1020.28,50.0,599
2026-05-20 13:51:53,114950.0,5221.17909,N,453.46805,E,21.1,1020.28,37.5,521
2026-05-20 13:51:58,114955.0,5221.18149,N,453.466,E,21.1,1020.21,58.33,494
2026-05-20 13:52:03,115000.0,5221.18359,N,453.46341,E,21.2,1020.21,48.33,196
2026-05-20 13:52:08,115005.0,5221.18484,N,453.46035,E,21.3,1020.32,32.5,239
2026-05-20 13:52:13,115010.0,5221.18897,N,453.45742,E,21.3,1020.21,37.5,244
2026-05-20 13:52:18,115015.0,5221.19135,N,453.45572,E,21.4,1020.23,44.17,279
2026-05-20 13:52:23,115020.0,5221.19688,N,453.45746,E,21.4,1020.22,55.0,268
2026-05-20 13:52:28,115025.0,5221.204,N,453.45691,E,21.4,1020.25,42.5,277
2026-05-20 13:52:33,115030.0,5221.20646,N,453.45508,E,21.5,1020.21,10.0,295
2026-05-20 13:52:38,115035.0,5221.2086,N,453.45412,E,21.6,1020.13,9.17,257
2026-05-20 13:52:43,115040.0,5221.20983,N,453.45205,E,21.7,1020.21,9.17,185
2026-05-20 13:52:48,115045.0,5221.2124,N,453.45001,E,21.7,1020.16,11.67,255
2026-05-20 13:52:53,115050.0,5221.21583,N,453.44794,E,21.8,1020.24,38.33,225
2026-05-20 13:52:58,115055.0,5221.21901,N,453.44538,E,21.7,1020.21,24.17,247
2026-05-20 13:53:03,115100.0,5221.22243,N,453.44375,E,21.8,1020.18,28.33,257
2026-05-20 13:53:08,115105.0,5221.22794,N,453.4416,E,21.8,1020.27,34.17,239
2026-05-20 13:53:13,115110.0,5221.23762,N,453.44329,E,21.7,1020.28,44.17,253
2026-05-20 13:53:18,115115.0,5221.24195,N,453.44263,E,21.8,1020.16,35.83,283
2026-05-20 13:53:23,115120.0,5221.24565,N,453.44075,E,21.7,1020.25,24.17,285
2026-05-20 13:53:28,115125.0,5221.24895,N,453.43795,E,21.8,1020.24,24.17,280
2026-05-20 13:53:33,115130.0,5221.2524,N,453.43526,E,21.9,1020.18,23.33,326
2026-05-20 13:53:38,115135.0,5221.2555,N,453.43301,E,21.9,1020.24,23.33,577
2026-05-20 13:53:43,115140.0,5221.25931,N,453.43065,E,21.8,1020.35,25.83,656
2026-05-20 13:53:48,115145.0,5221.26091,N,453.42889,E,21.7,1020.27,18.33,221
2026-05-20 13:53:53,115150.0,5221.26732,N,453.43103,E,21.8,1020.28,16.67,263
2026-05-20 13:53:58,115155.0,5221.27058,N,453.4303,E,21.8,1020.35,14.17,298
2026-05-20 13:54:03,115200.0,5221.27504,N,453.42949,E,21.8,1020.24,11.67,290
2026-05-20 13:54:08,115205.0,5221.27793,N,453.42805,E,21.8,1020.4,30.0,446
2026-05-20 13:54:13,115210.0,5221.2802,N,453.42517,E,21.8,1020.32,28.33,488
2026-05-20 13:54:18,115215.0,5221.2843,N,453.42351,E,21.8,1020.43,37.5,333
2026-05-20 13:54:23,115220.0,5221.29012,N,453.42806,E,21.9,1020.24,36.67,144
2026-05-20 13:54:28,115225.0,5221.29397,N,453.43378,E,21.9,1020.3,32.5,226
2026-05-20 13:54:33,115230.0,5221.29787,N,453.43907,E,22.0,1020.19,39.17,263
2026-05-20 13:54:38,115235.0,5221.30223,N,453.4426,E,22.0,1020.25,33.33,164
2026-05-20 13:54:43,115240.0,5221.30556,N,453.44719,E,22.1,1020.33,22.5,220
2026-05-20 13:54:48,115245.0,5221.30929,N,453.45076,E,22.1,1020.34,7.5,235
2026-05-20 13:54:53,115250.0,5221.31073,N,453.45624,E,22.1,1020.33,21.67,258
2026-05-20 13:54:58,115255.0,5221.31249,N,453.46108,E,22.1,1020.26,34.17,282
2026-05-20 13:55:03,115300.0,5221.31477,N,453.4666,E,22.2,1020.24,13.33,293
2026-05-20 13:55:08,115305.0,5221.31606,N,453.47289,E,22.3,1020.26,9.17,291
2026-05-20 13:55:13,115310.0,5221.31726,N,453.47764,E,22.3,1020.28,8.33,289
2026-05-20 13:55:18,115315.0,5221.31988,N,453.48241,E,22.3,1020.22,21.67,295
2026-05-20 13:55:23,115320.0,5221.32138,N,453.48756,E,22.3,1020.28,20.0,313
2026-05-20 13:55:28,115325.0,5221.32314,N,453.49392,E,22.4,1020.26,35.0,586
2026-05-20 13:55:33,115330.0,5221.32393,N,453.50048,E,22.4,1020.46,29.17,539
2026-05-20 13:55:38,115335.0,5221.32581,N,453.50675,E,22.4,1020.32,38.33,527
2026-05-20 13:55:43,115338.0,5221.32755,N,453.51228,E,22.5,1020.38,26.67,421
2026-05-20 13:55:48,115343.0,5221.32868,N,453.51689,E,22.5,1020.35,33.33,414
2026-05-20 13:55:53,115348.0,5221.32972,N,453.52275,E,22.6,1020.39,36.67,473
2026-05-20 13:55:58,115353.0,5221.33066,N,453.52821,E,22.6,1020.47,22.5,231
2026-05-20 13:56:03,115358.0,5221.33133,N,453.53546,E,22.6,1020.46,26.67,440
2026-05-20 13:56:08,115403.0,5221.33241,N,453.54107,E,22.6,1020.45,20.83,361
2026-05-20 13:56:13,115408.0,5221.33313,N,453.54616,E,22.7,1020.43,24.17,441
2026-05-20 13:56:18,115413.0,5221.33449,N,453.55356,E,22.7,1020.44,25.0,366
2026-05-20 13:56:23,115418.0,5221.33457,N,453.56038,E,22.8,1020.29,8.33,352
2026-05-20 13:56:28,115423.0,5221.33551,N,453.56762,E,22.8,1020.36,5.83,365
2026-05-20 13:56:33,115428.0,5221.33694,N,453.57213,E,22.8,1020.42,14.17,340
2026-05-20 13:56:38,115433.0,5221.33257,N,453.57968,E,22.9,1020.47,33.33,347
2026-05-20 13:56:43,115438.0,5221.33004,N,453.58431,E,22.9,1020.4,135.83,351
2026-05-20 13:56:48,115443.0,5221.32959,N,453.58767,E,22.9,1020.38,13.33,333
2026-05-20 13:56:53,115448.0,5221.33245,N,453.59067,E,22.9,1020.29,23.33,409
2026-05-20 13:56:58,115453.0,5221.33358,N,453.59551,E,22.9,1020.34,18.33,217
2026-05-20 13:57:03,115458.0,5221.33609,N,453.6027,E,22.9,1020.38,25.0,524
2026-05-20 13:57:08,115503.0,5221.33828,N,453.61193,E,22.9,1020.33,34.17,378
2026-05-20 13:57:13,115508.0,5221.34148,N,453.61607,E,23.0,1020.37,35.83,380
2026-05-20 13:57:18,115513.0,5221.34426,N,453.62012,E,23.0,1020.46,37.5,408
2026-05-20 13:57:23,115518.0,5221.34656,N,453.62397,E,23.0,1020.34,41.67,327
2026-05-20 13:57:28,115523.0,5221.3482,N,453.63094,E,23.0,1020.34,46.67,382
2026-05-20 13:57:33,115528.0,5221.34915,N,453.635,E,23.1,1020.3,20.0,262
2026-05-20 13:57:38,115533.0,5221.35099,N,453.63822,E,23.1,1020.47,10.0,280
2026-05-20 13:57:43,115538.0,5221.35212,N,453.64361,E,23.2,1020.38,25.83,295
2026-05-20 13:57:48,115543.0,5221.35268,N,453.64985,E,23.2,1020.53,15.83,320
2026-05-20 13:57:53,115548.0,5221.35444,N,453.65526,E,23.1,1020.3,17.5,314
2026-05-20 13:57:58,115553.0,5221.35614,N,453.66063,E,23.1,1020.35,18.33,318
2026-05-20 13:58:03,115558.0,5221.35805,N,453.6639,E,23.2,1020.47,26.67,325
2026-05-20 13:58:08,115603.0,5221.35918,N,453.66871,E,23.2,1020.48,25.83,329
2026-05-20 13:58:13,115608.0,5221.36088,N,453.67272,E,23.2,1020.46,33.33,326
2026-05-20 13:58:18,115613.0,5221.36234,N,453.67807,E,23.2,1020.38,15.0,340
2026-05-20 13:58:23,115618.0,5221.36385,N,453.68449,E,23.2,1020.41,10.83,331
2026-05-20 13:58:28,115623.0,5221.36493,N,453.68876,E,23.2,1020.43,20.83,327
2026-05-20 13:58:33,115628.0,5221.36626,N,453.69419,E,23.3,1020.4,41.67,337
2026-05-20 13:58:38,115633.0,5221.36676,N,453.69656,E,23.3,1020.48,27.5,348
2026-05-20 13:58:43,115638.0,5221.36703,N,453.70158,E,23.3,1020.48,11.67,355
2026-05-20 13:58:48,115643.0,5221.36765,N,453.70611,E,23.4,1020.43,17.5,350
2026-05-20 13:58:53,115648.0,5221.36879,N,453.71133,E,23.4,1020.46,11.67,375
2026-05-20 13:58:58,115653.0,5221.36944,N,453.71703,E,23.4,1020.47,37.5,375
2026-05-20 13:59:03,115658.0,5221.37041,N,453.72131,E,23.4,1020.52,21.67,341
2026-05-20 13:59:08,115703.0,5221.37229,N,453.72688,E,23.5,1020.41,24.17,310
2026-05-20 13:59:13,115708.0,5221.37345,N,453.73132,E,23.5,1020.39,20.0,347
2026-05-20 13:59:18,115713.0,5221.37392,N,453.73875,E,23.4,1020.47,23.33,369
2026-05-20 13:59:23,115718.0,5221.37543,N,453.74317,E,23.4,1020.49,17.5,352
2026-05-20 13:59:28,115723.0,5221.3766,N,453.74834,E,23.4,1020.49,17.5,355
2026-05-20 13:59:33,115728.0,5221.37717,N,453.75505,E,23.5,1020.47,30.0,336
2026-05-20 13:59:38,115733.0,5221.37895,N,453.75936,E,23.5,1020.48,18.33,390
2026-05-20 13:59:43,115738.0,5221.38019,N,453.76394,E,23.5,1020.4,25.83,353
2026-05-20 13:59:48,115743.0,5221.38284,N,453.7662,E,23.5,1020.46,18.33,364
2026-05-20 13:59:53,115748.0,5221.38369,N,453.7713,E,23.6,1020.4,13.33,350
2026-05-20 13:59:58,115753.0,5221.38486,N,453.77541,E,23.6,1020.4,27.5,350
2026-05-20 14:00:03,115758.0,5221.38401,N,453.77941,E,23.6,1020.34,30.0,665
2026-05-20 14:00:08,115803.0,5221.38019,N,453.7864,E,23.5,1020.36,27.5,482
2026-05-20 14:00:14,115808.0,5221.38118,N,453.78866,E,23.5,1020.35,38.33,296
2026-05-20 14:00:19,115813.0,5221.38246,N,453.7943,E,23.5,1020.35,43.33,326
2026-05-20 14:00:24,115818.0,5221.38359,N,453.79932,E,23.5,1020.39,40.83,340
2026-05-20 14:00:29,115823.0,5221.3844,N,453.80659,E,23.6,1020.4,48.33,347
2026-05-20 14:00:34,115828.0,5221.38543,N,453.81202,E,23.6,1020.31,30.83,295
2026-05-20 14:00:39,115833.0,5221.38655,N,453.81563,E,23.7,1020.31,53.33,345
2026-05-20 14:00:44,115838.0,5221.3871,N,453.8176,E,23.7,1020.34,85.0,354
2026-05-20 14:00:49,115843.0,5221.38686,N,453.82243,E,23.7,1020.43,23.33,330
2026-05-20 14:00:54,115848.0,5221.38724,N,453.82802,E,23.8,1020.36,12.5,346
2026-05-20 14:00:59,115853.0,5221.38968,N,453.83184,E,23.7,1020.36,17.5,437
2026-05-20 14:01:04,115858.0,5221.39042,N,453.83638,E,23.8,1020.35,35.0,363
2026-05-20 14:01:09,115903.0,5221.39174,N,453.83821,E,23.7,1020.29,61.67,349
2026-05-20 14:01:14,115908.0,5221.39344,N,453.84125,E,23.7,1020.28,35.0,368
2026-05-20 14:01:19,115913.0,5221.39461,N,453.84694,E,23.8,1020.32,34.17,368
2026-05-20 14:01:24,115918.0,5221.39637,N,453.85111,E,23.8,1020.35,83.33,337
2026-05-20 14:01:29,115923.0,5221.39843,N,453.85681,E,23.8,1020.32,85.0,330
2026-05-20 14:01:34,115929.0,5221.40069,N,453.86442,E,23.7,1020.28,75.83,365
2026-05-20 14:01:39,115934.0,5221.40223,N,453.87056,E,23.7,1020.38,34.17,409
2026-05-20 14:01:44,115939.0,5221.4046,N,453.87393,E,23.8,1020.35,21.67,345
2026-05-20 14:01:49,115944.0,5221.4058,N,453.88016,E,23.8,1020.41,20.83,346
2026-05-20 14:01:54,115949.0,5221.40794,N,453.88495,E,23.8,1020.26,24.17,360
2026-05-20 14:01:59,115954.0,5221.40897,N,453.89129,E,23.8,1020.36,27.5,360
2026-05-20 14:02:04,115959.0,5221.41097,N,453.89704,E,23.9,1020.37,45.0,676
2026-05-20 14:02:09,120004.0,5221.41258,N,453.90232,E,23.9,1020.33,25.0,298
2026-05-20 14:02:14,120009.0,5221.41349,N,453.90803,E,23.9,1020.4,25.83,412
2026-05-20 14:02:19,120014.0,5221.41563,N,453.91235,E,23.9,1020.37,31.67,340
2026-05-20 14:02:24,120019.0,5221.41693,N,453.91742,E,23.9,1020.45,23.33,312
2026-05-20 14:02:29,120024.0,5221.41942,N,453.92163,E,24.0,1020.39,27.5,410
2026-05-20 14:02:34,120029.0,5221.41994,N,453.92705,E,24.0,1020.4,16.67,356
2026-05-20 14:02:39,120034.0,5221.42285,N,453.9315,E,24.0,1020.36,10.83,353
2026-05-20 14:02:44,120039.0,5221.42704,N,453.93467,E,24.0,1020.39,9.17,339
2026-05-20 14:02:49,120044.0,5221.42737,N,453.94089,E,24.0,1020.33,10.83,362
2026-05-20 14:02:54,120049.0,5221.42759,N,453.9479,E,24.0,1020.36,23.33,421
2026-05-20 14:02:59,120054.0,5221.42967,N,453.95411,E,24.1,1020.44,13.33,417
2026-05-20 14:03:04,120059.0,5221.43318,N,453.95838,E,24.1,1020.42,24.17,373
2026-05-20 14:03:09,120104.0,5221.42732,N,453.96666,E,24.1,1020.39,42.5,418
2026-05-20 14:03:14,120109.0,5221.42225,N,453.97025,E,24.1,1020.38,38.33,580
2026-05-20 14:03:19,120114.0,5221.41729,N,453.97217,E,24.0,1020.36,25.0,330
2026-05-20 14:03:24,120119.0,5221.41332,N,453.97465,E,24.0,1020.43,19.17,330
2026-05-20 14:03:29,120124.0,5221.40919,N,453.97674,E,24.0,1020.48,15.0,349
2026-05-20 14:03:34,120129.0,5221.4054,N,453.97871,E,24.0,1020.45,54.17,340
2026-05-20 14:03:39,120134.0,5221.40177,N,453.98095,E,24.1,1020.39,23.33,343
2026-05-20 14:03:44,120139.0,5221.39845,N,453.98176,E,24.1,1020.33,18.33,427
2026-05-20 14:03:49,120144.0,5221.39546,N,453.98184,E,24.1,1020.4,19.17,407
2026-05-20 14:03:54,120149.0,5221.39254,N,453.98276,E,24.1,1020.43,18.33,357
2026-05-20 14:03:59,120154.0,5221.38934,N,453.98543,E,24.1,1020.37,33.33,579
2026-05-20 14:04:04,120159.0,5221.38602,N,453.98912,E,24.2,1020.41,37.5,558
2026-05-20 14:04:09,120204.0,5221.38091,N,453.99496,E,24.2,1020.45,45.83,488
2026-05-20 14:04:14,120209.0,5221.37754,N,453.99683,E,24.2,1020.39,38.33,477
2026-05-20 14:04:19,120214.0,5221.37433,N,454.00006,E,24.2,1020.38,41.67,452
2026-05-20 14:04:24,120219.0,5221.3716,N,454.00147,E,24.2,1020.37,50.83,426
2026-05-20 14:04:29,120224.0,5221.36797,N,454.00424,E,24.2,1020.41,94.17,416
2026-05-20 14:04:34,120229.0,5221.36409,N,454.00822,E,24.2,1020.35,51.67,404
2026-05-20 14:04:39,120234.0,5221.36036,N,454.01115,E,24.2,1020.31,55.83,433
2026-05-20 14:04:44,120239.0,5221.35741,N,454.01246,E,24.2,1020.36,48.33,455
2026-05-20 14:04:49,120244.0,5221.35392,N,454.01542,E,24.2,1020.35,40.83,338
2026-05-20 14:04:54,120249.0,5221.35027,N,454.01927,E,24.2,1020.41,37.5,392
2026-05-20 14:04:59,120254.0,5221.34615,N,454.02432,E,24.2,1020.36,62.5,367
2026-05-20 14:05:04,120259.0,5221.34221,N,454.02617,E,24.2,1020.33,61.67,410
2026-05-20 14:05:09,120304.0,5221.33884,N,454.02953,E,24.2,1020.43,61.67,403
2026-05-20 14:05:14,120309.0,5221.33474,N,454.03508,E,24.2,1020.48,75.83,401
2026-05-20 14:05:19,120314.0,5221.33221,N,454.03687,E,24.2,1020.42,49.17,395
2026-05-20 14:05:24,120319.0,5221.32792,N,454.03935,E,24.3,1020.42,57.5,355
2026-05-20 14:05:29,120324.0,5221.32572,N,454.04029,E,24.3,1020.43,53.33,350
2026-05-20 14:05:34,120329.0,5221.32284,N,454.04274,E,24.2,1020.35,48.33,364
2026-05-20 14:05:39,120334.0,5221.3202,N,454.04374,E,24.2,1020.42,45.83,414
2026-05-20 14:05:44,120339.0,5221.31734,N,454.04584,E,24.3,1020.44,45.83,432
2026-05-20 14:05:49,120344.0,5221.31427,N,454.04779,E,24.3,1020.4,42.5,405
2026-05-20 14:05:54,120349.0,5221.31147,N,454.04963,E,24.2,1020.45,45.83,403
2026-05-20 14:05:59,120354.0,5221.30811,N,454.05091,E,24.2,1020.46,45.83,420
2026-05-20 14:06:04,120359.0,5221.30451,N,454.05379,E,24.2,1020.42,40.83,421
2026-05-20 14:06:09,120404.0,5221.30012,N,454.05743,E,24.3,1020.38,20.83,526
2026-05-20 14:06:14,120409.0,5221.29696,N,454.05802,E,24.2,1020.42,56.67,299
2026-05-20 14:06:19,120414.0,5221.29276,N,454.05828,E,24.2,1020.37,30.0,219
2026-05-20 14:06:24,120419.0,5221.28791,N,454.05883,E,24.2,1020.41,40.83,340
2026-05-20 14:06:29,120424.0,5221.28456,N,454.06036,E,24.2,1020.51,46.67,330
2026-05-20 14:06:34,120429.0,5221.28114,N,454.06251,E,24.1,1020.56,29.17,303
2026-05-20 14:06:39,120434.0,5221.27837,N,454.05931,E,23.8,1020.47,27.5,251
2026-05-20 14:06:44,120439.0,5221.27685,N,454.04698,E,23.9,1020.41,40.0,293
2026-05-20 14:06:49,120444.0,5221.27581,N,454.04272,E,23.8,1020.36,25.83,327
2026-05-20 14:06:54,120449.0,5221.27324,N,454.03767,E,23.8,1020.42,27.5,395
2026-05-20 14:06:59,120454.0,5221.2721,N,454.03257,E,23.8,1020.47,45.0,309
2026-05-20 14:07:04,120459.0,5221.27253,N,454.02761,E,23.7,1020.47,17.5,296
2026-05-20 14:07:09,120504.0,5221.272,N,454.02172,E,23.5,1020.46,15.83,308
2026-05-20 14:07:14,120509.0,5221.2712,N,454.01599,E,23.5,1020.56,17.5,329
2026-05-20 14:07:19,120514.0,5221.26995,N,454.01069,E,23.4,1020.48,27.5,324
2026-05-20 14:07:24,120519.0,5221.26969,N,454.00586,E,23.5,1020.44,16.67,357
2026-05-20 14:07:29,120524.0,5221.26859,N,454.00013,E,23.6,1020.34,21.67,382
2026-05-20 14:07:34,120529.0,5221.26796,N,453.99495,E,23.6,1020.49,15.83,397
2026-05-20 14:07:39,120534.0,5221.2667,N,453.98974,E,23.6,1020.52,35.0,399
2026-05-20 14:07:44,120539.0,5221.26582,N,453.98583,E,23.6,1020.51,25.0,378
2026-05-20 14:07:49,120544.0,5221.26413,N,453.97926,E,23.5,1020.44,20.0,349
2026-05-20 14:07:54,120549.0,5221.26411,N,453.9736,E,23.5,1020.48,18.33,340
2026-05-20 14:07:59,120554.0,5221.26334,N,453.96845,E,23.5,1020.42,20.0,339
2026-05-20 14:08:04,120559.0,5221.26167,N,453.96334,E,23.4,1020.37,25.83,414
2026-05-20 14:08:09,120604.0,5221.25794,N,453.96032,E,23.4,1020.62,26.67,388
2026-05-20 14:08:14,120609.0,5221.25554,N,453.95657,E,23.4,1020.54,20.0,344
2026-05-20 14:08:19,120614.0,5221.25514,N,453.95188,E,23.5,1020.51,23.33,348
2026-05-20 14:08:24,120619.0,5221.25256,N,453.94577,E,23.5,1020.52,23.33,368
2026-05-20 14:08:29,120624.0,5221.25,N,453.93953,E,23.4,1020.47,25.0,644
2026-05-20 14:08:34,120629.0,5221.24808,N,453.9337,E,23.4,1020.48,20.0,481
2026-05-20 14:08:39,120634.0,5221.24618,N,453.93,E,23.3,1020.59,17.5,439
2026-05-20 14:08:44,120639.0,5221.24509,N,453.92503,E,23.2,1020.53,18.33,518
2026-05-20 14:08:49,120644.0,5221.24432,N,453.92059,E,23.1,1020.42,15.83,455
2026-05-20 14:08:54,120649.0,5221.24418,N,453.91458,E,23.1,1020.44,13.33,606
2026-05-20 14:08:59,120654.0,5221.24352,N,453.9086,E,23.1,1020.5,13.33,379
2026-05-20 14:09:04,120659.0,5221.24287,N,453.90296,E,23.1,1020.47,15.0,464
2026-05-20 14:09:09,120704.0,5221.24181,N,453.8984,E,23.1,1020.48,13.33,493
2026-05-20 14:09:14,120709.0,5221.24122,N,453.89204,E,23.0,1020.5,11.67,449
2026-05-20 14:09:19,120714.0,5221.23892,N,453.88362,E,23.0,1020.48,14.17,382
2026-05-20 14:09:24,120719.0,5221.23773,N,453.87879,E,22.9,1020.49,10.83,413
2026-05-20 14:09:29,120724.0,5221.23551,N,453.87233,E,22.9,1020.51,12.5,406
2026-05-20 14:09:34,120729.0,5221.23416,N,453.86456,E,22.8,1020.52,20.83,395
2026-05-20 14:09:39,120734.0,5221.23326,N,453.85863,E,22.8,1020.46,24.17,419
2026-05-20 14:09:44,120739.0,5221.23131,N,453.85255,E,22.8,1020.53,16.67,578
2026-05-20 14:09:49,120744.0,5221.22952,N,453.84699,E,22.9,1020.55,23.33,292
2026-05-20 14:09:54,120749.0,5221.22881,N,453.8412,E,22.8,1020.45,24.17,312
2026-05-20 14:09:59,120754.0,5221.22861,N,453.83581,E,22.9,1020.49,23.33,396
2026-05-20 14:10:04,120759.0,5221.22659,N,453.82873,E,22.9,1020.45,25.83,365
2026-05-20 14:10:09,120804.0,5221.22598,N,453.82194,E,22.9,1020.41,25.83,341
2026-05-20 14:10:14,120809.0,5221.22477,N,453.81619,E,23.0,1020.56,22.5,330
2026-05-20 14:10:19,120814.0,5221.22211,N,453.81079,E,23.1,1020.4,20.83,352
2026-05-20 14:10:24,120819.0,5221.21996,N,453.80473,E,22.9,1020.44,18.33,364
2026-05-20 14:10:29,120824.0,5221.21877,N,453.79818,E,23.0,1020.51,20.0,361
2026-05-20 14:10:34,120829.0,5221.21751,N,453.79063,E,23.1,1020.45,21.67,369
2026-05-20 14:10:39,120834.0,5221.21724,N,453.78522,E,23.1,1020.46,25.0,359
2026-05-20 14:10:44,120839.0,5221.21691,N,453.78142,E,23.1,1020.45,17.5,352
2026-05-20 14:10:49,120844.0,5221.21674,N,453.77759,E,23.1,1020.48,25.0,368
2026-05-20 14:10:54,120849.0,5221.21579,N,453.77222,E,23.1,1020.56,31.67,349
2026-05-20 14:10:59,120854.0,5221.21428,N,453.76621,E,23.0,1020.58,43.33,363
2026-05-20 14:11:05,120859.0,5221.21206,N,453.75964,E,23.0,1020.53,30.83,462
2026-05-20 14:11:10,120904.0,5221.21055,N,453.75374,E,23.1,1020.41,35.0,380
2026-05-20 14:11:15,120909.0,5221.20897,N,453.74904,E,23.0,1020.43,22.5,322
2026-05-20 14:11:20,120914.0,5221.2082,N,453.74398,E,23.0,1020.47,33.33,322
2026-05-20 14:11:25,120919.0,5221.20581,N,453.73648,E,22.9,1020.45,25.83,368
2026-05-20 14:11:30,120924.0,5221.20464,N,453.73027,E,23.0,1020.45,28.33,375
2026-05-20 14:11:35,120929.0,5221.2035,N,453.72332,E,23.0,1020.46,23.33,373
2026-05-20 14:11:40,120934.0,5221.20211,N,453.71705,E,22.9,1020.47,28.33,863
2026-05-20 14:11:45,120939.0,5221.20218,N,453.71312,E,23.0,1020.45,31.67,155
2026-05-20 14:11:50,120944.0,5221.20115,N,453.70697,E,23.0,1020.51,40.0,350
2026-05-20 14:11:55,120949.0,5221.19996,N,453.69983,E,23.0,1020.5,65.83,310
2026-05-20 14:12:00,120954.0,5221.19847,N,453.6932,E,23.0,1020.41,55.83,253
2026-05-20 14:12:05,120959.0,5221.19575,N,453.68625,E,23.0,1020.37,60.0,288
2026-05-20 14:12:10,121004.0,5221.19351,N,453.67921,E,22.9,1020.43,57.5,370
2026-05-20 14:12:15,121009.0,5221.19223,N,453.67183,E,22.8,1020.46,45.0,340
2026-05-20 14:12:20,121014.0,5221.19134,N,453.66489,E,22.8,1020.51,42.5,311
2026-05-20 14:12:25,121019.0,5221.19018,N,453.65863,E,22.8,1020.5,38.33,482
2026-05-20 14:12:30,121024.0,5221.19023,N,453.65128,E,22.8,1020.56,26.67,395
2026-05-20 14:12:35,121030.0,5221.18974,N,453.64372,E,22.8,1020.55,35.0,292
2026-05-20 14:12:40,121035.0,5221.19003,N,453.63736,E,22.9,1020.43,33.33,403
2026-05-20 14:12:45,121040.0,5221.18986,N,453.63185,E,22.9,1020.44,15.83,451
2026-05-20 14:12:50,121045.0,5221.18994,N,453.62583,E,22.9,1020.46,31.67,388
2026-05-20 14:12:55,121050.0,5221.18983,N,453.62175,E,22.8,1020.49,12.5,322
2026-05-20 14:13:00,121055.0,5221.18925,N,453.61571,E,22.8,1020.47,12.5,396
2026-05-20 14:13:05,121100.0,5221.18777,N,453.61045,E,22.8,1020.49,14.17,427
2026-05-20 14:13:10,121105.0,5221.18633,N,453.60405,E,22.8,1020.56,35.0,318
2026-05-20 14:13:15,121110.0,5221.18585,N,453.59856,E,22.8,1020.56,41.67,377
2026-05-20 14:13:20,121115.0,5221.18506,N,453.59358,E,22.8,1020.6,10.83,370
2026-05-20 14:13:25,121120.0,5221.18419,N,453.58827,E,22.8,1020.48,12.5,394
2026-05-20 14:13:30,121125.0,5221.18319,N,453.58347,E,22.8,1020.49,20.0,438
2026-05-20 14:13:35,121130.0,5221.18153,N,453.5777,E,22.7,1020.49,12.5,263
2026-05-20 14:13:40,121135.0,5221.18005,N,453.57227,E,22.7,1020.57,35.0,262
2026-05-20 14:13:45,121140.0,5221.17959,N,453.56695,E,22.7,1020.58,13.33,297
2026-05-20 14:13:50,121145.0,5221.17822,N,453.56044,E,22.6,1020.67,21.67,297
2026-05-20 14:13:55,121150.0,5221.17752,N,453.55385,E,22.5,1020.53,15.83,338
2026-05-20 14:14:00,121155.0,5221.17659,N,453.54684,E,22.6,1020.58,16.67,376
2026-05-20 14:14:05,121200.0,5221.17561,N,453.54086,E,22.5,1020.64,14.17,94
2026-05-20 14:14:10,121205.0,5221.17488,N,453.53621,E,22.4,1020.54,20.83,337
2026-05-20 14:14:15,121210.0,5221.17453,N,453.5312,E,22.4,1020.63,16.67,389
2026-05-20 14:14:20,121215.0,5221.17317,N,453.52625,E,22.3,1020.67,17.5,326
2026-05-20 14:14:25,121220.0,5221.17241,N,453.52041,E,22.0,1020.57,29.17,335
2026-05-20 14:14:30,121225.0,5221.17211,N,453.51517,E,22.1,1020.54,35.83,424
2026-05-20 14:14:35,121230.0,5221.17244,N,453.50975,E,22.1,1020.55,59.17,306
2026-05-20 14:14:40,121235.0,5221.172,N,453.50276,E,22.1,1020.75,51.67,289
2026-05-20 14:14:45,121240.0,5221.1735,N,453.49773,E,22.1,1020.56,38.33,129
2026-05-20 14:14:50,121245.0,5221.17499,N,453.49584,E,22.2,1020.54,40.0,225
2026-05-20 14:14:55,121250.0,5221.17623,N,453.49453,E,22.1,1020.54,34.17,264
2026-05-20 14:15:00,121255.0,5221.17748,N,453.49359,E,22.1,1020.54,34.17,275
2026-05-20 14:15:05,121300.0,5221.17807,N,453.49291,E,22.0,1020.58,35.0,311
2026-05-20 14:15:10,121305.0,5221.17808,N,453.4888,E,22.1,1020.55,26.67,391
2026-05-20 14:15:15,121310.0,5221.17722,N,453.48507,E,22.0,1020.54,70.0,299
2026-05-20 14:15:20,121315.0,5221.17885,N,453.48175,E,21.9,1020.58,22.5,417
2026-05-20 14:15:25,121320.0,5221.18153,N,453.47853,E,22.1,1020.52,35.83,633
2026-05-20 14:15:30,121325.0,5221.1834,N,453.47477,E,22.1,1020.55,33.33,599
2026-05-20 14:15:35,121330.0,5221.18531,N,453.47119,E,22.1,1020.47,60.0,508
2026-05-20 14:15:40,121335.0,5221.1884,N,453.46776,E,22.0,1020.57,60.83,463
2026-05-20 14:15:45,121340.0,5221.19134,N,453.46494,E,22.1,1020.58,55.0,483
2026-05-20 14:15:50,121345.0,5221.19426,N,453.46155,E,21.9,1020.69,45.0,474
2026-05-20 14:15:55,121350.0,5221.19766,N,453.45788,E,21.6,1020.6,58.33,427
2026-05-20 14:16:00,121355.0,5221.20158,N,453.46178,E,21.8,1020.43,30.0,435
2026-05-20 14:16:05,121400.0,5221.20399,N,453.46828,E,21.9,1020.53,33.33,424
2026-05-20 14:16:10,121405.0,5221.2061,N,453.47458,E,21.9,1020.53,27.5,390
2026-05-20 14:16:15,121410.0,5221.2082,N,453.47966,E,22.0,1020.63,23.33,247
2026-05-20 14:16:20,121415.0,5221.2099,N,453.48454,E,22.0,1020.51,23.33,291
2026-05-20 14:16:25,121420.0,5221.21234,N,453.48878,E,22.0,1020.49,21.67,371
2026-05-20 14:16:30,121425.0,5221.21421,N,453.49319,E,22.1,1020.52,30.0,657
2026-05-20 14:16:35,121430.0,5221.21588,N,453.49853,E,22.1,1020.57,19.17,585
2026-05-20 14:16:40,121435.0,5221.21812,N,453.50219,E,22.2,1020.57,45.83,556
2026-05-20 14:16:45,121440.0,5221.21927,N,453.50769,E,22.2,1020.51,17.5,523
2026-05-20 14:16:50,121445.0,5221.21977,N,453.50944,E,22.3,1020.5,15.83,489
2026-05-20 14:16:55,121450.0,5221.22009,N,453.51002,E,22.3,1020.54,18.33,478
2026-05-20 14:17:00,121455.0,5221.21939,N,453.51036,E,22.4,1020.58,10.0,650
2026-05-20 14:17:05,121500.0,5221.21859,N,453.50943,E,22.4,1020.59,10.0,535
2026-05-20 14:17:10,121505.0,5221.2185,N,453.50927,E,22.4,1020.62,9.17,490
2026-05-20 14:17:15,121510.0,5221.21892,N,453.5102,E,22.4,1020.69,9.17,461
2026-05-20 14:17:20,121515.0,5221.21894,N,453.50961,E,22.4,1020.59,16.67,485
2026-05-20 14:17:25,121520.0,5221.22133,N,453.51094,E,22.5,1020.44,85.0,527
2026-05-20 14:17:30,121525.0,5221.22278,N,453.51105,E,22.5,1020.48,31.67,161
2026-05-20 14:17:35,121530.0,5221.22255,N,453.51141,E,22.5,1020.44,49.17,467
2026-05-20 14:17:40,121535.0,5221.22313,N,453.51182,E,22.5,1020.65,13.33,627
2026-05-20 14:17:45,121540.0,5221.22273,N,453.51197,E,22.6,1020.65,13.33,569
2026-05-20 14:17:50,121545.0,5221.22331,N,453.51261,E,22.5,1020.55,44.17,535
2026-05-20 14:17:55,121550.0,5221.22297,N,453.51429,E,22.5,1020.56,25.83,514
2026-05-20 14:18:00,121555.0,5221.22343,N,453.51463,E,22.6,1020.58,27.5,498
2026-05-20 14:18:05,121600.0,5221.22367,N,453.51478,E,22.6,1020.55,75.83,471
2026-05-20 14:18:10,121605.0,5221.22385,N,453.51444,E,22.6,1020.5,39.17,499
2026-05-20 14:18:15,121610.0,5221.22355,N,453.51456,E,22.5,1020.54,1623.33,861
2026-05-20 14:18:20,121615.0,5221.22324,N,453.51536,E,22.6,1020.56,19.17,178
2026-05-20 14:18:25,121620.0,5221.22381,N,453.51387,E,22.6,1020.64,25.0,297
2026-05-20 14:18:30,121625.0,5221.22424,N,453.51241,E,22.7,1020.67,39.17,378
2026-05-20 14:18:35,121630.0,5221.22354,N,453.51374,E,22.7,1020.66,6.67,237
2026-05-20 14:18:40,121635.0,5221.22469,N,453.51333,E,22.8,1020.57,16.67,319
2026-05-20 14:18:45,121640.0,5221.22575,N,453.5136,E,22.8,1020.61,15.0,335
2026-05-20 14:18:50,121645.0,5221.22634,N,453.51325,E,22.8,1020.57,15.0,345
2026-05-20 14:18:55,121650.0,5221.22707,N,453.51304,E,22.9,1020.59,16.67,351
2026-05-20 14:19:00,121655.0,5221.22464,N,453.5115,E,22.9,1020.62,15.83,356
2026-05-20 14:19:05,121700.0,5221.22211,N,453.50927,E,22.9,1020.66,15.83,360
2026-05-20 14:19:10,121705.0,5221.2221,N,453.50914,E,22.9,1020.56,8.33,155
2026-05-20 14:19:15,121710.0,5221.22296,N,453.50803,E,23.0,1020.59,14.17,578
2026-05-20 14:19:20,121715.0,5221.22294,N,453.50822,E,23.0,1020.67,13.33,510
2026-05-20 14:19:25,121720.0,5221.223,N,453.50911,E,23.0,1020.56,12.5,475
2026-05-20 14:19:30,121725.0,5221.2233,N,453.50923,E,23.0,1020.53,12.5,561
2026-05-20 14:19:35,121730.0,5221.22435,N,453.51226,E,23.1,1020.61,17.5,582
2026-05-20 14:19:40,121735.0,5221.22444,N,453.51844,E,23.0,1020.51,21.67,504
2026-05-20 14:19:45,121740.0,5221.22491,N,453.52389,E,23.1,1020.52,28.33,618
2026-05-20 14:19:50,121745.0,5221.22531,N,453.52853,E,23.2,1020.57,25.0,445
2026-05-20 14:19:55,121750.0,5221.22589,N,453.53325,E,23.2,1020.57,25.0,464
2026-05-20 14:20:00,121755.0,5221.22652,N,453.54012,E,23.3,1020.52,26.67,451
2026-05-20 14:20:05,121800.0,5221.22747,N,453.54431,E,23.2,1020.56,26.67,478
2026-05-20 14:20:10,121805.0,5221.22779,N,453.55043,E,23.3,1020.58,23.33,422
2026-05-20 14:20:15,121810.0,5221.22829,N,453.55515,E,23.3,1020.61,25.83,420
2026-05-20 14:20:20,121815.0,5221.22892,N,453.55995,E,23.3,1020.56,24.17,399
2026-05-20 14:20:25,121820.0,5221.22898,N,453.5653,E,23.3,1020.52,25.0,421
2026-05-20 14:20:30,121825.0,5221.22951,N,453.57051,E,23.4,1020.52,17.5,415
2026-05-20 14:20:35,121830.0,5221.23051,N,453.57491,E,23.4,1020.56,16.67,410
2026-05-20 14:20:40,121835.0,5221.23146,N,453.58046,E,23.4,1020.55,18.33,395
2026-05-20 14:20:45,121840.0,5221.23296,N,453.58589,E,23.4,1020.55,18.33,389
2026-05-20 14:20:50,121845.0,5221.23345,N,453.59205,E,23.3,1020.61,15.0,373
2026-05-20 14:20:55,121850.0,5221.23435,N,453.59867,E,23.4,1020.52,19.17,393
2026-05-20 14:21:00,121855.0,5221.23503,N,453.60565,E,23.4,1020.45,20.83,375
2026-05-20 14:21:05,121900.0,5221.23578,N,453.6126,E,23.5,1020.53,18.33,390
2026-05-20 14:21:10,121905.0,5221.23625,N,453.62023,E,23.5,1020.53,16.67,381
2026-05-20 14:21:15,121910.0,5221.23638,N,453.62681,E,23.4,1020.52,9.17,375
2026-05-20 14:21:20,121915.0,5221.23714,N,453.63287,E,23.5,1020.46,19.17,381
2026-05-20 14:21:25,121920.0,5221.23769,N,453.63926,E,23.4,1020.59,35.0,376
2026-05-20 14:21:30,121925.0,5221.23828,N,453.64495,E,23.4,1020.55,15.0,382
2026-05-20 14:21:35,121930.0,5221.23857,N,453.64875,E,23.6,1020.5,11.67,372
2026-05-20 14:21:40,121935.0,5221.23824,N,453.64957,E,23.6,1020.55,13.33,421
2026-05-20 14:21:45,121940.0,5221.2392,N,453.6517,E,23.6,1020.49,16.67,328
2026-05-20 14:21:50,121945.0,5221.24002,N,453.65622,E,23.7,1020.53,57.5,424
2026-05-20 14:21:56,121950.0,5221.23964,N,453.66163,E,23.7,1020.69,28.33,360
2026-05-20 14:22:01,121955.0,5221.23741,N,453.66547,E,23.7,1020.67,21.67,436
2026-05-20 14:22:06,122000.0,5221.23501,N,453.6677,E,23.7,1020.77,15.83,401
2026-05-20 14:22:11,122005.0,5221.23198,N,453.66979,E,23.7,1020.76,25.0,341
2026-05-20 14:22:16,122010.0,5221.22858,N,453.6719,E,23.8,1020.77,15.83,429
2026-05-20 14:22:21,122015.0,5221.22595,N,453.67551,E,23.8,1020.74,10.0,412
2026-05-20 14:22:26,122020.0,5221.22385,N,453.68025,E,23.9,1020.73,10.83,408
2026-05-20 14:22:31,122025.0,5221.22319,N,453.68506,E,23.9,1020.7,11.67,358
2026-05-20 14:22:36,122030.0,5221.22289,N,453.69193,E,23.9,1020.66,10.0,172
2026-05-20 14:22:41,122035.0,5221.22211,N,453.69818,E,24.1,1020.7,11.67,625
2026-05-20 14:22:46,122040.0,5221.22092,N,453.70479,E,24.1,1020.71,81.67,158
2026-05-20 14:22:51,122045.0,5221.22086,N,453.71219,E,24.1,1020.7,30.0,273
2026-05-20 14:22:56,122050.0,5221.2222,N,453.71871,E,24.1,1020.72,12.5,266
2026-05-20 14:23:01,122055.0,5221.22365,N,453.7238,E,24.0,1020.77,36.67,339
2026-05-20 14:23:06,122100.0,5221.22534,N,453.72968,E,24.1,1020.75,30.0,338
2026-05-20 14:23:11,122105.0,5221.22711,N,453.73588,E,24.1,1020.79,34.17,366
2026-05-20 14:23:16,122110.0,5221.22824,N,453.74138,E,24.1,1020.79,30.0,348
2026-05-20 14:23:21,122115.0,5221.22925,N,453.74725,E,24.2,1020.77,34.17,373
2026-05-20 14:23:26,122120.0,5221.22954,N,453.75243,E,24.2,1020.72,44.17,365
2026-05-20 14:23:31,122125.0,5221.22908,N,453.75828,E,24.2,1020.69,46.67,378
2026-05-20 14:23:36,122130.0,5221.22929,N,453.7648,E,24.3,1020.77,70.0,366
2026-05-20 14:23:41,122136.0,5221.23014,N,453.77193,E,24.3,1020.7,75.0,392
2026-05-20 14:23:46,122141.0,5221.23104,N,453.77761,E,24.3,1020.64,45.0,409
2026-05-20 14:23:51,122146.0,5221.23268,N,453.7821,E,24.4,1020.61,30.83,405
2026-05-20 14:23:56,122151.0,5221.23427,N,453.78658,E,24.4,1020.7,42.5,444
2026-05-20 14:24:01,122156.0,5221.23597,N,453.79201,E,24.5,1020.68,140.83,524
2026-05-20 14:24:06,122201.0,5221.23806,N,453.79766,E,24.5,1020.78,53.33,285
2026-05-20 14:24:11,122206.0,5221.24011,N,453.80252,E,24.6,1020.83,14.17,340
2026-05-20 14:24:16,122211.0,5221.24228,N,453.8076,E,24.6,1020.91,10.83,329
2026-05-20 14:24:21,122216.0,5221.24454,N,453.81232,E,24.6,1020.87,7.5,343
2026-05-20 14:24:26,122221.0,5221.24619,N,453.81621,E,24.6,1020.8,9.17,327
2026-05-20 14:24:31,122226.0,5221.24847,N,453.82062,E,24.5,1020.74,13.33,355
2026-05-20 14:24:36,122231.0,5221.251,N,453.82366,E,24.4,1020.81,14.17,341
2026-05-20 14:24:41,122236.0,5221.25358,N,453.82624,E,24.5,1020.8,19.17,343
2026-05-20 14:24:46,122241.0,5221.25694,N,453.82969,E,24.6,1020.69,28.33,420
2026-05-20 14:24:51,122246.0,5221.26052,N,453.833,E,24.6,1020.76,31.67,184
2026-05-20 14:24:56,122251.0,5221.26439,N,453.83413,E,24.7,1020.84,27.5,336
2026-05-20 14:25:01,122256.0,5221.26754,N,453.83128,E,24.5,1020.78,49.17,369
2026-05-20 14:25:06,122301.0,5221.27086,N,453.82739,E,24.6,1020.84,28.33,358
2026-05-20 14:25:11,122306.0,5221.27415,N,453.82295,E,24.5,1020.89,31.67,387
2026-05-20 14:25:16,122311.0,5221.27735,N,453.81915,E,24.4,1020.86,23.33,383
2026-05-20 14:25:21,122316.0,5221.2807,N,453.81682,E,24.4,1020.72,17.5,289
2026-05-20 14:25:26,122321.0,5221.28378,N,453.81793,E,24.5,1020.71,41.67,346
2026-05-20 14:25:31,122326.0,5221.28687,N,453.81951,E,24.4,1020.8,42.5,364
2026-05-20 14:25:36,122331.0,5221.29042,N,453.8214,E,24.5,1020.83,46.67,340
2026-05-20 14:25:41,122336.0,5221.29438,N,453.82366,E,24.6,1020.83,48.33,275
2026-05-20 14:25:46,122341.0,5221.29714,N,453.82642,E,24.6,1020.79,20.83,336
2026-05-20 14:25:51,122346.0,5221.29974,N,453.82996,E,24.7,1020.75,37.5,329
2026-05-20 14:25:56,122351.0,5221.30305,N,453.83402,E,24.7,1020.78,38.33,365
2026-05-20 14:26:01,122356.0,5221.30567,N,453.83802,E,24.7,1020.76,42.5,385
2026-05-20 14:26:06,122401.0,5221.30815,N,453.84178,E,24.6,1020.73,34.17,376
2026-05-20 14:26:11,122406.0,5221.30988,N,453.84654,E,24.6,1020.68,10.0,389
2026-05-20 14:26:16,122411.0,5221.31197,N,453.85055,E,24.8,1020.62,7.5,394
2026-05-20 14:26:21,122416.0,5221.31356,N,453.85485,E,24.9,1020.59,6.67,445
2026-05-20 14:26:26,122421.0,5221.31243,N,453.85978,E,24.9,1020.52,24.17,392
2026-05-20 14:26:31,122426.0,5221.31056,N,453.86316,E,25.0,1020.49,6.67,422
2026-05-20 14:26:36,122431.0,5221.30865,N,453.86841,E,25.0,1020.57,19.17,388
2026-05-20 14:26:41,122436.0,5221.30698,N,453.87308,E,25.1,1020.71,9.17,409
2026-05-20 14:26:46,122441.0,5221.30522,N,453.8788,E,25.1,1020.74,71.67,532
2026-05-20 14:26:51,122446.0,5221.30218,N,453.88334,E,25.2,1020.68,24.17,295
2026-05-20 14:26:56,122451.0,5221.29987,N,453.88701,E,25.2,1020.63,22.5,424
2026-05-20 14:27:01,122456.0,5221.29628,N,453.8907,E,25.1,1020.63,122.5,378
2026-05-20 14:27:06,122501.0,5221.29243,N,453.89405,E,25.2,1020.58,89.17,285
2026-05-20 14:27:11,122506.0,5221.28812,N,453.89538,E,25.2,1020.65,61.67,290
2026-05-20 14:27:16,122511.0,5221.28419,N,453.89459,E,25.2,1020.66,130.83,340
2026-05-20 14:27:21,122516.0,5221.28053,N,453.89426,E,25.3,1020.89,122.5,337
2026-05-20 14:27:26,122521.0,5221.27706,N,453.89128,E,25.2,1020.76,101.67,431
2026-05-20 14:27:31,122526.0,5221.27433,N,453.88884,E,25.2,1020.67,53.33,471
2026-05-20 14:27:36,122531.0,5221.27165,N,453.88424,E,25.2,1020.64,53.33,481
2026-05-20 14:27:41,122536.0,5221.26929,N,453.88004,E,25.3,1020.8,67.5,454
2026-05-20 14:27:46,122541.0,5221.2676,N,453.8761,E,25.3,1020.85,116.67,439
2026-05-20 14:27:51,122546.0,5221.26661,N,453.87042,E,25.3,1020.73,65.0,393
2026-05-20 14:27:56,122551.0,5221.26578,N,453.86411,E,25.3,1020.65,63.33,408
2026-05-20 14:28:01,122556.0,5221.2662,N,453.85779,E,25.3,1020.78,35.83,373
2026-05-20 14:28:06,122601.0,5221.26661,N,453.85235,E,25.2,1020.81,53.33,398
2026-05-20 14:28:11,122606.0,5221.26813,N,453.84614,E,25.0,1020.73,46.67,398
2026-05-20 14:28:16,122611.0,5221.27022,N,453.83985,E,25.1,1020.76,50.0,401
2026-05-20 14:28:21,122616.0,5221.27241,N,453.83508,E,25.2,1020.75,30.0,375
2026-05-20 14:28:26,122621.0,5221.27422,N,453.82961,E,25.2,1020.86,13.33,375
2026-05-20 14:28:31,122626.0,5221.27652,N,453.82485,E,25.2,1020.86,22.5,393
2026-05-20 14:28:36,122631.0,5221.27872,N,453.8205,E,25.2,1020.83,17.5,468
2026-05-20 14:28:41,122636.0,5221.2814,N,453.81696,E,25.2,1020.81,15.0,384
2026-05-20 14:28:46,122641.0,5221.28358,N,453.81219,E,25.1,1020.81,39.17,396
2026-05-20 14:28:51,122646.0,5221.28568,N,453.80704,E,25.2,1020.74,55.83,405
2026-05-20 14:28:56,122651.0,5221.28767,N,453.80048,E,25.3,1020.76,53.33,333
2026-05-20 14:29:01,122656.0,5221.28961,N,453.7947,E,25.3,1020.77,72.5,276
2026-05-20 14:29:06,122701.0,5221.29118,N,453.78896,E,25.2,1020.76,59.17,321
2026-05-20 14:29:11,122706.0,5221.29199,N,453.78324,E,25.3,1020.82,41.67,366
2026-05-20 14:29:16,122711.0,5221.29319,N,453.77737,E,25.2,1020.7,31.67,317
2026-05-20 14:29:21,122716.0,5221.29349,N,453.7708,E,25.3,1020.69,33.33,363
2026-05-20 14:29:26,122721.0,5221.29374,N,453.76509,E,25.3,1020.59,15.83,339
2026-05-20 14:29:31,122726.0,5221.29252,N,453.76242,E,25.3,1020.72,25.0,452
2026-05-20 14:29:36,122731.0,5221.2887,N,453.76084,E,25.4,1020.77,32.5,469
2026-05-20 14:29:41,122736.0,5221.28494,N,453.76114,E,25.4,1020.64,137.5,414
2026-05-20 14:29:46,122741.0,5221.28113,N,453.76175,E,25.4,1020.72,199.17,417
2026-05-20 14:29:51,122746.0,5221.27727,N,453.76199,E,25.4,1020.68,233.33,342
2026-05-20 14:29:56,122751.0,5221.2735,N,453.76242,E,25.5,1020.76,180.83,417
2026-05-20 14:30:01,122756.0,5221.26956,N,453.762,E,25.6,1020.79,121.67,398
2026-05-20 14:30:06,122801.0,5221.26595,N,453.76147,E,25.6,1020.81,103.33,387
2026-05-20 14:30:11,122806.0,5221.26206,N,453.76096,E,25.6,1020.88,30.0,374
2026-05-20 14:30:16,122811.0,5221.25873,N,453.76013,E,25.6,1020.69,19.17,421
2026-05-20 14:30:21,122816.0,5221.25569,N,453.75783,E,25.6,1020.88,80.83,391
2026-05-20 14:30:26,122821.0,5221.25321,N,453.75521,E,25.6,1020.76,196.67,400
2026-05-20 14:30:31,122826.0,5221.25002,N,453.75129,E,25.7,1020.79,197.5,204
2026-05-20 14:30:36,122831.0,5221.24668,N,453.74792,E,25.7,1020.81,203.33,314
2026-05-20 14:30:41,122836.0,5221.24402,N,453.74318,E,25.7,1020.75,128.33,246
2026-05-20 14:30:46,122841.0,5221.24266,N,453.73778,E,25.7,1020.76,88.33,346
2026-05-20 14:30:51,122846.0,5221.24179,N,453.73232,E,25.7,1020.86,63.33,347
2026-05-20 14:30:56,122851.0,5221.24284,N,453.72719,E,25.7,1020.7,78.33,379
2026-05-20 14:31:01,122856.0,5221.24408,N,453.72227,E,25.7,1020.75,60.0,369
2026-05-20 14:31:06,122901.0,5221.24615,N,453.7181,E,25.7,1020.75,47.5,374
2026-05-20 14:31:11,122906.0,5221.24846,N,453.71389,E,25.6,1020.73,29.17,369
2026-05-20 14:31:16,122911.0,5221.25049,N,453.70909,E,25.7,1020.74,32.5,200
2026-05-20 14:31:21,122916.0,5221.25144,N,453.70577,E,25.7,1020.82,37.5,484
2026-05-20 14:31:26,122921.0,5221.25112,N,453.70562,E,25.8,1020.91,20.0,475
2026-05-20 14:31:31,122926.0,5221.25114,N,453.7055,E,25.8,1020.96,20.0,446
2026-05-20 14:31:36,122931.0,5221.25115,N,453.70545,E,25.8,1020.84,23.33,428
2026-05-20 14:31:41,122936.0,5221.25098,N,453.70531,E,25.9,1020.84,25.0,416
2026-05-20 14:31:46,122941.0,5221.25097,N,453.7056,E,25.9,1020.87,25.0,406
2026-05-20 14:31:51,122946.0,5221.25087,N,453.70542,E,25.9,1020.85,25.83,402
2026-05-20 14:31:56,122951.0,5221.25076,N,453.70623,E,25.9,1020.81,28.33,395
2026-05-20 14:32:01,122956.0,5221.25055,N,453.70701,E,26.0,1020.82,24.17,427
2026-05-20 14:32:06,123001.0,5221.25039,N,453.70741,E,26.0,1020.77,21.67,408
2026-05-20 14:32:11,123006.0,5221.25021,N,453.70803,E,26.0,1020.86,20.0,607
2026-05-20 14:32:16,123011.0,5221.25021,N,453.70846,E,26.0,1020.84,5117.5,103
2026-05-20 14:32:21,123016.0,5221.25055,N,453.70844,E,25.9,1020.82,5453.33,269
2026-05-20 14:32:26,123021.0,5221.25066,N,453.70865,E,26.0,1020.85,5508.33,294
2026-05-20 14:32:31,123026.0,5221.25068,N,453.7094,E,26.0,1020.82,2480.0,227
2026-05-20 14:32:36,123031.0,5221.25108,N,453.70874,E,26.0,1020.84,3174.17,262
2026-05-20 14:32:42,123036.0,5221.25165,N,453.70831,E,25.9,1020.97,2155.83,285
2026-05-20 14:32:47,123041.0,5221.25187,N,453.7078,E,25.8,1020.87,2259.17,309
2026-05-20 14:32:52,123046.0,5221.25237,N,453.70745,E,25.6,1020.87,3273.33,307
2026-05-20 14:32:57,123051.0,5221.25293,N,453.70752,E,25.8,1020.87,38.33,168
2026-05-20 14:33:02,123056.0,5221.25311,N,453.70786,E,25.6,1020.8,38.33,252
2026-05-20 14:33:07,123101.0,5221.25302,N,453.70843,E,25.7,1020.81,48.33,341
2026-05-20 14:33:12,123106.0,5221.25299,N,453.7091,E,25.8,1020.86,48.33,340
2026-05-20 14:33:17,123111.0,5221.25283,N,453.71002,E,25.8,1020.82,47.5,344
2026-05-20 14:33:22,123116.0,5221.25259,N,453.71086,E,25.9,1020.84,47.5,345
2026-05-20 14:33:27,123121.0,5221.2523,N,453.71151,E,25.9,1020.93,46.67,346
2026-05-20 14:33:32,123126.0,5221.25203,N,453.7124,E,25.9,1020.82,45.83,345
2026-05-20 14:33:37,123131.0,5221.25172,N,453.71353,E,25.9,1020.9,46.67,346
2026-05-20 14:33:42,123136.0,5221.25154,N,453.71414,E,26.0,1020.83,48.33,350
2026-05-20 14:33:47,123141.0,5221.25135,N,453.71488,E,26.0,1020.98,40.83,203
2026-05-20 14:33:52,123146.0,5221.25114,N,453.71528,E,26.0,1020.94,40.83,259
2026-05-20 14:33:57,123151.0,5221.25099,N,453.7158,E,26.1,1020.89,41.67,306
2026-05-20 14:34:02,123156.0,5221.25054,N,453.71638,E,26.1,1020.94,40.83,326
2026-05-20 14:34:07,123201.0,5221.25057,N,453.71617,E,26.0,1020.83,17.5,360
2026-05-20 14:34:12,123206.0,5221.2511,N,453.71402,E,26.1,1020.89,47.5,417
2026-05-20 14:34:17,123211.0,5221.25187,N,453.71252,E,26.1,1020.87,13.33,472
2026-05-20 14:34:22,123216.0,5221.25163,N,453.71227,E,26.1,1020.9,30.83,295
2026-05-20 14:34:27,123221.0,5221.25229,N,453.71005,E,26.2,1020.81,24.17,438
2026-05-20 14:34:32,123226.0,5221.25342,N,453.70677,E,26.2,1020.79,20.83,337
2026-05-20 14:34:37,123231.0,5221.25445,N,453.70119,E,26.2,1020.8,46.67,354
2026-05-20 14:34:42,123237.0,5221.25493,N,453.69481,E,26.0,1020.86,106.67,381
2026-05-20 14:34:47,123242.0,5221.25447,N,453.689,E,26.1,1020.8,111.67,329
2026-05-20 14:34:52,123247.0,5221.25279,N,453.68447,E,26.1,1020.83,141.67,365
2026-05-20 14:34:57,123252.0,5221.25056,N,453.67957,E,26.1,1020.83,155.0,381
2026-05-20 14:35:02,123257.0,5221.24873,N,453.67683,E,26.1,1020.74,138.33,389
2026-05-20 14:35:07,123302.0,5221.24632,N,453.67455,E,26.0,1020.68,127.5,380
2026-05-20 14:35:12,123307.0,5221.24406,N,453.67129,E,25.9,1020.79,16.67,376
2026-05-20 14:35:17,123312.0,5221.2421,N,453.66742,E,26.0,1020.63,10.83,344
2026-05-20 14:35:22,123317.0,5221.23992,N,453.66237,E,26.1,1020.68,14.17,394
2026-05-20 14:35:27,123322.0,5221.23903,N,453.65944,E,26.1,1020.55,67.5,412
2026-05-20 14:35:32,123327.0,5221.23919,N,453.65535,E,26.2,1020.67,30.83,292
2026-05-20 14:35:37,123332.0,5221.24138,N,453.65327,E,26.1,1020.65,38.33,323
2026-05-20 14:35:42,123337.0,5221.24243,N,453.65053,E,26.1,1020.52,50.0,311
2026-05-20 14:35:47,123342.0,5221.24441,N,453.64757,E,26.0,1020.68,34.17,344
2026-05-20 14:35:52,123347.0,5221.24722,N,453.64462,E,25.9,1020.66,51.67,387
2026-05-20 14:35:57,123352.0,5221.2498,N,453.64138,E,25.9,1020.6,45.0,359
2026-05-20 14:36:02,123357.0,5221.25347,N,453.63863,E,26.0,1020.65,55.0,347
2026-05-20 14:36:07,123402.0,5221.25539,N,453.63528,E,25.9,1020.71,35.0,339
2026-05-20 14:36:12,123407.0,5221.25787,N,453.63311,E,25.9,1020.59,29.17,269
2026-05-20 14:36:17,123412.0,5221.25975,N,453.63129,E,25.9,1020.58,40.0,324
2026-05-20 14:36:22,123417.0,5221.26153,N,453.63041,E,26.0,1020.62,82.5,340
2026-05-20 14:36:27,123422.0,5221.26463,N,453.62644,E,25.9,1020.69,92.5,328
2026-05-20 14:36:32,123427.0,5221.26713,N,453.62181,E,25.9,1020.76,53.33,334
2026-05-20 14:36:37,123432.0,5221.26825,N,453.61648,E,25.9,1020.67,63.33,364
2026-05-20 14:36:42,123437.0,5221.26802,N,453.61167,E,25.8,1020.72,135.0,357
2026-05-20 14:36:47,123442.0,5221.2675,N,453.60636,E,25.7,1020.76,115.0,368
2026-05-20 14:36:52,123447.0,5221.2661,N,453.60263,E,25.6,1020.61,160.0,355
2026-05-20 14:36:57,123452.0,5221.26499,N,453.59861,E,25.7,1020.65,165.0,363
2026-05-20 14:37:02,123457.0,5221.26396,N,453.59441,E,25.7,1020.59,141.67,384
2026-05-20 14:37:07,123502.0,5221.26276,N,453.59005,E,25.6,1020.65,127.5,380
2026-05-20 14:37:12,123507.0,5221.26165,N,453.58544,E,25.7,1020.57,174.17,385
2026-05-20 14:37:17,123512.0,5221.26063,N,453.57935,E,25.7,1020.74,62.5,379
2026-05-20 14:37:22,123517.0,5221.25924,N,453.57492,E,25.7,1020.61,97.5,394
2026-05-20 14:37:27,123522.0,5221.25852,N,453.56936,E,25.6,1020.53,144.17,382
2026-05-20 14:37:32,123527.0,5221.25767,N,453.56313,E,25.5,1020.74,105.0,342
2026-05-20 14:37:37,123532.0,5221.25691,N,453.55731,E,25.5,1020.74,86.67,375
2026-05-20 14:37:42,123537.0,5221.25607,N,453.55136,E,25.6,1020.71,54.17,336
2026-05-20 14:37:47,123542.0,5221.25509,N,453.54419,E,25.6,1020.6,128.33,378
2026-05-20 14:37:52,123547.0,5221.25406,N,453.5378,E,25.5,1020.7,80.83,391
2026-05-20 14:37:57,123552.0,5221.25311,N,453.53314,E,25.4,1020.57,157.5,389
2026-05-20 14:38:02,123557.0,5221.25174,N,453.52851,E,25.5,1020.71,82.5,408
2026-05-20 14:38:07,123602.0,5221.25005,N,453.52351,E,25.3,1020.77,90.0,171
2026-05-20 14:38:12,123607.0,5221.24938,N,453.51627,E,25.3,1020.65,149.17,432
2026-05-20 14:38:17,123612.0,5221.24846,N,453.50944,E,25.2,1020.63,132.5,363
2026-05-20 14:38:22,123617.0,5221.24776,N,453.50321,E,25.2,1020.6,93.33,402
2026-05-20 14:38:27,123622.0,5221.24659,N,453.49803,E,25.2,1020.57,156.67,381
2026-05-20 14:38:32,123627.0,5221.24576,N,453.49269,E,25.2,1020.6,134.17,377
2026-05-20 14:38:37,123632.0,5221.24551,N,453.48651,E,25.1,1020.76,86.67,395
2026-05-20 14:38:42,123637.0,5221.24475,N,453.48007,E,25.1,1020.63,119.17,341
2026-05-20 14:38:47,123642.0,5221.24395,N,453.47356,E,25.1,1020.68,66.67,333
2026-05-20 14:38:52,123647.0,5221.24307,N,453.4683,E,25.0,1020.75,106.67,290
2026-05-20 14:38:57,123652.0,5221.24397,N,453.46408,E,25.0,1020.61,114.17,445
2026-05-20 14:39:02,123657.0,5221.24365,N,453.45651,E,24.7,1020.6,76.67,402
2026-05-20 14:39:07,123702.0,5221.24544,N,453.45023,E,24.9,1020.6,49.17,374
2026-05-20 14:39:12,123707.0,5221.24504,N,453.44445,E,25.0,1020.5,65.0,396
2026-05-20 14:39:17,123712.0,5221.24555,N,453.44213,E,25.1,1020.69,26.67,423
2026-05-20 14:39:22,123717.0,5221.24598,N,453.43926,E,24.9,1020.69,22.5,411
2026-05-20 14:39:27,123722.0,5221.24745,N,453.43696,E,24.8,1020.78,44.17,334
2026-05-20 14:39:32,123727.0,5221.24854,N,453.43421,E,24.9,1020.67,41.67,382
2026-05-20 14:39:37,123732.0,5221.25178,N,453.43251,E,25.0,1020.71,43.33,394
2026-05-20 14:39:42,123737.0,5221.25576,N,453.43151,E,25.0,1020.73,50.0,391
2026-05-20 14:39:47,123742.0,5221.25908,N,453.42886,E,25.0,1020.56,35.83,353
2026-05-20 14:39:52,123747.0,5221.2631,N,453.42725,E,25.1,1020.64,33.33,366
2026-05-20 14:39:57,123752.0,5221.26543,N,453.426,E,25.1,1020.72,30.0,393
2026-05-20 14:40:02,123757.0,5221.26781,N,453.4249,E,25.0,1020.69,22.5,386
2026-05-20 14:40:07,123802.0,5221.2708,N,453.42479,E,25.0,1020.75,24.17,384
2026-05-20 14:40:12,123807.0,5221.27465,N,453.4261,E,25.0,1020.7,36.67,395
2026-05-20 14:40:17,123812.0,5221.28119,N,453.42494,E,25.0,1020.76,37.5,392
2026-05-20 14:40:22,123817.0,5221.28445,N,453.42247,E,24.9,1020.68,30.0,377
2026-05-20 14:40:27,123822.0,5221.28851,N,453.42225,E,25.0,1020.75,45.0,379
2026-05-20 14:40:32,123827.0,5221.293,N,453.42221,E,25.0,1020.69,33.33,395
2026-05-20 14:40:37,123832.0,5221.29579,N,453.42185,E,24.9,1020.67,56.67,367
2026-05-20 14:40:42,123837.0,5221.30041,N,453.42146,E,25.0,1020.76,38.33,372
2026-05-20 14:40:47,123842.0,5221.30452,N,453.42048,E,25.0,1020.74,35.83,393
2026-05-20 14:40:52,123847.0,5221.30886,N,453.42322,E,24.9,1020.7,67.5,369
2026-05-20 14:40:57,123852.0,5221.31324,N,453.42564,E,24.9,1020.75,46.67,392
2026-05-20 14:41:02,123857.0,5221.3162,N,453.42735,E,25.0,1020.81,45.83,410
2026-05-20 14:41:07,123902.0,5221.31978,N,453.42774,E,25.1,1020.64,34.17,353
2026-05-20 14:41:12,123907.0,5221.32278,N,453.42752,E,25.1,1020.75,33.33,342
2026-05-20 14:41:17,123912.0,5221.32514,N,453.42623,E,25.1,1020.74,37.5,360
2026-05-20 14:41:22,123917.0,5221.32905,N,453.42644,E,25.1,1020.7,33.33,373
2026-05-20 14:41:27,123922.0,5221.33324,N,453.42794,E,25.1,1020.73,35.0,407
2026-05-20 14:41:32,123927.0,5221.33704,N,453.42936,E,25.1,1020.74,30.0,354
2026-05-20 14:41:37,123932.0,5221.34175,N,453.4301,E,25.2,1020.72,29.17,376
2026-05-20 14:41:42,123937.0,5221.34572,N,453.43168,E,25.2,1020.73,26.67,373
2026-05-20 14:41:47,123942.0,5221.35002,N,453.4325,E,25.2,1020.69,25.0,360
2026-05-20 14:41:52,123947.0,5221.35351,N,453.43386,E,25.3,1020.73,27.5,399
2026-05-20 14:41:57,123952.0,5221.35774,N,453.43446,E,25.3,1020.76,29.17,367
2026-05-20 14:42:02,123957.0,5221.36125,N,453.43389,E,25.3,1020.71,30.0,315
2026-05-20 14:42:07,124002.0,5221.36349,N,453.43499,E,25.3,1020.67,33.33,362
2026-05-20 14:42:12,124007.0,5221.3669,N,453.43604,E,25.3,1020.68,28.33,384
2026-05-20 14:42:17,124012.0,5221.37068,N,453.43722,E,25.3,1020.72,32.5,392
2026-05-20 14:42:22,124017.0,5221.37447,N,453.43773,E,25.4,1020.8,48.33,417
2026-05-20 14:42:27,124022.0,5221.37847,N,453.43836,E,25.4,1020.8,30.83,386
2026-05-20 14:42:32,124027.0,5221.38149,N,453.43903,E,25.4,1020.77,46.67,406
2026-05-20 14:42:37,124032.0,5221.38552,N,453.44029,E,25.4,1020.75,38.33,431
2026-05-20 14:42:42,124037.0,5221.38951,N,453.44242,E,25.4,1020.78,58.33,404
2026-05-20 14:42:47,124042.0,5221.39358,N,453.44307,E,25.4,1020.76,50.0,396
2026-05-20 14:42:52,124047.0,5221.39639,N,453.44374,E,25.5,1020.71,60.83,422
2026-05-20 14:42:57,124052.0,5221.3991,N,453.44479,E,25.4,1020.88,55.83,384
2026-05-20 14:43:02,124057.0,5221.40309,N,453.44476,E,25.4,1020.82,58.33,382
2026-05-20 14:43:07,124102.0,5221.40659,N,453.44485,E,25.2,1020.85,54.17,388
2026-05-20 14:43:12,124107.0,5221.4106,N,453.4457,E,25.1,1020.9,64.17,369
2026-05-20 14:43:17,124112.0,5221.41434,N,453.44629,E,25.0,1020.9,56.67,396
2026-05-20 14:43:22,124117.0,5221.41841,N,453.44651,E,24.9,1020.88,46.67,393
2026-05-20 14:43:27,124122.0,5221.42254,N,453.44727,E,24.9,1020.78,65.0,333
2026-05-20 14:43:32,124127.0,5221.42839,N,453.44801,E,24.8,1020.93,65.83,389
2026-05-20 14:43:38,124132.0,5221.43223,N,453.44621,E,24.8,1020.86,69.17,337
2026-05-20 14:43:43,124137.0,5221.43494,N,453.44506,E,24.7,1020.88,90.0,365
2026-05-20 14:43:48,124142.0,5221.43725,N,453.44376,E,24.6,1020.89,78.33,442
2026-05-20 14:43:53,124147.0,5221.43883,N,453.44314,E,24.6,1021.0,50.83,390
2026-05-20 14:43:58,124152.0,5221.44156,N,453.44353,E,24.7,1020.88,40.0,389
2026-05-20 14:44:03,124157.0,5221.44429,N,453.44488,E,24.7,1020.86,35.83,393
2026-05-20 14:44:08,124202.0,5221.44772,N,453.44721,E,24.8,1020.84,43.33,375
2026-05-20 14:44:13,124207.0,5221.45313,N,453.44945,E,24.8,1020.84,36.67,345
2026-05-20 14:44:18,124212.0,5221.45665,N,453.45054,E,24.8,1020.74,30.0,327
2026-05-20 14:44:23,124217.0,5221.46052,N,453.45227,E,24.8,1020.79,27.5,347
2026-05-20 14:44:28,124222.0,5221.46419,N,453.45432,E,24.8,1020.76,31.67,320
2026-05-20 14:44:33,124227.0,5221.46872,N,453.45295,E,24.9,1020.77,64.17,381
2026-05-20 14:44:38,124232.0,5221.47256,N,453.44531,E,24.9,1020.74,58.33,356
2026-05-20 14:44:43,124237.0,5221.47469,N,453.44208,E,24.8,1020.73,55.0,381
2026-05-20 14:44:48,124242.0,5221.47487,N,453.44092,E,24.9,1020.68,60.0,404
2026-05-20 14:44:53,124247.0,5221.47557,N,453.44046,E,25.0,1020.69,64.17,350
2026-05-20 14:44:58,124252.0,5221.47598,N,453.44017,E,25.0,1020.74,55.83,334
2026-05-20 14:45:03,124257.0,5221.47581,N,453.43972,E,25.1,1020.79,55.0,383
2026-05-20 14:45:08,124302.0,5221.4755,N,453.43943,E,25.1,1020.78,56.67,381
2026-05-20 14:45:13,124307.0,5221.47574,N,453.43935,E,25.0,1020.79,60.83,382
2026-05-20 14:45:18,124312.0,5221.47717,N,453.439,E,25.0,1020.84,69.17,419
2026-05-20 14:45:23,124317.0,5221.47896,N,453.43693,E,25.1,1020.75,41.67,385
2026-05-20 14:45:28,124322.0,5221.48125,N,453.43576,E,25.2,1020.64,80.0,393
2026-05-20 14:45:33,124328.0,5221.48556,N,453.43332,E,25.2,1020.69,61.67,421
2026-05-20 14:45:38,124333.0,5221.48988,N,453.4291,E,25.1,1020.71,30.83,373
2026-05-20 14:45:43,124338.0,5221.49357,N,453.42438,E,25.2,1020.7,61.67,305
2026-05-20 14:45:48,124343.0,5221.49582,N,453.42005,E,25.1,1020.84,79.17,303
2026-05-20 14:45:53,124348.0,5221.49783,N,453.41423,E,25.3,1020.77,34.17,328
2026-05-20 14:45:58,124353.0,5221.49978,N,453.40857,E,25.3,1020.65,51.67,447
2026-05-20 14:46:03,124358.0,5221.50141,N,453.40344,E,25.2,1020.72,50.83,354
2026-05-20 14:46:08,124403.0,5221.5033,N,453.39805,E,25.3,1020.75,44.17,352
2026-05-20 14:46:13,124408.0,5221.50476,N,453.39285,E,25.2,1020.76,58.33,368
2026-05-20 14:46:18,124413.0,5221.50665,N,453.38836,E,25.2,1020.78,39.17,357
2026-05-20 14:46:23,124418.0,5221.50855,N,453.38344,E,25.2,1020.93,34.17,338
2026-05-20 14:46:28,124423.0,5221.51059,N,453.3794,E,25.2,1020.86,35.83,317
2026-05-20 14:46:33,124428.0,5221.5122,N,453.3742,E,25.2,1020.83,48.33,373
2026-05-20 14:46:38,124433.0,5221.51366,N,453.36889,E,25.3,1020.71,50.0,308
2026-05-20 14:46:43,124438.0,5221.5153,N,453.3648,E,25.3,1020.75,33.33,348
2026-05-20 14:46:48,124443.0,5221.5172,N,453.3606,E,25.3,1020.85,36.67,362
2026-05-20 14:46:53,124448.0,5221.51921,N,453.35575,E,25.4,1020.7,45.0,346
2026-05-20 14:46:58,124453.0,5221.52154,N,453.35064,E,25.4,1020.78,48.33,387
2026-05-20 14:47:03,124458.0,5221.52413,N,453.34492,E,25.4,1020.77,65.0,387
2026-05-20 14:47:08,124503.0,5221.52655,N,453.33962,E,25.3,1020.73,37.5,402
2026-05-20 14:47:13,124508.0,5221.52938,N,453.33503,E,25.3,1020.78,50.83,401
2026-05-20 14:47:18,124513.0,5221.53165,N,453.33001,E,25.2,1020.76,46.67,384
2026-05-20 14:47:23,124518.0,5221.53399,N,453.32487,E,25.1,1020.84,51.67,404
2026-05-20 14:47:28,124523.0,5221.53511,N,453.3217,E,25.3,1020.79,50.0,391
2026-05-20 14:47:33,124528.0,5221.53558,N,453.32148,E,25.2,1020.78,53.33,379
2026-05-20 14:47:38,124533.0,5221.53606,N,453.32143,E,25.2,1020.73,16183.33,849
2026-05-20 14:47:43,124538.0,5221.53653,N,453.32124,E,25.2,1020.76,10072.5,625
2026-05-20 14:47:48,124543.0,5221.53657,N,453.32193,E,25.2,1020.72,11991.67,749
2026-05-20 14:47:53,124548.0,5221.53718,N,453.32204,E,25.2,1020.65,18418.33,575
2026-05-20 14:47:58,124553.0,5221.53753,N,453.32221,E,25.3,1020.76,11359.17,411
2026-05-20 14:48:03,124558.0,5221.53796,N,453.32282,E,25.2,1020.81,9294.17,392
2026-05-20 14:48:08,124603.0,5221.53811,N,453.32297,E,25.0,1020.82,15070.0,426
2026-05-20 14:48:13,124608.0,5221.53848,N,453.3234,E,25.1,1020.73,16278.33,353
2026-05-20 14:48:18,124613.0,5221.5389,N,453.32394,E,25.2,1020.89,1734.17,124
2026-05-20 14:48:23,124618.0,5221.53979,N,453.32377,E,25.1,1020.91,31.67,129
2026-05-20 14:48:28,124623.0,5221.54212,N,453.32054,E,25.1,1020.97,27.5,270
2026-05-20 14:48:33,124628.0,5221.54518,N,453.31729,E,25.1,1021.04,25.83,304
2026-05-20 14:48:38,124633.0,5221.54758,N,453.31364,E,25.0,1020.88,20.83,316
2026-05-20 14:48:43,124638.0,5221.5505,N,453.31027,E,24.9,1020.86,20.0,326
2026-05-20 14:48:48,124643.0,5221.55261,N,453.30602,E,24.9,1020.72,24.17,346
2026-05-20 14:48:53,124648.0,5221.55517,N,453.30196,E,24.9,1020.88,37.5,376
2026-05-20 14:48:58,124653.0,5221.55788,N,453.29834,E,24.7,1020.82,55.0,315
2026-05-20 14:49:03,124658.0,5221.56003,N,453.29389,E,24.6,1020.83,51.67,285
2026-05-20 14:49:08,124703.0,5221.55968,N,453.28845,E,24.8,1020.8,133.33,344
2026-05-20 14:49:13,124708.0,5221.55996,N,453.28768,E,24.9,1020.89,109.17,381
2026-05-20 14:49:18,124713.0,5221.55968,N,453.28804,E,24.9,1020.82,95.83,415
2026-05-20 14:49:23,124718.0,5221.55952,N,453.28718,E,25.0,1020.79,100.0,449
2026-05-20 14:49:28,124723.0,5221.55955,N,453.28704,E,25.0,1020.84,135.83,424
2026-05-20 14:49:33,124728.0,5221.55973,N,453.28719,E,25.0,1020.87,111.67,415
2026-05-20 14:49:38,124733.0,5221.55965,N,453.28638,E,25.0,1020.76,123.33,406
2026-05-20 14:49:43,124738.0,5221.55881,N,453.28233,E,25.1,1020.96,58.33,304
2026-05-20 14:49:48,124743.0,5221.55825,N,453.27597,E,24.9,1020.82,43.33,329
2026-05-20 14:49:53,124748.0,5221.5582,N,453.27079,E,24.9,1020.94,23.33,352
2026-05-20 14:49:58,124753.0,5221.55676,N,453.26749,E,24.9,1020.79,33.33,402
2026-05-20 14:50:03,124758.0,5221.55575,N,453.26347,E,24.9,1020.93,33.33,391
2026-05-20 14:50:08,124803.0,5221.55487,N,453.2592,E,25.0,1020.8,74.17,377
2026-05-20 14:50:13,124808.0,5221.55396,N,453.25399,E,25.0,1020.85,54.17,387
2026-05-20 14:50:18,124813.0,5221.55194,N,453.24873,E,25.1,1020.82,60.0,373
2026-05-20 14:50:23,124818.0,5221.55098,N,453.24482,E,25.1,1020.89,43.33,387
2026-05-20 14:50:28,124823.0,5221.55006,N,453.24007,E,25.1,1020.89,180.83,379
2026-05-20 14:50:33,124828.0,5221.54822,N,453.23809,E,24.9,1020.78,168.33,365
2026-05-20 14:50:38,124833.0,5221.54518,N,453.23505,E,24.9,1020.82,190.0,395
2026-05-20 14:50:43,124838.0,5221.54364,N,453.23146,E,25.0,1020.83,104.17,384
2026-05-20 14:50:48,124843.0,5221.54018,N,453.22824,E,24.9,1020.9,155.83,398
2026-05-20 14:50:53,124848.0,5221.53652,N,453.22521,E,24.8,1020.9,125.83,351
2026-05-20 14:50:58,124853.0,5221.53301,N,453.22282,E,24.8,1020.97,192.5,372
2026-05-20 14:51:03,124858.0,5221.52967,N,453.2196,E,24.8,1020.96,141.67,384
2026-05-20 14:51:08,124903.0,5221.52612,N,453.21884,E,24.7,1021.05,145.83,402
2026-05-20 14:51:13,124908.0,5221.5224,N,453.21373,E,24.7,1020.98,192.5,397
2026-05-20 14:51:18,124913.0,5221.51817,N,453.20846,E,24.5,1021.25,143.33,403
2026-05-20 14:51:23,124918.0,5221.51518,N,453.20269,E,24.5,1020.84,157.5,396
2026-05-20 14:51:28,124923.0,5221.51163,N,453.19726,E,24.6,1020.98,139.17,389
2026-05-20 14:51:33,124928.0,5221.50798,N,453.18796,E,24.6,1020.98,91.67,391
2026-05-20 14:51:38,124933.0,5221.50433,N,453.18165,E,24.5,1021.0,117.5,392
2026-05-20 14:51:43,124938.0,5221.50037,N,453.18128,E,24.3,1020.98,149.17,385
2026-05-20 14:51:48,124943.0,5221.49654,N,453.18142,E,24.1,1021.14,153.33,371
2026-05-20 14:51:53,124948.0,5221.4922,N,453.18051,E,24.3,1021.06,128.33,371
2026-05-20 14:51:58,124953.0,5221.4884,N,453.17971,E,24.4,1020.99,187.5,387
2026-05-20 14:52:03,124958.0,5221.48479,N,453.18074,E,24.5,1020.84,162.5,364
2026-05-20 14:52:08,125003.0,5221.48112,N,453.18053,E,24.6,1020.95,165.83,365
2026-05-20 14:52:13,125008.0,5221.47714,N,453.17833,E,24.7,1020.89,171.67,365
2026-05-20 14:52:18,125013.0,5221.47358,N,453.17546,E,24.7,1020.85,143.33,369
2026-05-20 14:52:23,125018.0,5221.46907,N,453.1771,E,24.8,1020.94,163.33,357
2026-05-20 14:52:28,125023.0,5221.46623,N,453.17909,E,24.9,1021.0,155.0,377
2026-05-20 14:52:33,125028.0,5221.46252,N,453.18124,E,24.6,1020.95,185.83,365
2026-05-20 14:52:38,125033.0,5221.4591,N,453.18338,E,24.4,1021.06,168.33,376
2026-05-20 14:52:43,125038.0,5221.45555,N,453.18683,E,24.5,1020.95,178.33,350
2026-05-20 14:52:48,125043.0,5221.45292,N,453.19057,E,24.6,1020.98,125.83,362
2026-05-20 14:52:53,125048.0,5221.45081,N,453.19521,E,24.6,1020.95,134.17,429
2026-05-20 14:52:58,125053.0,5221.44775,N,453.19506,E,24.6,1020.9,130.0,377
2026-05-20 14:53:03,125058.0,5221.44442,N,453.19509,E,24.6,1020.82,159.17,387
2026-05-20 14:53:08,125103.0,5221.44076,N,453.19357,E,24.7,1020.87,200.83,369
2026-05-20 14:53:13,125108.0,5221.43701,N,453.19162,E,24.6,1021.06,171.67,365
2026-05-20 14:53:18,125113.0,5221.43335,N,453.18846,E,24.6,1020.9,182.5,358
2026-05-20 14:53:23,125118.0,5221.42995,N,453.18601,E,24.7,1020.97,116.67,325
2026-05-20 14:53:28,125123.0,5221.42617,N,453.18263,E,24.6,1021.0,150.83,343
2026-05-20 14:53:33,125128.0,5221.42175,N,453.18617,E,24.6,1020.9,145.83,360
2026-05-20 14:53:38,125133.0,5221.41867,N,453.18633,E,24.4,1020.84,158.33,352
2026-05-20 14:53:43,125138.0,5221.41544,N,453.19156,E,24.2,1020.91,784.17,366
2026-05-20 14:53:48,125143.0,5221.41362,N,453.19975,E,24.3,1020.91,137.5,366
2026-05-20 14:53:53,125148.0,5221.41028,N,453.20047,E,24.5,1020.97,169.17,371
2026-05-20 14:53:58,125153.0,5221.40637,N,453.20138,E,24.5,1020.96,165.83,362
2026-05-20 14:54:03,125158.0,5221.40172,N,453.20118,E,24.5,1020.91,208.33,366
2026-05-20 14:54:08,125203.0,5221.39695,N,453.20015,E,24.5,1020.91,901.67,359
2026-05-20 14:54:13,125208.0,5221.39239,N,453.19913,E,24.3,1020.91,1015.83,389
2026-05-20 14:54:18,125213.0,5221.38777,N,453.19801,E,24.2,1021.01,330.83,407
2026-05-20 14:54:23,125218.0,5221.38355,N,453.1983,E,24.2,1020.93,259.17,344
2026-05-20 14:54:28,125223.0,5221.37989,N,453.20079,E,24.3,1020.92,260.83,341
2026-05-20 14:54:33,125228.0,5221.37658,N,453.20332,E,24.2,1020.96,275.83,382
2026-05-20 14:54:39,125233.0,5221.37404,N,453.20769,E,24.1,1020.96,266.67,392
2026-05-20 14:54:44,125238.0,5221.36981,N,453.2071,E,24.1,1020.94,261.67,371
2026-05-20 14:54:49,125243.0,5221.3658,N,453.20566,E,24.2,1020.88,194.17,353
2026-05-20 14:54:54,125248.0,5221.36302,N,453.20264,E,24.1,1020.82,259.17,372
2026-05-20 14:54:59,125253.0,5221.36238,N,453.19903,E,24.0,1020.98,190.83,371
2026-05-20 14:55:04,125258.0,5221.35864,N,453.19853,E,24.1,1021.04,170.83,353
2026-05-20 14:55:09,125303.0,5221.35517,N,453.19876,E,24.1,1021.07,214.17,365
2026-05-20 14:55:14,125308.0,5221.35187,N,453.1987,E,24.0,1020.94,177.5,373
2026-05-20 14:55:19,125313.0,5221.3486,N,453.19978,E,24.2,1020.95,201.67,378
2026-05-20 14:55:24,125318.0,5221.34782,N,453.20158,E,24.2,1020.84,270.83,373
2026-05-20 14:55:29,125323.0,5221.34467,N,453.20385,E,24.2,1020.86,393.33,379
2026-05-20 14:55:34,125328.0,5221.34196,N,453.20674,E,24.2,1020.99,520.0,359
2026-05-20 14:55:39,125333.0,5221.33815,N,453.2058,E,24.1,1020.99,436.67,368
2026-05-20 14:55:44,125338.0,5221.33414,N,453.20492,E,24.0,1020.84,398.33,379
2026-05-20 14:55:49,125343.0,5221.33021,N,453.20323,E,24.1,1020.98,358.33,373
2026-05-20 14:55:54,125348.0,5221.32697,N,453.20245,E,24.1,1020.97,289.17,356
2026-05-20 14:55:59,125353.0,5221.32312,N,453.20296,E,24.0,1020.9,284.17,369
2026-05-20 14:56:04,125358.0,5221.32021,N,453.20205,E,24.1,1020.72,208.33,383
2026-05-20 14:56:09,125403.0,5221.31883,N,453.20475,E,24.0,1021.01,29153.33,884
2026-05-20 14:56:14,125408.0,5221.31913,N,453.2107,E,24.1,1020.86,78.33,302
2026-05-20 14:56:19,125413.0,5221.31907,N,453.21656,E,24.1,1020.74,19124.17,837
2026-05-20 14:56:24,125418.0,5221.3191,N,453.2223,E,24.0,1020.73,8952.5,624
2026-05-20 14:56:29,125423.0,5221.31913,N,453.22737,E,24.2,1020.88,107.5,304
2026-05-20 14:56:34,125428.0,5221.31856,N,453.23449,E,24.3,1020.91,102.5,344
2026-05-20 14:56:39,125433.0,5221.31841,N,453.2415,E,24.3,1021.02,113.33,349
2026-05-20 14:56:44,125439.0,5221.31735,N,453.24864,E,24.4,1020.94,37.5,337
2026-05-20 14:56:49,125444.0,5221.31556,N,453.25504,E,24.5,1021.01,18.33,391
2026-05-20 14:56:54,125449.0,5221.3146,N,453.26187,E,24.5,1020.96,30.0,382
2026-05-20 14:56:59,125454.0,5221.31485,N,453.26827,E,24.4,1020.93,27.5,369
2026-05-20 14:57:04,125459.0,5221.31546,N,453.2746,E,24.5,1020.96,24.17,384
2026-05-20 14:57:09,125504.0,5221.31495,N,453.28087,E,24.5,1020.96,24.17,350
2026-05-20 14:57:14,125509.0,5221.31551,N,453.28737,E,24.5,1020.98,13.33,367
2026-05-20 14:57:19,125514.0,5221.31487,N,453.29404,E,24.6,1020.9,16.67,371
2026-05-20 14:57:24,125519.0,5221.31455,N,453.3007,E,24.6,1020.96,28.33,351
2026-05-20 14:57:29,125524.0,5221.31422,N,453.30643,E,24.7,1020.99,27.5,363
2026-05-20 14:57:34,125529.0,5221.31473,N,453.31171,E,24.7,1021.0,21.67,326
2026-05-20 14:57:39,125534.0,5221.31464,N,453.3172,E,24.7,1020.97,45.0,357
2026-05-20 14:57:44,125539.0,5221.31461,N,453.32383,E,24.6,1020.99,31.67,368
2026-05-20 14:57:49,125544.0,5221.31456,N,453.33105,E,24.7,1020.98,24.17,320
2026-05-20 14:57:54,125549.0,5221.31383,N,453.33841,E,24.8,1020.93,39.17,306
2026-05-20 14:57:59,125554.0,5221.31338,N,453.34498,E,24.8,1021.01,34.17,323
2026-05-20 14:58:04,125559.0,5221.31423,N,453.35037,E,24.9,1020.95,31.67,334
2026-05-20 14:58:09,125604.0,5221.31474,N,453.35695,E,24.9,1020.94,31.67,349
2026-05-20 14:58:14,125609.0,5221.31583,N,453.36257,E,24.9,1020.99,27.5,363
2026-05-20 14:58:19,125614.0,5221.31608,N,453.36805,E,24.8,1021.03,28.33,343
2026-05-20 14:58:24,125619.0,5221.31704,N,453.37249,E,24.7,1020.92,25.83,337
2026-05-20 14:58:29,125624.0,5221.31808,N,453.37776,E,24.9,1020.95,33.33,354
2026-05-20 14:58:34,125629.0,5221.31898,N,453.38222,E,24.9,1020.94,26.67,363
2026-05-20 14:58:39,125634.0,5221.32003,N,453.38704,E,24.9,1020.95,31.67,371
2026-05-20 14:58:44,125639.0,5221.32307,N,453.39283,E,25.0,1020.94,73.33,366
2026-05-20 14:58:49,125644.0,5221.324,N,453.39798,E,25.0,1020.94,56.67,365
2026-05-20 14:58:54,125649.0,5221.32577,N,453.40281,E,25.0,1020.91,85.83,359
2026-05-20 14:58:59,125654.0,5221.32769,N,453.40813,E,25.0,1021.03,75.83,365
2026-05-20 14:59:04,125659.0,5221.33024,N,453.41186,E,25.1,1021.04,73.33,396
2026-05-20 14:59:09,125704.0,5221.33207,N,453.4159,E,24.9,1021.04,55.83,393
2026-05-20 14:59:14,125709.0,5221.33394,N,453.41882,E,24.8,1021.04,43.33,363
2026-05-20 14:59:19,125714.0,5221.33466,N,453.41533,E,24.8,1021.03,40.0,369
2026-05-20 14:59:24,125719.0,5221.33458,N,453.41035,E,24.8,1021.02,46.67,372
2026-05-20 14:59:29,125724.0,5221.33479,N,453.40589,E,24.9,1020.93,55.83,379
2026-05-20 14:59:34,125729.0,5221.33527,N,453.40147,E,24.9,1020.92,50.83,383
2026-05-20 14:59:39,125734.0,5221.33615,N,453.39674,E,25.0,1020.95,53.33,385
2026-05-20 14:59:44,125739.0,5221.33688,N,453.3913,E,25.0,1020.99,44.17,374
2026-05-20 14:59:49,125744.0,5221.33785,N,453.38637,E,25.0,1021.0,40.0,369
2026-05-20 14:59:54,125749.0,5221.33836,N,453.3816,E,25.0,1020.9,37.5,364
2026-05-20 14:59:59,125754.0,5221.33912,N,453.37613,E,25.0,1021.0,43.33,365
2026-05-20 15:00:04,125759.0,5221.33993,N,453.37061,E,24.9,1021.01,33.33,372
2026-05-20 15:00:09,125804.0,5221.34032,N,453.36496,E,24.9,1020.93,67.5,386
2026-05-20 15:00:14,125809.0,5221.34114,N,453.359,E,24.9,1020.97,60.83,399
2026-05-20 15:00:19,125814.0,5221.34174,N,453.35343,E,25.0,1021.05,53.33,401
2026-05-20 15:00:24,125819.0,5221.34268,N,453.34744,E,25.1,1020.89,62.5,386
2026-05-20 15:00:29,125824.0,5221.34365,N,453.34123,E,25.1,1020.98,36.67,386
2026-05-20 15:00:34,125829.0,5221.34442,N,453.33479,E,25.1,1020.98,39.17,369
2026-05-20 15:00:39,125834.0,5221.34476,N,453.32836,E,25.0,1021.04,29.17,401
2026-05-20 15:00:44,125839.0,5221.34476,N,453.32326,E,24.9,1021.0,30.83,406
2026-05-20 15:00:49,125844.0,5221.34542,N,453.32087,E,24.7,1020.97,50.83,400
2026-05-20 15:00:54,125849.0,5221.3466,N,453.3181,E,24.6,1020.94,26.67,397
2026-05-20 15:00:59,125854.0,5221.34854,N,453.31758,E,24.7,1020.94,21.67,371
2026-05-20 15:01:04,125859.0,5221.35067,N,453.31748,E,24.7,1021.01,20.83,348
2026-05-20 15:01:09,125904.0,5221.35284,N,453.31782,E,24.7,1020.98,20.0,403
2026-05-20 15:01:14,125909.0,5221.35598,N,453.31847,E,24.8,1021.06,23.33,395
2026-05-20 15:01:19,125914.0,5221.36059,N,453.31923,E,24.9,1021.03,25.83,370
2026-05-20 15:01:24,125919.0,5221.36355,N,453.32001,E,25.0,1020.95,15.83,385
2026-05-20 15:01:29,125924.0,5221.36756,N,453.31977,E,25.0,1020.92,30.83,393
2026-05-20 15:01:34,125929.0,5221.37176,N,453.31905,E,25.0,1021.02,47.5,387
2026-05-20 15:01:39,125934.0,5221.37424,N,453.31904,E,24.8,1020.9,19.17,352
2026-05-20 15:01:44,125939.0,5221.37702,N,453.32001,E,24.9,1020.93,29.17,370
2026-05-20 15:01:49,125944.0,5221.37928,N,453.32054,E,25.1,1020.95,31.67,390
2026-05-20 15:01:54,125949.0,5221.38199,N,453.32118,E,25.1,1020.91,30.0,360
2026-05-20 15:01:59,125954.0,5221.38461,N,453.32146,E,25.1,1020.92,24.17,362
2026-05-20 15:02:04,125959.0,5221.38745,N,453.32262,E,25.1,1021.01,11.67,333
2026-05-20 15:02:09,130004.0,5221.3912,N,453.32263,E,25.0,1020.93,15.83,355
2026-05-20 15:02:14,130009.0,5221.3967,N,453.32326,E,25.0,1020.96,9.17,373
2026-05-20 15:02:19,130014.0,5221.40182,N,453.32342,E,25.1,1021.05,15.83,373
2026-05-20 15:02:24,130019.0,5221.40416,N,453.32328,E,24.9,1020.98,17.5,344
2026-05-20 15:02:29,130024.0,5221.40562,N,453.32425,E,25.0,1020.91,14.17,376
2026-05-20 15:02:34,130029.0,5221.40983,N,453.32513,E,24.9,1020.92,34.17,373
2026-05-20 15:02:39,130034.0,5221.41303,N,453.32667,E,24.8,1020.98,17.5,375
2026-05-20 15:02:44,130039.0,5221.41573,N,453.32829,E,24.9,1020.96,21.67,374
2026-05-20 15:02:49,130044.0,5221.41925,N,453.32984,E,24.8,1020.95,23.33,382
2026-05-20 15:02:54,130049.0,5221.42389,N,453.33066,E,24.9,1020.9,16.67,271
2026-05-20 15:02:59,130054.0,5221.42816,N,453.33113,E,25.0,1020.94,22.5,397
2026-05-20 15:03:04,130059.0,5221.43269,N,453.33152,E,25.0,1020.97,15.0,374
2026-05-20 15:03:09,130104.0,5221.43669,N,453.33128,E,25.0,1020.92,26.67,394
2026-05-20 15:03:14,130109.0,5221.43908,N,453.32672,E,24.8,1020.98,39.17,398
2026-05-20 15:03:19,130114.0,5221.44016,N,453.32076,E,24.4,1021.03,48.33,399
2026-05-20 15:03:24,130119.0,5221.44154,N,453.31668,E,24.3,1020.93,37.5,357
2026-05-20 15:03:29,130124.0,5221.44353,N,453.31132,E,24.3,1020.83,47.5,371
2026-05-20 15:03:34,130129.0,5221.44497,N,453.30543,E,24.4,1020.98,54.17,354
2026-05-20 15:03:39,130134.0,5221.44625,N,453.29874,E,24.5,1020.95,55.0,362
2026-05-20 15:03:44,130139.0,5221.44645,N,453.29215,E,24.4,1020.99,75.83,360
2026-05-20 15:03:49,130144.0,5221.44721,N,453.28562,E,24.3,1021.07,46.67,354
2026-05-20 15:03:54,130149.0,5221.44803,N,453.27946,E,24.2,1020.97,46.67,362
2026-05-20 15:03:59,130154.0,5221.4482,N,453.27369,E,24.3,1020.95,48.33,380
2026-05-20 15:04:04,130159.0,5221.44913,N,453.26761,E,24.3,1021.06,54.17,373
2026-05-20 15:04:09,130204.0,5221.4501,N,453.26137,E,24.2,1021.02,45.0,374
2026-05-20 15:04:14,130209.0,5221.45103,N,453.25547,E,24.2,1020.87,26.67,348
2026-05-20 15:04:19,130214.0,5221.45229,N,453.24908,E,24.2,1020.94,60.83,368
2026-05-20 15:04:24,130219.0,5221.45268,N,453.24242,E,24.1,1021.0,76.67,363
2026-05-20 15:04:29,130224.0,5221.45338,N,453.23637,E,24.1,1021.05,59.17,360
2026-05-20 15:04:34,130229.0,5221.45401,N,453.23115,E,24.0,1021.06,61.67,92
2026-05-20 15:04:39,130234.0,5221.45438,N,453.22493,E,24.0,1020.88,87.5,134
2026-05-20 15:04:44,130239.0,5221.45487,N,453.22037,E,24.0,1020.96,72.5,151
2026-05-20 15:04:49,130244.0,5221.45497,N,453.21464,E,24.1,1020.86,88.33,188
2026-05-20 15:04:54,130249.0,5221.45571,N,453.20872,E,24.2,1020.74,96.67,165
2026-05-20 15:04:59,130254.0,5221.45599,N,453.20329,E,24.2,1020.72,94.17,205
2026-05-20 15:05:04,130259.0,5221.45621,N,453.19796,E,24.1,1020.73,132.5,209
2026-05-20 15:05:09,130304.0,5221.45616,N,453.19226,E,24.1,1020.81,145.83,200
2026-05-20 15:05:14,130309.0,5221.45481,N,453.18616,E,24.2,1020.87,150.83,201
2026-05-20 15:05:19,130314.0,5221.4539,N,453.17979,E,24.2,1020.84,86.67,233
2026-05-20 15:05:24,130319.0,5221.45424,N,453.17274,E,24.3,1020.95,37.5,858
2026-05-20 15:05:29,130324.0,5221.45514,N,453.16755,E,24.3,1020.94,25.83,729
2026-05-20 15:05:34,130329.0,5221.45545,N,453.16254,E,24.3,1020.97,33.33,638
2026-05-20 15:05:40,130334.0,5221.45565,N,453.15801,E,24.3,1020.89,40.0,583
2026-05-20 15:05:45,130339.0,5221.45615,N,453.15247,E,24.2,1020.94,29.17,544
2026-05-20 15:05:50,130344.0,5221.4559,N,453.15,E,24.2,1020.85,42.5,511
2026-05-20 15:05:55,130349.0,5221.45717,N,453.14512,E,24.2,1021.01,40.83,454
2026-05-20 15:06:00,130354.0,5221.45858,N,453.13946,E,24.3,1020.99,44.17,395
2026-05-20 15:06:05,130359.0,5221.45991,N,453.13453,E,24.3,1021.07,69.17,408
2026-05-20 15:06:10,130404.0,5221.45998,N,453.12929,E,24.2,1020.95,70.83,439
2026-05-20 15:06:15,130409.0,5221.46045,N,453.12295,E,24.3,1021.1,76.67,448
2026-05-20 15:06:20,130414.0,5221.4613,N,453.11748,E,24.3,1021.07,40.83,408
2026-05-20 15:06:25,130419.0,5221.46205,N,453.11194,E,24.3,1021.05,48.33,426
2026-05-20 15:06:30,130424.0,5221.46282,N,453.10476,E,24.3,1021.01,47.5,409
2026-05-20 15:06:35,130429.0,5221.46384,N,453.09869,E,24.3,1020.99,47.5,387
2026-05-20 15:06:40,130434.0,5221.46485,N,453.09437,E,24.4,1020.95,50.83,379
2026-05-20 15:06:45,130439.0,5221.4659,N,453.08943,E,24.4,1020.9,48.33,408
2026-05-20 15:06:50,130444.0,5221.46694,N,453.08406,E,24.5,1020.97,50.83,394
2026-05-20 15:06:55,130449.0,5221.46828,N,453.07836,E,24.6,1020.89,70.0,387
2026-05-20 15:07:00,130454.0,5221.46903,N,453.07242,E,24.4,1020.99,71.67,375
2026-05-20 15:07:05,130459.0,5221.46968,N,453.06728,E,24.4,1020.89,66.67,375
2026-05-20 15:07:10,130504.0,5221.46955,N,453.06245,E,24.4,1020.9,60.0,389
2026-05-20 15:07:15,130509.0,5221.47053,N,453.05711,E,24.5,1020.98,66.67,385
2026-05-20 15:07:20,130514.0,5221.47174,N,453.05188,E,24.6,1021.11,51.67,364
2026-05-20 15:07:25,130519.0,5221.47203,N,453.04488,E,24.6,1021.04,48.33,353
2026-05-20 15:07:30,130524.0,5221.47317,N,453.03855,E,24.7,1020.98,60.83,382
2026-05-20 15:07:35,130529.0,5221.47422,N,453.0329,E,24.7,1020.94,50.0,387
2026-05-20 15:07:40,130534.0,5221.4757,N,453.02663,E,24.8,1020.99,58.33,385
2026-05-20 15:07:45,130539.0,5221.47748,N,453.02082,E,24.8,1020.94,55.0,377
2026-05-20 15:07:50,130544.0,5221.47927,N,453.01476,E,24.8,1020.98,82.5,397
2026-05-20 15:07:55,130549.0,5221.48019,N,453.01123,E,24.8,1020.9,65.0,381
2026-05-20 15:08:00,130554.0,5221.48043,N,453.00638,E,24.5,1021.18,43.33,406
2026-05-20 15:08:05,130600.0,5221.47871,N,453.00156,E,24.3,1021.22,25.83,375
2026-05-20 15:08:10,130605.0,5221.47584,N,452.99875,E,24.5,1021.15,26.67,382
2026-05-20 15:08:15,130610.0,5221.47317,N,452.99663,E,24.5,1021.06,25.83,368
2026-05-20 15:08:20,130615.0,5221.47026,N,452.99467,E,24.5,1021.16,25.83,336
2026-05-20 15:08:25,130620.0,5221.46734,N,452.99312,E,24.4,1020.94,25.0,381
2026-05-20 15:08:30,130625.0,5221.46404,N,452.99075,E,24.4,1020.98,83.33,368
2026-05-20 15:08:35,130630.0,5221.46053,N,452.98797,E,24.3,1020.99,25.83,356
2026-05-20 15:08:40,130635.0,5221.45734,N,452.98579,E,24.3,1021.0,24.17,383
2026-05-20 15:08:45,130640.0,5221.45402,N,452.98366,E,24.3,1021.05,25.83,397
2026-05-20 15:08:50,130645.0,5221.45117,N,452.98169,E,24.3,1021.08,21.67,378
2026-05-20 15:08:55,130650.0,5221.44784,N,452.97998,E,24.2,1021.1,30.0,381
2026-05-20 15:09:00,130655.0,5221.44452,N,452.97724,E,24.3,1021.08,22.5,364
2026-05-20 15:09:05,130700.0,5221.44085,N,452.97457,E,24.1,1021.22,28.33,383
2026-05-20 15:09:10,130705.0,5221.43732,N,452.97161,E,24.0,1021.18,24.17,385
2026-05-20 15:09:15,130710.0,5221.43411,N,452.96935,E,23.8,1021.25,34.17,356
2026-05-20 15:09:20,130715.0,5221.43051,N,452.96555,E,23.8,1021.05,43.33,369
2026-05-20 15:09:25,130720.0,5221.42767,N,452.96249,E,23.8,1021.12,43.33,362
2026-05-20 15:09:30,130725.0,5221.42401,N,452.95919,E,23.6,1021.08,135.83,373
2026-05-20 15:09:35,130730.0,5221.42083,N,452.9546,E,23.6,1021.07,231.67,360
2026-05-20 15:09:40,130735.0,5221.41786,N,452.95078,E,23.6,1021.08,220.0,405
2026-05-20 15:09:45,130740.0,5221.4148,N,452.94652,E,23.6,1021.04,249.17,398
2026-05-20 15:09:50,130745.0,5221.41234,N,452.94131,E,23.6,1021.03,198.33,377
2026-05-20 15:09:55,130750.0,5221.40999,N,452.93599,E,23.6,1021.04,173.33,399
2026-05-20 15:10:00,130755.0,5221.40766,N,452.93119,E,23.6,1021.04,155.0,384
2026-05-20 15:10:05,130800.0,5221.40539,N,452.92637,E,23.7,1021.0,221.67,357
2026-05-20 15:10:10,130805.0,5221.40309,N,452.92094,E,23.8,1021.0,245.83,384
2026-05-20 15:10:15,130810.0,5221.40012,N,452.91503,E,23.9,1021.13,192.5,377
2026-05-20 15:10:20,130815.0,5221.39736,N,452.90926,E,23.9,1021.04,180.83,382
2026-05-20 15:10:25,130820.0,5221.395,N,452.90455,E,23.8,1021.08,211.67,376
2026-05-20 15:10:30,130825.0,5221.39269,N,452.89889,E,23.8,1021.15,187.5,362
2026-05-20 15:10:35,130830.0,5221.39026,N,452.89335,E,23.8,1021.06,224.17,358
2026-05-20 15:10:40,130835.0,5221.38773,N,452.88821,E,23.9,1020.97,242.5,373
2026-05-20 15:10:45,130840.0,5221.38574,N,452.88311,E,24.0,1020.96,292.5,375
2026-05-20 15:10:50,130845.0,5221.38343,N,452.87806,E,24.0,1021.08,216.67,361
2026-05-20 15:10:55,130850.0,5221.3814,N,452.87304,E,24.0,1021.14,194.17,367
2026-05-20 15:11:00,130855.0,5221.38011,N,452.86782,E,23.9,1021.14,84.17,370
2026-05-20 15:11:05,130900.0,5221.38098,N,452.86169,E,23.8,1021.09,60.83,370
2026-05-20 15:11:10,130905.0,5221.38259,N,452.85605,E,23.6,1021.11,63.33,375
2026-05-20 15:11:15,130910.0,5221.38498,N,452.85163,E,23.6,1021.01,60.83,356
2026-05-20 15:11:20,130915.0,5221.38799,N,452.84814,E,23.7,1021.15,60.83,373
2026-05-20 15:11:25,130920.0,5221.38942,N,452.84369,E,23.7,1021.01,102.5,369
2026-05-20 15:11:30,130925.0,5221.38837,N,452.83906,E,23.7,1021.03,161.67,395
2026-05-20 15:11:35,130930.0,5221.38685,N,452.83417,E,23.8,1021.08,136.67,378
2026-05-20 15:11:40,130935.0,5221.38616,N,452.82805,E,23.8,1021.05,123.33,340
2026-05-20 15:11:45,130940.0,5221.38654,N,452.82231,E,23.9,1021.06,158.33,360
2026-05-20 15:11:50,130945.0,5221.38547,N,452.81622,E,23.9,1021.07,175.0,404
2026-05-20 15:11:55,130950.0,5221.3864,N,452.81076,E,23.9,1021.1,88.33,377
2026-05-20 15:12:00,130955.0,5221.38815,N,452.80539,E,23.9,1021.05,80.0,393
2026-05-20 15:12:05,131000.0,5221.39074,N,452.80108,E,24.0,1020.94,96.67,374
2026-05-20 15:12:10,131005.0,5221.39389,N,452.79806,E,24.1,1021.07,67.5,365
2026-05-20 15:12:15,131010.0,5221.39696,N,452.79577,E,24.2,1021.08,83.33,363
2026-05-20 15:12:20,131015.0,5221.40035,N,452.79334,E,24.2,1021.05,73.33,376
2026-05-20 15:12:25,131020.0,5221.40367,N,452.7908,E,24.1,1021.03,56.67,369
2026-05-20 15:12:30,131025.0,5221.40684,N,452.78784,E,24.1,1021.05,50.83,363
2026-05-20 15:12:35,131030.0,5221.4097,N,452.78552,E,24.0,1021.02,73.33,368
2026-05-20 15:12:40,131035.0,5221.41265,N,452.78289,E,24.1,1020.99,80.83,367
2026-05-20 15:12:45,131040.0,5221.41547,N,452.78152,E,24.1,1021.07,75.83,367
2026-05-20 15:12:50,131045.0,5221.41869,N,452.77987,E,24.2,1021.02,62.5,366
2026-05-20 15:12:55,131050.0,5221.42172,N,452.77746,E,24.2,1020.89,70.0,369
2026-05-20 15:13:00,131055.0,5221.42546,N,452.77534,E,24.3,1021.0,71.67,362
2026-05-20 15:13:05,131100.0,5221.42894,N,452.77258,E,24.3,1021.04,53.33,387
2026-05-20 15:13:10,131105.0,5221.43268,N,452.76955,E,24.2,1021.01,47.5,382
2026-05-20 15:13:15,131110.0,5221.43632,N,452.76835,E,24.3,1021.06,53.33,366
2026-05-20 15:13:20,131115.0,5221.43974,N,452.76663,E,24.4,1021.05,34.17,375
2026-05-20 15:13:25,131120.0,5221.44319,N,452.76484,E,24.2,1021.17,29.17,392
2026-05-20 15:13:30,131125.0,5221.44626,N,452.76224,E,24.1,1021.27,50.0,385
2026-05-20 15:13:35,131130.0,5221.44924,N,452.76098,E,24.1,1020.98,45.0,370
2026-05-20 15:13:40,131135.0,5221.45207,N,452.75962,E,23.9,1021.18,67.5,375
2026-05-20 15:13:45,131140.0,5221.45411,N,452.75715,E,23.9,1021.06,67.5,374
2026-05-20 15:13:50,131145.0,5221.45791,N,452.75354,E,23.9,1021.09,54.17,360
2026-05-20 15:13:55,131150.0,5221.46167,N,452.75042,E,23.8,1021.12,40.0,362
2026-05-20 15:14:00,131155.0,5221.46473,N,452.74887,E,23.8,1021.15,79.17,351
2026-05-20 15:14:05,131200.0,5221.46755,N,452.74699,E,23.8,1021.19,68.33,350
2026-05-20 15:14:10,131205.0,5221.47022,N,452.74142,E,23.9,1021.11,75.83,334
2026-05-20 15:14:15,131210.0,5221.47257,N,452.73377,E,23.9,1021.33,82.5,350
2026-05-20 15:14:20,131215.0,5221.47538,N,452.72958,E,23.9,1021.36,74.17,354
2026-05-20 15:14:25,131220.0,5221.47825,N,452.72402,E,23.7,1021.33,49.17,337
2026-05-20 15:14:30,131225.0,5221.48141,N,452.73011,E,23.8,1021.0,28.33,323
2026-05-20 15:14:35,131230.0,5221.48412,N,452.73889,E,23.9,1021.07,25.0,398
2026-05-20 15:14:40,131235.0,5221.48597,N,452.74514,E,24.0,1021.07,20.0,401
2026-05-20 15:14:45,131240.0,5221.48782,N,452.75082,E,24.0,1021.1,20.0,368
2026-05-20 15:14:50,131245.0,5221.49029,N,452.75575,E,24.0,1021.08,25.83,349
2026-05-20 15:14:55,131250.0,5221.49302,N,452.76088,E,24.1,1021.12,25.83,384
2026-05-20 15:15:00,131255.0,5221.49728,N,452.7647,E,24.1,1021.17,20.0,360
2026-05-20 15:15:05,131300.0,5221.50045,N,452.76976,E,24.2,1021.13,31.67,360
2026-05-20 15:15:10,131305.0,5221.50323,N,452.77417,E,24.2,1021.25,18.33,364
2026-05-20 15:15:15,131310.0,5221.50449,N,452.77934,E,24.2,1021.13,21.67,349
2026-05-20 15:15:20,131315.0,5221.50401,N,452.78668,E,24.3,1021.08,14.17,350
2026-05-20 15:15:25,131320.0,5221.50577,N,452.79247,E,24.3,1021.15,22.5,379
2026-05-20 15:15:30,131325.0,5221.50816,N,452.79676,E,24.4,1021.1,34.17,330
2026-05-20 15:15:35,131330.0,5221.51044,N,452.80143,E,24.4,1021.04,42.5,358
2026-05-20 15:15:40,131335.0,5221.5116,N,452.80677,E,24.4,1021.13,47.5,365
2026-05-20 15:15:45,131340.0,5221.51337,N,452.81222,E,24.4,1021.07,38.33,347
2026-05-20 15:15:50,131345.0,5221.51422,N,452.81732,E,24.4,1021.14,29.17,368
2026-05-20 15:15:55,131350.0,5221.51517,N,452.8231,E,24.5,1021.22,44.17,345
2026-05-20 15:16:00,131355.0,5221.51625,N,452.82839,E,24.5,1021.11,45.83,377
2026-05-20 15:16:05,131400.0,5221.51736,N,452.83353,E,24.5,1021.26,35.83,347
2026-05-20 15:16:10,131405.0,5221.51921,N,452.83884,E,24.5,1021.16,23.33,371
2026-05-20 15:16:15,131410.0,5221.52101,N,452.84365,E,24.6,1021.18,53.33,371
2026-05-20 15:16:20,131415.0,5221.52331,N,452.84846,E,24.6,1021.12,20.0,377
2026-05-20 15:16:25,131420.0,5221.52488,N,452.85363,E,24.6,1021.2,27.5,393
2026-05-20 15:16:30,131425.0,5221.52793,N,452.85798,E,24.7,1021.19,38.33,375
2026-05-20 15:16:35,131430.0,5221.52943,N,452.86337,E,24.7,1021.19,97.5,350
2026-05-20 15:16:41,131435.0,5221.53038,N,452.86871,E,24.7,1021.21,69.17,377
2026-05-20 15:16:46,131440.0,5221.53194,N,452.87188,E,24.8,1021.14,50.83,335
2026-05-20 15:16:51,131445.0,5221.5328,N,452.87714,E,24.8,1021.18,33.33,302
2026-05-20 15:16:56,131450.0,5221.53492,N,452.88197,E,24.8,1021.18,25.83,387
2026-05-20 15:17:01,131455.0,5221.53697,N,452.88781,E,24.8,1021.07,35.83,375
2026-05-20 15:17:06,131500.0,5221.5388,N,452.89347,E,24.8,1021.07,40.0,381
2026-05-20 15:17:11,131505.0,5221.53982,N,452.8992,E,24.9,1021.2,17.5,370
2026-05-20 15:17:16,131510.0,5221.5407,N,452.90492,E,24.9,1021.15,20.83,359
2026-05-20 15:17:21,131515.0,5221.54276,N,452.90972,E,24.9,1021.19,38.33,365
2026-05-20 15:17:26,131520.0,5221.54499,N,452.91142,E,24.9,1021.16,77.5,379
2026-05-20 15:17:31,131525.0,5221.54706,N,452.91049,E,25.0,1021.22,70.0,370
2026-05-20 15:17:36,131530.0,5221.5475,N,452.91109,E,24.9,1021.13,62.5,380
2026-05-20 15:17:41,131535.0,5221.54883,N,452.91323,E,25.0,1021.15,76.67,378
2026-05-20 15:17:46,131540.0,5221.55133,N,452.91738,E,25.0,1021.19,62.5,376
2026-05-20 15:17:51,131545.0,5221.55326,N,452.9202,E,25.0,1021.26,74.17,394
2026-05-20 15:17:56,131550.0,5221.55328,N,452.92155,E,25.1,1021.15,32.5,382
2026-05-20 15:18:01,131555.0,5221.55269,N,452.92329,E,25.1,1021.29,94.17,389
2026-05-20 15:18:06,131600.0,5221.55296,N,452.92779,E,25.2,1021.22,39.17,370
2026-05-20 15:18:11,131605.0,5221.55462,N,452.93351,E,25.2,1021.19,53.33,354
2026-05-20 15:18:16,131610.0,5221.55684,N,452.93818,E,25.3,1021.25,105.0,379
2026-05-20 15:18:21,131615.0,5221.55849,N,452.94341,E,25.3,1021.21,72.5,362
2026-05-20 15:18:26,131620.0,5221.56009,N,452.94873,E,25.4,1021.27,55.83,389
2026-05-20 15:18:31,131625.0,5221.56155,N,452.95424,E,25.4,1021.27,46.67,401
2026-05-20 15:18:36,131630.0,5221.563,N,452.95931,E,25.4,1021.19,50.83,404
2026-05-20 15:18:41,131635.0,5221.56441,N,452.96478,E,25.5,1021.22,68.33,375
2026-05-20 15:18:46,131640.0,5221.56568,N,452.97033,E,25.4,1021.29,59.17,378
2026-05-20 15:18:51,131645.0,5221.56726,N,452.97656,E,25.4,1021.36,35.0,379
2026-05-20 15:18:56,131650.0,5221.56881,N,452.98254,E,25.4,1021.21,53.33,384
2026-05-20 15:19:01,131655.0,5221.57068,N,452.98941,E,25.5,1021.22,55.0,397
2026-05-20 15:19:06,131700.0,5221.57236,N,452.99585,E,25.6,1021.27,55.83,354
2026-05-20 15:19:11,131706.0,5221.57397,N,453.00257,E,25.5,1021.31,47.5,353
2026-05-20 15:19:16,131711.0,5221.57621,N,453.00663,E,25.5,1021.31,65.83,370
2026-05-20 15:19:21,131716.0,5221.57575,N,453.01314,E,25.6,1021.34,125.0,373
2026-05-20 15:19:26,131721.0,5221.575,N,453.01987,E,25.7,1021.32,80.0,357
2026-05-20 15:19:31,131726.0,5221.57706,N,453.02445,E,25.6,1021.22,29.17,343
2026-05-20 15:19:36,131731.0,5221.57952,N,453.02653,E,25.5,1021.28,27.5,351
2026-05-20 15:19:41,131736.0,5221.58282,N,453.02551,E,25.5,1021.3,34.17,354
2026-05-20 15:19:46,131741.0,5221.5864,N,453.02362,E,25.6,1021.31,25.83,374
2026-05-20 15:19:51,131746.0,5221.58966,N,453.02238,E,25.5,1021.15,35.0,360
2026-05-20 15:19:56,131751.0,5221.59275,N,453.02001,E,25.6,1021.29,29.17,351
2026-05-20 15:20:01,131756.0,5221.59588,N,453.01744,E,25.6,1021.22,32.5,378
2026-05-20 15:20:06,131801.0,5221.59939,N,453.01497,E,25.7,1021.16,41.67,369
2026-05-20 15:20:11,131806.0,5221.60265,N,453.01179,E,25.7,1021.19,55.0,347
2026-05-20 15:20:16,131811.0,5221.60617,N,453.00967,E,25.8,1021.13,61.67,342
2026-05-20 15:20:21,131816.0,5221.6096,N,453.0076,E,25.8,1021.19,51.67,364
2026-05-20 15:20:26,131821.0,5221.61292,N,453.01007,E,25.8,1021.25,48.33,365
2026-05-20 15:20:31,131826.0,5221.61528,N,453.01395,E,25.8,1021.19,29.17,374
2026-05-20 15:20:36,131831.0,5221.61745,N,453.01787,E,25.8,1021.22,25.0,371
2026-05-20 15:20:41,131836.0,5221.62016,N,453.02251,E,25.9,1021.19,35.0,94
2026-05-20 15:20:46,131841.0,5221.62125,N,453.02427,E,25.9,1021.15,46.67,433
2026-05-20 15:20:51,131846.0,5221.6218,N,453.0245,E,26.0,1021.33,42.5,410
2026-05-20 15:20:56,131851.0,5221.6217,N,453.02526,E,26.0,1021.3,31.67,410
2026-05-20 15:21:01,131856.0,5221.62197,N,453.02659,E,26.0,1021.21,32.5,356
2026-05-20 15:21:06,131901.0,5221.62409,N,453.03096,E,26.1,1021.3,18.33,374
2026-05-20 15:21:11,131906.0,5221.62616,N,453.03462,E,26.1,1021.29,12.5,373
2026-05-20 15:21:16,131911.0,5221.62761,N,453.03896,E,26.1,1021.26,42.5,403
2026-05-20 15:21:21,131916.0,5221.62906,N,453.04316,E,26.1,1021.27,99.17,407
2026-05-20 15:21:26,131921.0,5221.62994,N,453.05045,E,26.2,1021.21,78.33,426
2026-05-20 15:21:31,131926.0,5221.63106,N,453.05695,E,26.2,1021.22,74.17,404
2026-05-20 15:21:36,131931.0,5221.63253,N,453.06268,E,26.2,1021.3,55.0,383
2026-05-20 15:21:41,131936.0,5221.63479,N,453.06685,E,26.0,1021.18,28.33,391
2026-05-20 15:21:46,131941.0,5221.63465,N,453.07183,E,26.0,1021.19,16.67,385
2026-05-20 15:21:51,131946.0,5221.63588,N,453.07514,E,26.0,1021.11,21.67,354
2026-05-20 15:21:56,131951.0,5221.63794,N,453.07908,E,25.8,1021.13,35.83,395
2026-05-20 15:22:01,131956.0,5221.64057,N,453.08245,E,25.7,1021.1,37.5,364
2026-05-20 15:22:06,132001.0,5221.64182,N,453.08622,E,25.7,1021.12,65.0,418
2026-05-20 15:22:11,132006.0,5221.64328,N,453.09144,E,25.7,1021.1,73.33,364
2026-05-20 15:22:16,132011.0,5221.6446,N,453.09659,E,25.7,1021.06,69.17,383
2026-05-20 15:22:21,132016.0,5221.64575,N,453.10226,E,25.8,1021.05,193.33,368
2026-05-20 15:22:26,132021.0,5221.64595,N,453.10872,E,25.6,1020.99,255.0,345
2026-05-20 15:22:31,132026.0,5221.64547,N,453.1142,E,25.6,1021.02,176.67,330
2026-05-20 15:22:36,132031.0,5221.64388,N,453.11977,E,25.5,1020.97,218.33,353
2026-05-20 15:22:41,132036.0,5221.64182,N,453.12459,E,25.6,1020.93,269.17,360
2026-05-20 15:22:46,132041.0,5221.64041,N,453.12925,E,25.7,1020.95,74.17,393
2026-05-20 15:22:51,132046.0,5221.63791,N,453.13353,E,25.8,1020.9,72.5,390
2026-05-20 15:22:56,132051.0,5221.63532,N,453.13777,E,25.8,1020.95,57.5,394
2026-05-20 15:23:01,132056.0,5221.63239,N,453.14076,E,25.8,1021.05,74.17,377
2026-05-20 15:23:06,132101.0,5221.62974,N,453.14548,E,25.8,1020.97,70.83,383
2026-05-20 15:23:11,132106.0,5221.62713,N,453.15053,E,25.8,1020.93,73.33,363
2026-05-20 15:23:16,132111.0,5221.62567,N,453.1559,E,25.6,1020.97,85.0,365
2026-05-20 15:23:21,132116.0,5221.62571,N,453.16117,E,25.7,1021.03,115.0,368
2026-05-20 15:23:26,132121.0,5221.62468,N,453.16671,E,25.6,1021.0,74.17,372
2026-05-20 15:23:31,132126.0,5221.62282,N,453.17122,E,25.5,1021.01,31.67,371
2026-05-20 15:23:36,132131.0,5221.62023,N,453.17605,E,25.5,1021.02,68.33,384
2026-05-20 15:23:41,132136.0,5221.61741,N,453.18121,E,25.4,1021.05,184.17,374
2026-05-20 15:23:46,132141.0,5221.61545,N,453.18676,E,25.3,1021.02,132.5,363
2026-05-20 15:23:51,132146.0,5221.61237,N,453.19184,E,25.3,1021.06,109.17,366
2026-05-20 15:23:56,132151.0,5221.60829,N,453.19542,E,25.3,1021.06,125.0,363
2026-05-20 15:24:01,132156.0,5221.60441,N,453.19594,E,25.2,1021.05,105.0,384
2026-05-20 15:24:06,132201.0,5221.6004,N,453.19345,E,25.3,1021.07,65.0,394
2026-05-20 15:24:11,132206.0,5221.59745,N,453.19237,E,25.4,1021.11,64.17,372
2026-05-20 15:24:16,132211.0,5221.59388,N,453.1896,E,25.3,1021.12,40.83,365
2026-05-20 15:24:21,132216.0,5221.58988,N,453.18803,E,25.2,1021.04,40.83,368
2026-05-20 15:24:26,132221.0,5221.58618,N,453.18557,E,25.1,1021.27,25.83,383
2026-05-20 15:24:31,132226.0,5221.58195,N,453.18473,E,25.0,1021.18,48.33,392
2026-05-20 15:24:36,132231.0,5221.57742,N,453.18482,E,25.1,1021.32,26.67,382
2026-05-20 15:24:41,132236.0,5221.57383,N,453.18446,E,25.1,1021.2,55.0,383
2026-05-20 15:24:46,132241.0,5221.56945,N,453.18429,E,25.1,1021.2,60.0,373
2026-05-20 15:24:51,132246.0,5221.56538,N,453.18328,E,25.1,1021.27,48.33,389
2026-05-20 15:24:56,132251.0,5221.56146,N,453.18396,E,25.0,1021.28,45.83,376
2026-05-20 15:25:01,132256.0,5221.55775,N,453.18241,E,25.1,1021.22,55.0,379
2026-05-20 15:25:06,132301.0,5221.55449,N,453.18146,E,25.1,1021.14,45.83,364
2026-05-20 15:25:11,132306.0,5221.55102,N,453.18111,E,25.0,1021.2,32.5,365
2026-05-20 15:25:16,132311.0,5221.54721,N,453.18172,E,24.8,1021.29,37.5,380
2026-05-20 15:25:21,132316.0,5221.54322,N,453.18132,E,25.0,1021.14,29.17,343
2026-05-20 15:25:26,132321.0,5221.54032,N,453.18127,E,24.9,1021.12,12.5,335
2026-05-20 15:25:31,132326.0,5221.53798,N,453.17953,E,24.9,1021.19,67.5,309
2026-05-20 15:25:36,132331.0,5221.53561,N,453.17506,E,24.8,1021.22,110.83,354
2026-05-20 15:25:41,132336.0,5221.53641,N,453.16838,E,24.8,1021.35,98.33,350
2026-05-20 15:25:46,132341.0,5221.53675,N,453.16191,E,24.8,1021.28,74.17,397
2026-05-20 15:25:51,132346.0,5221.53738,N,453.15646,E,24.9,1021.32,90.83,380
2026-05-20 15:25:56,132351.0,5221.53748,N,453.15124,E,24.9,1021.36,80.0,381
2026-05-20 15:26:01,132356.0,5221.53787,N,453.14656,E,24.8,1021.3,81.67,390
2026-05-20 15:26:06,132401.0,5221.53859,N,453.14138,E,24.6,1021.32,61.67,389
2026-05-20 15:26:11,132406.0,5221.53974,N,453.13519,E,24.5,1021.38,80.83,371
2026-05-20 15:26:16,132411.0,5221.5401,N,453.12915,E,24.6,1021.36,139.17,415
2026-05-20 15:26:21,132416.0,5221.54059,N,453.12339,E,24.6,1021.3,152.5,432
2026-05-20 15:26:26,132421.0,5221.542,N,453.11763,E,24.5,1021.26,110.83,422
2026-05-20 15:26:31,132426.0,5221.54282,N,453.11173,E,24.6,1021.2,192.5,412
2026-05-20 15:26:36,132431.0,5221.54306,N,453.10541,E,24.5,1021.2,185.0,401
2026-05-20 15:26:41,132436.0,5221.54343,N,453.09886,E,24.5,1021.26,169.17,406
2026-05-20 15:26:46,132441.0,5221.54359,N,453.09336,E,24.6,1021.35,140.83,397
2026-05-20 15:26:51,132446.0,5221.54399,N,453.08908,E,24.7,1021.22,177.5,387
2026-05-20 15:26:56,132451.0,5221.54376,N,453.087,E,24.7,1021.27,176.67,324
2026-05-20 15:27:01,132456.0,5221.54337,N,453.08083,E,24.5,1021.28,82.5,338
2026-05-20 15:27:06,132501.0,5221.54314,N,453.07616,E,24.7,1021.17,39.17,343
2026-05-20 15:27:11,132506.0,5221.54139,N,453.07112,E,24.7,1021.16,61.67,375
2026-05-20 15:27:16,132511.0,5221.54044,N,453.06536,E,24.7,1021.21,43.33,379
2026-05-20 15:27:21,132516.0,5221.54106,N,453.05959,E,24.6,1021.21,101.67,389
2026-05-20 15:27:26,132521.0,5221.54096,N,453.05332,E,24.4,1021.44,140.83,411
2026-05-20 15:27:31,132526.0,5221.53921,N,453.04848,E,24.4,1021.18,123.33,376
2026-05-20 15:27:36,132531.0,5221.53683,N,453.04456,E,24.0,1021.16,99.17,382
2026-05-20 15:27:42,132536.0,5221.53419,N,453.04078,E,24.1,1021.31,125.0,351
2026-05-20 15:27:47,132541.0,5221.5312,N,453.03684,E,23.8,1021.21,200.83,372
2026-05-20 15:27:52,132546.0,5221.52865,N,453.03297,E,23.7,1021.27,205.0,361
2026-05-20 15:27:57,132551.0,5221.52554,N,453.02896,E,23.6,1021.26,220.0,343
2026-05-20 15:28:02,132556.0,5221.52309,N,453.02622,E,23.7,1021.35,120.83,377
2026-05-20 15:28:07,132601.0,5221.52046,N,453.02255,E,23.5,1021.39,140.0,359
2026-05-20 15:28:12,132606.0,5221.51742,N,453.02049,E,23.6,1021.6,103.33,360
2026-05-20 15:28:17,132611.0,5221.51483,N,453.01742,E,23.5,1021.44,95.0,368
2026-05-20 15:28:22,132616.0,5221.51254,N,453.0146,E,23.6,1021.65,94.17,363
2026-05-20 15:28:27,132621.0,5221.5102,N,453.01081,E,23.4,1021.6,134.17,356
2026-05-20 15:28:32,132626.0,5221.5077,N,453.00738,E,23.3,1021.61,90.0,381
2026-05-20 15:28:37,132631.0,5221.50493,N,453.00293,E,23.2,1021.69,110.83,386
2026-05-20 15:28:42,132636.0,5221.50208,N,452.99858,E,23.0,1021.6,133.33,394
2026-05-20 15:28:47,132641.0,5221.49911,N,452.99521,E,23.0,1021.66,128.33,385
2026-05-20 15:28:52,132646.0,5221.49588,N,452.99234,E,23.0,1021.44,110.0,180
2026-05-20 15:28:57,132651.0,5221.49268,N,452.98903,E,23.1,1021.33,185.0,398
2026-05-20 15:29:02,132656.0,5221.48951,N,452.98532,E,23.1,1021.39,150.83,364
2026-05-20 15:29:07,132701.0,5221.48681,N,452.98143,E,23.1,1021.42,185.83,402
2026-05-20 15:29:12,132706.0,5221.48408,N,452.9777,E,23.1,1021.52,235.83,390
2026-05-20 15:29:17,132711.0,5221.48118,N,452.97433,E,23.1,1021.33,237.5,400
2026-05-20 15:29:22,132716.0,5221.478,N,452.9713,E,23.1,1021.37,207.5,368
2026-05-20 15:29:27,132721.0,5221.47522,N,452.968,E,23.2,1021.38,260.0,373
2026-05-20 15:29:32,132726.0,5221.47264,N,452.96455,E,23.2,1021.54,209.17,386
2026-05-20 15:29:37,132731.0,5221.46981,N,452.96129,E,23.2,1021.39,217.5,395
2026-05-20 15:29:42,132736.0,5221.46645,N,452.95842,E,23.3,1021.4,255.0,369
2026-05-20 15:29:47,132741.0,5221.4634,N,452.95572,E,23.3,1021.37,167.5,380
2026-05-20 15:29:52,132746.0,5221.46051,N,452.95311,E,23.1,1021.17,238.33,387
2026-05-20 15:29:57,132751.0,5221.45749,N,452.95032,E,23.1,1021.44,117.5,396
2026-05-20 15:30:02,132756.0,5221.45447,N,452.94742,E,23.1,1021.39,115.0,368
2026-05-20 15:30:07,132801.0,5221.45157,N,452.94489,E,23.0,1021.42,110.83,352
2026-05-20 15:30:12,132806.0,5221.44847,N,452.94177,E,22.9,1021.4,118.33,350
2026-05-20 15:30:17,132811.0,5221.44541,N,452.93905,E,22.7,1021.48,141.67,349
2026-05-20 15:30:22,132817.0,5221.44201,N,452.93604,E,22.6,1021.34,131.67,344
2026-05-20 15:30:27,132822.0,5221.43929,N,452.9335,E,22.4,1021.41,158.33,358
2026-05-20 15:30:32,132827.0,5221.43635,N,452.9302,E,22.5,1021.5,155.0,381
2026-05-20 15:30:37,132832.0,5221.4335,N,452.92657,E,22.6,1021.47,167.5,376
2026-05-20 15:30:42,132837.0,5221.43088,N,452.92289,E,22.7,1021.49,70.0,356
2026-05-20 15:30:47,132842.0,5221.42811,N,452.91939,E,22.8,1021.3,32.5,377
2026-05-20 15:30:52,132847.0,5221.42546,N,452.91585,E,22.8,1021.67,20.0,357
2026-05-20 15:30:57,132852.0,5221.42302,N,452.91312,E,22.8,1021.58,25.0,377
2026-05-20 15:31:02,132857.0,5221.42043,N,452.90968,E,22.7,1021.52,31.67,377
2026-05-20 15:31:07,132902.0,5221.41848,N,452.90604,E,22.6,1021.64,106.67,371
2026-05-20 15:31:12,132907.0,5221.41621,N,452.90264,E,22.7,1021.39,40.83,391
2026-05-20 15:31:17,132912.0,5221.41292,N,452.899,E,22.7,1021.51,43.33,352
2026-05-20 15:31:22,132917.0,5221.40996,N,452.89513,E,22.7,1021.48,25.0,350
2026-05-20 15:31:27,132922.0,5221.40797,N,452.8916,E,22.7,1021.57,28.33,338
2026-05-20 15:31:32,132927.0,5221.40496,N,452.88701,E,22.8,1021.48,32.5,357
2026-05-20 15:31:37,132932.0,5221.40229,N,452.88307,E,22.8,1021.59,28.33,340
2026-05-20 15:31:42,132937.0,5221.39949,N,452.88006,E,22.6,1021.43,34.17,361
2026-05-20 15:31:47,132942.0,5221.39807,N,452.87782,E,22.6,1021.39,34.17,360
2026-05-20 15:31:52,132947.0,5221.39777,N,452.8776,E,22.6,1021.35,32.5,362
2026-05-20 15:31:57,132952.0,5221.39623,N,452.87486,E,22.5,1021.5,64.17,357
2026-05-20 15:32:02,132957.0,5221.39572,N,452.87273,E,22.5,1021.47,27.5,414
2026-05-20 15:32:07,133002.0,5221.39252,N,452.86809,E,22.5,1021.57,69.17,379
2026-05-20 15:32:12,133007.0,5221.39147,N,452.86161,E,22.1,1021.44,145.83,374
2026-05-20 15:32:17,133012.0,5221.39253,N,452.85496,E,22.0,1021.49,215.0,362
2026-05-20 15:32:22,133017.0,5221.39321,N,452.84838,E,22.1,1021.36,211.67,359
2026-05-20 15:32:27,133022.0,5221.39378,N,452.84214,E,22.1,1021.42,188.33,366
2026-05-20 15:32:32,133027.0,5221.39427,N,452.83603,E,22.0,1021.49,234.17,376
2026-05-20 15:32:37,133032.0,5221.39408,N,452.83075,E,22.0,1021.38,263.33,360
2026-05-20 15:32:42,133037.0,5221.39405,N,452.82504,E,22.0,1021.38,231.67,369
2026-05-20 15:32:47,133042.0,5221.39603,N,452.82383,E,22.2,1021.33,114.17,360
2026-05-20 15:32:52,133047.0,5221.39904,N,452.82694,E,22.2,1021.3,104.17,373
2026-05-20 15:32:57,133052.0,5221.4021,N,452.83072,E,22.3,1021.42,120.0,359
2026-05-20 15:33:02,133057.0,5221.40484,N,452.83496,E,22.3,1021.31,116.67,384
2026-05-20 15:33:07,133102.0,5221.40802,N,452.83828,E,22.3,1021.49,133.33,356
2026-05-20 15:33:12,133107.0,5221.41074,N,452.84191,E,22.4,1021.42,126.67,366
2026-05-20 15:33:17,133112.0,5221.41396,N,452.84476,E,22.4,1021.32,125.0,373
2026-05-20 15:33:22,133117.0,5221.41668,N,452.84841,E,22.4,1021.21,136.67,364
2026-05-20 15:33:27,133122.0,5221.41918,N,452.85221,E,22.4,1021.39,119.17,362
2026-05-20 15:33:32,133127.0,5221.42224,N,452.85557,E,22.5,1021.32,93.33,381
2026-05-20 15:33:37,133132.0,5221.42515,N,452.85851,E,22.5,1021.41,97.5,355
2026-05-20 15:33:42,133137.0,5221.42781,N,452.86195,E,22.6,1021.43,90.83,358
2026-05-20 15:33:47,133142.0,5221.43049,N,452.86534,E,22.6,1021.4,106.67,374
2026-05-20 15:33:52,133147.0,5221.43359,N,452.86855,E,22.7,1021.37,94.17,370
2026-05-20 15:33:57,133152.0,5221.43668,N,452.87179,E,22.8,1021.39,106.67,344
2026-05-20 15:34:02,133157.0,5221.43958,N,452.8751,E,22.8,1021.34,100.0,384
2026-05-20 15:34:07,133202.0,5221.44284,N,452.87851,E,22.8,1021.19,90.0,379
2026-05-20 15:34:12,133207.0,5221.44553,N,452.882,E,22.8,1021.27,91.67,350
2026-05-20 15:34:17,133212.0,5221.44825,N,452.88535,E,22.8,1021.28,96.67,371
2026-05-20 15:34:22,133217.0,5221.45132,N,452.88872,E,22.9,1021.38,71.67,371
2026-05-20 15:34:27,133222.0,5221.45417,N,452.89245,E,22.9,1021.25,66.67,363
2026-05-20 15:34:32,133227.0,5221.45714,N,452.89599,E,22.9,1021.33,61.67,373
2026-05-20 15:34:37,133232.0,5221.46002,N,452.89932,E,23.0,1021.36,68.33,371
2026-05-20 15:34:42,133237.0,5221.46316,N,452.90273,E,23.0,1021.34,62.5,360
2026-05-20 15:34:47,133242.0,5221.46628,N,452.90601,E,23.0,1021.29,58.33,365
2026-05-20 15:34:52,133247.0,5221.46932,N,452.90915,E,23.1,1021.4,93.33,378
2026-05-20 15:34:57,133252.0,5221.47199,N,452.91277,E,23.1,1021.3,59.17,366
2026-05-20 15:35:02,133257.0,5221.47502,N,452.91627,E,23.1,1021.3,83.33,364
2026-05-20 15:35:07,133302.0,5221.47812,N,452.91992,E,23.2,1021.38,92.5,358
2026-05-20 15:35:12,133307.0,5221.48097,N,452.9234,E,23.2,1021.42,78.33,371
2026-05-20 15:35:17,133312.0,5221.48382,N,452.92658,E,23.2,1021.4,58.33,367
2026-05-20 15:35:22,133317.0,5221.48667,N,452.93005,E,23.2,1021.39,70.83,359
2026-05-20 15:35:27,133322.0,5221.48961,N,452.93315,E,23.3,1021.42,72.5,361
2026-05-20 15:35:32,133327.0,5221.49233,N,452.93694,E,23.3,1021.35,80.0,362
2026-05-20 15:35:37,133332.0,5221.49495,N,452.94059,E,23.3,1021.38,79.17,353
2026-05-20 15:35:42,133337.0,5221.49832,N,452.94369,E,23.3,1021.4,99.17,361
2026-05-20 15:35:47,133342.0,5221.50034,N,452.94849,E,23.4,1021.45,121.67,359
2026-05-20 15:35:52,133347.0,5221.50163,N,452.95452,E,23.4,1021.4,121.67,363
2026-05-20 15:35:57,133352.0,5221.50343,N,452.96101,E,23.5,1021.47,122.5,378
2026-05-20 15:36:02,133357.0,5221.50661,N,452.96492,E,23.5,1021.38,133.33,368
2026-05-20 15:36:07,133402.0,5221.50934,N,452.96833,E,23.6,1021.48,132.5,361
2026-05-20 15:36:12,133407.0,5221.51185,N,452.97244,E,23.6,1021.51,102.5,357
2026-05-20 15:36:17,133412.0,5221.51462,N,452.97512,E,23.6,1021.42,84.17,377
2026-05-20 15:36:22,133417.0,5221.51703,N,452.97911,E,23.6,1021.36,65.0,363
2026-05-20 15:36:27,133422.0,5221.51946,N,452.98231,E,23.7,1021.47,76.67,359
2026-05-20 15:36:32,133427.0,5221.52216,N,452.98671,E,23.7,1021.38,69.17,371
2026-05-20 15:36:37,133432.0,5221.52508,N,452.99004,E,23.8,1021.37,62.5,374
2026-05-20 15:36:42,133437.0,5221.52825,N,452.99402,E,23.9,1021.55,65.0,395
2026-05-20 15:36:47,133442.0,5221.53081,N,452.99798,E,23.9,1021.49,87.5,368
2026-05-20 15:36:52,133447.0,5221.53375,N,453.00146,E,23.9,1021.45,87.5,395
2026-05-20 15:36:57,133452.0,5221.53713,N,453.00506,E,24.0,1021.51,72.5,411
2026-05-20 15:37:02,133457.0,5221.53999,N,453.00972,E,24.0,1021.35,88.33,399
2026-05-20 15:37:07,133502.0,5221.54232,N,453.01394,E,24.0,1021.48,93.33,385
2026-05-20 15:37:12,133507.0,5221.5449,N,453.01885,E,24.1,1021.54,167.5,197
2026-05-20 15:37:17,133512.0,5221.5472,N,453.02235,E,24.1,1021.49,96.67,227
2026-05-20 15:37:22,133517.0,5221.54944,N,453.02768,E,24.0,1021.56,110.0,98
2026-05-20 15:37:27,133522.0,5221.55201,N,453.03231,E,24.1,1021.48,204.17,88
2026-05-20 15:37:32,133527.0,5221.55434,N,453.03682,E,24.1,1021.54,99.17,113
2026-05-20 15:37:37,133532.0,5221.55732,N,453.03965,E,24.1,1021.44,79.17,168
2026-05-20 15:37:42,133537.0,5221.56004,N,453.0404,E,24.0,1021.4,40.83,214
2026-05-20 15:37:47,133542.0,5221.56279,N,453.0385,E,24.0,1021.46,35.83,261
2026-05-20 15:37:52,133547.0,5221.56563,N,453.036,E,23.9,1021.45,43.33,221
2026-05-20 15:37:57,133552.0,5221.56863,N,453.0331,E,23.8,1021.67,49.17,246
2026-05-20 15:38:02,133557.0,5221.57161,N,453.03131,E,23.9,1021.49,34.17,218
2026-05-20 15:38:07,133602.0,5221.57381,N,453.03011,E,24.0,1021.52,40.0,244
2026-05-20 15:38:12,133607.0,5221.5764,N,453.02823,E,23.9,1021.54,61.67,708
2026-05-20 15:38:17,133612.0,5221.58005,N,453.02567,E,24.0,1021.51,63.33,670
2026-05-20 15:38:22,133617.0,5221.58295,N,453.02475,E,24.1,1021.47,54.17,588
2026-05-20 15:38:27,133622.0,5221.58553,N,453.0226,E,23.9,1021.25,9052.5,736
2026-05-20 15:38:32,133627.0,5221.58936,N,453.01931,E,24.0,1021.11,54612.5,599
2026-05-20 13:47:40,,,,,,22.3,1020.16,5074.17,248
2026-05-21 15:45:47,134340.0,5221.23403,N,453.78068,E,,,,658
2026-05-21 15:48:00,134553.0,5221.24675,N,453.78842,E,,,,811
2026-05-21 15:48:05,134558.0,5221.24694,N,453.78696,E,,,,693
2026-05-21 15:48:22,134615.0,5221.24703,N,453.78518,E,,,,583
2026-05-21 15:48:27,134620.0,5221.24679,N,453.78499,E,,,,497
2026-05-21 15:48:32,134625.0,5221.24578,N,453.78462,E,,,,71
2026-05-21 15:48:37,134630.0,5221.24414,N,453.78452,E,,,,154
2026-05-21 15:48:42,134635.0,5221.24283,N,453.78483,E,,,,206
2026-05-21 15:48:47,134640.0,5221.23636,N,453.78913,E,,,,264
2026-05-21 15:48:52,134645.0,5221.23747,N,453.78659,E,,,,367
2026-05-21 15:48:57,134650.0,5221.23845,N,453.78601,E,,,,628
2026-05-21 15:49:02,134655.0,5221.2378,N,453.7859,E,,,,675
2026-05-21 15:49:07,134700.0,5221.23775,N,453.78614,E,,,,341
2026-05-21 15:49:12,134705.0,5221.23822,N,453.78601,E,,,,304
2026-05-21 15:49:17,134710.0,5221.23906,N,453.78485,E,,,,412
2026-05-21 15:49:22,134715.0,5221.24008,N,453.78469,E,,,,556
2026-05-21 15:49:27,134720.0,5221.24089,N,453.78489,E,,,,782
2026-05-21 15:49:32,134725.0,5221.24117,N,453.78558,E,,,,635
2026-05-21 15:49:37,134730.0,5221.24106,N,453.78562,E,,,,564
2026-05-21 15:49:42,134735.0,5221.24041,N,453.7861,E,,,,542
2026-05-21 15:49:47,134740.0,5221.23978,N,453.78691,E,,,,478
2026-05-21 15:49:52,134745.0,5221.23859,N,453.78716,E,,,,119
2026-05-21 15:49:57,134750.0,5221.23739,N,453.78677,E,,,,246
2026-05-21 15:50:02,134755.0,5221.23689,N,453.78694,E,,,,557
2026-05-21 15:50:07,134800.0,5221.23693,N,453.78788,E,,,,389
2026-05-21 15:50:12,134805.0,5221.23705,N,453.78746,E,,,,431
2026-05-21 15:50:17,134810.0,5221.23873,N,453.78782,E,,,,195
2026-05-21 15:50:35,134828.0,5221.23768,N,453.78873,E,25.7,1029.51,3934.17,232
2026-05-21 15:50:40,134833.0,5221.2373,N,453.78883,E,-28.9,2078.47,-1.0,260
2026-05-21 15:50:45,134838.0,5221.23748,N,453.78851,E,25.3,1029.63,3695.83,338
2026-05-21 15:50:50,134843.0,5221.23758,N,453.78785,E,25.3,1029.55,841.67,255
2026-05-21 15:50:55,134848.0,5221.23748,N,453.78722,E,25.4,1029.47,2094.17,379
2026-05-21 15:51:00,134853.0,5221.23753,N,453.78705,E,25.4,1029.53,6539.17,660
2026-05-21 15:51:05,134858.0,5221.23785,N,453.78713,E,25.5,1029.5,5150.83,885
2026-05-21 15:51:10,134903.0,5221.23827,N,453.78705,E,25.6,1029.43,11280.83,477
2026-05-21 15:51:15,134908.0,5221.23935,N,453.78739,E,25.6,1029.45,8109.17,108
2026-05-21 15:51:20,134913.0,5221.24015,N,453.78771,E,25.7,1029.51,7092.5,317
2026-05-21 15:51:25,134918.0,5221.24014,N,453.78763,E,25.7,1029.44,13230.83,321
2026-05-21 15:51:30,134923.0,5221.24029,N,453.78758,E,25.8,1029.49,6658.33,287
2026-05-21 15:51:35,134928.0,5221.24098,N,453.78798,E,25.8,1029.44,7090.83,382
2026-05-21 15:51:40,134933.0,5221.2415,N,453.78797,E,25.8,1029.55,8338.33,724
2026-05-21 15:51:45,134938.0,5221.24098,N,453.7875,E,25.9,1029.59,11664.17,616
2026-05-21 15:51:50,134943.0,5221.24067,N,453.78709,E,26.0,1029.52,10542.5,601
2026-05-21 15:51:55,134948.0,5221.24055,N,453.78661,E,26.1,1029.51,3041.67,603
2026-05-21 15:52:00,134953.0,5221.24042,N,453.78622,E,26.2,1029.5,2610.83,313
2026-05-21 15:52:05,134958.0,5221.23998,N,453.7861,E,26.2,1029.59,4973.33,654
2026-05-21 15:52:10,135003.0,5221.24035,N,453.78584,E,26.1,1029.5,7972.5,269
2026-05-21 15:52:15,135008.0,5221.24062,N,453.78553,E,26.1,1029.55,6575.0,420
2026-05-21 15:52:20,135013.0,5221.24065,N,453.78535,E,26.2,1029.55,2754.17,611
2026-05-21 15:52:25,135018.0,5221.24047,N,453.78569,E,26.3,1029.5,4218.33,581
2026-05-21 15:52:30,135023.0,5221.2407,N,453.78542,E,-16.4,168.11,-1.0,314
2026-05-21 15:52:35,135028.0,5221.24141,N,453.78403,E,26.4,1029.56,36.67,371
2026-05-21 15:52:40,135033.0,5221.241,N,453.78365,E,26.5,1029.57,42.5,306
2026-05-21 15:52:45,135038.0,5221.24098,N,453.78367,E,26.5,1029.47,50.0,307
2026-05-21 15:52:50,135043.0,5221.24033,N,453.78452,E,26.6,1029.61,62.5,244
2026-05-21 15:52:55,135048.0,5221.23803,N,453.78552,E,26.6,1029.6,64.17,280
2026-05-21 15:53:00,135053.0,5221.23664,N,453.78651,E,26.7,1029.67,66.67,187
2026-05-21 15:53:05,135058.0,5221.23524,N,453.78575,E,26.7,1029.51,50.0,244
2026-05-21 15:53:10,135103.0,5221.23375,N,453.78275,E,26.7,1029.45,51.67,240
2026-05-21 15:53:15,135108.0,5221.23186,N,453.77956,E,26.7,1029.37,59.17,236
2026-05-21 15:53:20,135113.0,5221.22883,N,453.7764,E,26.7,1029.33,75.0,296
2026-05-21 15:53:25,135118.0,5221.22555,N,453.77576,E,26.7,1029.31,60.0,347
2026-05-21 15:53:30,135123.0,5221.22449,N,453.77549,E,26.7,1029.26,90.0,194
2026-05-21 15:53:35,135128.0,5221.22369,N,453.77158,E,26.7,1029.25,53.33,236
2026-05-21 15:53:40,135133.0,5221.22354,N,453.76763,E,26.8,1029.32,26.67,240
2026-05-21 15:53:45,135138.0,5221.22269,N,453.7637,E,26.8,1029.24,1973.33,696
2026-05-21 15:53:51,135143.0,5221.2218,N,453.75908,E,26.8,1029.25,14.17,519
2026-05-21 15:53:56,135148.0,5221.22074,N,453.75348,E,26.8,1029.29,15.0,564
2026-05-21 15:54:01,135153.0,5221.22013,N,453.74886,E,26.8,1029.27,59.17,478
2026-05-21 15:54:06,135158.0,5221.21987,N,453.74437,E,26.7,1029.31,127.5,454
2026-05-21 15:54:11,135203.0,5221.21584,N,453.73778,E,26.8,1029.3,84.17,395
2026-05-21 15:54:16,135208.0,5221.21386,N,453.73084,E,26.8,1029.28,98.33,386
2026-05-21 15:54:21,135213.0,5221.21143,N,453.72512,E,26.8,1029.27,95.83,390
2026-05-21 15:54:26,135218.0,5221.21026,N,453.72027,E,26.8,1029.29,71.67,375
2026-05-21 15:54:31,135223.0,5221.20893,N,453.71434,E,26.8,1029.43,79.17,344
2026-05-21 15:54:36,135228.0,5221.20812,N,453.70944,E,138.1,1330.94,57.5,415
2026-05-21 15:54:41,135233.0,5221.20732,N,453.70356,E,26.8,1029.36,3595.0,675
2026-05-21 15:54:46,135238.0,5221.2061,N,453.70007,E,26.6,1029.38,37.5,275
2026-05-21 15:54:51,135243.0,5221.20464,N,453.69373,E,26.6,1029.39,75.83,295
2026-05-21 15:54:56,135248.0,5221.20391,N,453.68806,E,26.5,1029.44,103.33,296
2026-05-21 15:55:01,135253.0,5221.20458,N,453.68254,E,26.4,1029.33,112.5,340
2026-05-21 15:55:06,135258.0,5221.20674,N,453.67671,E,26.4,1029.3,68.33,309
2026-05-21 15:55:11,135303.0,5221.20863,N,453.67198,E,26.5,1029.26,18.33,317
2026-05-21 15:55:16,135308.0,5221.21022,N,453.66849,E,26.6,1029.33,14.17,318
2026-05-21 15:55:21,135313.0,5221.2127,N,453.66633,E,26.7,1029.3,14.17,342
2026-05-21 15:55:26,135318.0,5221.21617,N,453.66337,E,26.7,1029.32,14.17,301
2026-05-21 15:55:31,135324.0,5221.2208,N,453.66055,E,26.7,1029.36,11.67,468
2026-05-21 15:55:36,135328.0,5221.22528,N,453.65866,E,26.6,1029.3,18.33,613
2026-05-21 15:55:41,135334.0,5221.23058,N,453.6559,E,26.7,1029.36,17.5,514
2026-05-21 15:55:46,135339.0,5221.23228,N,453.65271,E,26.8,1029.32,31.67,430
2026-05-21 15:55:51,135344.0,5221.23541,N,453.651,E,26.7,1029.3,53.33,424
2026-05-21 15:55:56,135349.0,5221.23882,N,453.64824,E,26.4,1029.38,83.33,415
2026-05-21 15:56:01,135354.0,5221.24227,N,453.64674,E,26.5,1029.32,35.0,417
2026-05-21 15:56:06,135359.0,5221.24417,N,453.64451,E,26.6,1029.23,18.33,176
2026-05-21 15:56:11,135404.0,5221.24655,N,453.64234,E,26.6,1029.28,17.5,260
2026-05-21 15:56:16,135409.0,5221.24987,N,453.6404,E,26.7,1029.29,19.17,268
2026-05-21 15:56:21,135414.0,5221.25318,N,453.63777,E,26.7,1029.35,23.33,320
2026-05-21 15:56:26,135419.0,5221.25703,N,453.63555,E,26.7,1029.38,15.83,280
2026-05-21 15:56:31,135424.0,5221.26243,N,453.63304,E,26.6,1029.32,21.67,326
2026-05-21 15:56:36,135429.0,5221.2664,N,453.63058,E,26.7,1029.28,17.5,300
2026-05-21 15:56:41,135434.0,5221.26873,N,453.62995,E,26.6,1029.39,21.67,316
2026-05-21 15:56:46,135439.0,5221.27117,N,453.63013,E,26.6,1029.29,91.67,352
2026-05-21 15:56:51,135444.0,5221.27226,N,453.63131,E,26.6,1029.3,43.33,370
2026-05-21 15:56:56,135449.0,5221.27207,N,453.63462,E,26.6,1029.28,5.83,335
2026-05-21 15:57:01,135454.0,5221.2728,N,453.63913,E,26.7,1029.32,10.83,368
2026-05-21 15:57:06,135459.0,5221.27327,N,453.64395,E,26.8,1029.3,10.83,290
2026-05-21 15:57:11,135504.0,5221.27382,N,453.6487,E,26.8,1029.29,10.83,232
2026-05-21 15:57:16,135509.0,5221.27478,N,453.65354,E,26.9,1029.27,9.17,288
2026-05-21 15:57:21,135514.0,5221.27574,N,453.65946,E,26.8,1029.25,8.33,317
2026-05-21 15:57:26,135519.0,5221.27634,N,453.66471,E,26.9,1029.36,10.0,334
2026-05-21 15:57:31,135524.0,5221.27773,N,453.66948,E,26.9,1029.31,14.17,347
2026-05-21 15:57:36,135529.0,5221.27884,N,453.67394,E,27.0,1029.21,15.83,341
2026-05-21 15:57:41,135534.0,5221.28126,N,453.67853,E,27.0,1029.36,14.17,292
2026-05-21 15:57:46,135539.0,5221.28285,N,453.68517,E,27.0,1029.29,10.83,331
2026-05-21 15:57:51,135544.0,5221.28436,N,453.69095,E,27.0,1029.27,10.0,308
2026-05-21 15:57:56,135549.0,5221.28548,N,453.69754,E,27.0,1029.27,21.67,299
2026-05-21 15:58:01,135554.0,5221.28649,N,453.70325,E,27.1,1029.39,30.83,356
2026-05-21 15:58:06,135559.0,5221.28736,N,453.709,E,27.1,1029.29,26.67,299
2026-05-21 15:58:11,135604.0,5221.28847,N,453.71429,E,27.1,1029.3,33.33,351
2026-05-21 15:58:16,135609.0,5221.28945,N,453.71852,E,27.2,1029.24,25.83,340
2026-05-21 15:58:21,135614.0,5221.29025,N,453.72387,E,27.2,1029.23,12.5,360
2026-05-21 15:58:26,135619.0,5221.29005,N,453.72926,E,27.2,1029.28,14.17,307
2026-05-21 15:58:31,135624.0,5221.29211,N,453.73398,E,27.3,1029.25,16.67,348
2026-05-21 15:58:36,135629.0,5221.29285,N,453.73806,E,27.3,1029.34,21.67,350
2026-05-21 15:58:41,135634.0,5221.29325,N,453.74306,E,27.3,1029.3,21.67,340
2026-05-21 15:58:46,135639.0,5221.29523,N,453.74876,E,27.4,1029.29,28.33,322
2026-05-21 15:58:51,135644.0,5221.29657,N,453.753,E,27.4,1029.35,25.83,293
2026-05-21 15:58:56,135649.0,5221.29816,N,453.75612,E,27.4,1029.31,42.5,327
2026-05-21 15:59:01,135654.0,5221.29818,N,453.7608,E,27.4,1029.3,27.5,325
2026-05-21 15:59:06,135659.0,5221.29958,N,453.7646,E,27.5,1029.28,22.5,318
2026-05-21 15:59:11,135704.0,5221.30083,N,453.76872,E,27.4,1029.28,15.83,330
2026-05-21 15:59:16,135709.0,5221.30265,N,453.77249,E,27.5,1029.32,14.17,315
2026-05-21 15:59:21,135714.0,5221.3039,N,453.77643,E,27.5,1029.32,15.83,299
2026-05-21 15:59:26,135719.0,5221.30485,N,453.78091,E,27.5,1029.31,29.17,317
2026-05-21 15:59:31,135724.0,5221.30549,N,453.78513,E,27.5,1029.33,12.5,298
2026-05-21 15:59:36,135729.0,5221.30664,N,453.78945,E,27.5,1029.26,23.33,294
2026-05-21 15:59:41,135734.0,5221.30725,N,453.7948,E,27.6,1029.39,19.17,296
2026-05-21 15:59:46,135739.0,5221.3072,N,453.79886,E,27.6,1029.35,32.5,294
2026-05-21 15:59:51,135744.0,5221.3088,N,453.80331,E,27.5,1029.33,19.17,306
2026-05-21 15:59:56,135749.0,5221.30971,N,453.80794,E,27.6,1029.3,12.5,307
2026-05-21 16:00:01,135754.0,5221.31071,N,453.81307,E,27.6,1029.33,5.83,307
2026-05-21 16:00:06,135759.0,5221.31218,N,453.81737,E,27.6,1029.34,10.0,324
2026-05-21 16:00:11,135804.0,5221.31122,N,453.82349,E,27.7,1029.33,12.5,326
2026-05-21 16:00:16,135809.0,5221.31362,N,453.82761,E,27.7,1029.31,5.83,324
2026-05-21 16:00:21,135814.0,5221.31452,N,453.83179,E,27.7,1029.41,20.83,313
2026-05-21 16:00:26,135819.0,5221.31593,N,453.83582,E,27.8,1029.38,5.83,322
2026-05-21 16:00:31,135824.0,5221.3174,N,453.83967,E,27.8,1029.36,6.67,330
2026-05-21 16:00:36,135829.0,5221.3179,N,453.84338,E,27.9,1029.35,10.0,319
2026-05-21 16:00:41,135834.0,5221.3186,N,453.84805,E,27.8,1029.37,5.83,325
2026-05-21 16:00:46,135839.0,5221.31967,N,453.85323,E,27.8,1029.35,10.0,336
2026-05-21 16:00:51,135844.0,5221.32108,N,453.85914,E,27.8,1029.36,18.33,336
2026-05-21 16:00:56,135849.0,5221.32213,N,453.8636,E,27.8,1029.35,12.5,368
2026-05-21 16:01:01,135854.0,5221.32339,N,453.86923,E,27.9,1029.27,12.5,335
2026-05-21 16:01:06,135859.0,5221.32374,N,453.87451,E,27.8,1029.33,7.5,458
2026-05-21 16:01:11,135904.0,5221.32275,N,453.87801,E,27.8,1029.4,13.33,369
2026-05-21 16:01:16,135909.0,5221.32047,N,453.88133,E,27.7,1029.33,14.17,319
2026-05-21 16:01:21,135914.0,5221.31886,N,453.8856,E,27.7,1029.33,14.17,407
2026-05-21 16:01:26,135919.0,5221.31795,N,453.88929,E,27.7,1029.32,22.5,374
2026-05-21 16:01:31,135924.0,5221.31461,N,453.89086,E,27.6,1029.35,17.5,373
2026-05-21 16:01:36,135929.0,5221.31285,N,453.89417,E,27.7,1029.31,14.17,368
2026-05-21 16:01:41,135934.0,5221.31145,N,453.8965,E,27.7,1029.35,16.67,359
2026-05-21 16:01:46,135939.0,5221.31074,N,453.89863,E,27.7,1029.3,16.67,354
2026-05-21 16:01:51,135944.0,5221.30925,N,453.90062,E,27.8,1029.31,14.17,345
2026-05-21 16:01:56,135949.0,5221.30708,N,453.90186,E,27.8,1029.24,14.17,336
2026-05-21 16:02:01,135954.0,5221.3046,N,453.90347,E,27.7,1029.33,13.33,205
2026-05-21 16:02:06,135959.0,5221.30264,N,453.90578,E,27.7,1029.33,1442.5,751
2026-05-21 16:02:11,140004.0,5221.30188,N,453.9072,E,27.7,1029.3,1905.0,693
2026-05-21 16:02:16,140009.0,5221.30043,N,453.90721,E,27.8,1029.24,1309.17,641
2026-05-21 16:02:21,140014.0,5221.29909,N,453.9072,E,27.8,1029.31,1411.67,611
2026-05-21 16:02:26,140019.0,5221.29871,N,453.90758,E,27.8,1029.27,1623.33,631
2026-05-21 16:02:31,140024.0,5221.29878,N,453.90851,E,27.7,1029.24,2508.33,608
2026-05-21 16:02:36,140029.0,5221.29651,N,453.90966,E,27.8,1029.22,2587.5,568
2026-05-21 16:02:41,140034.0,5221.29464,N,453.91174,E,28.2,1029.27,1415.83,349
2026-05-21 16:02:46,140039.0,5221.29242,N,453.91293,E,28.0,1029.22,899.17,188
2026-05-21 16:02:51,140044.0,5221.28473,N,453.92261,E,28.0,1029.28,0.0,373
2026-05-21 16:02:56,140049.0,5221.28459,N,453.92366,E,28.0,1029.25,0.0,235
2026-05-21 16:03:01,140054.0,5221.2814,N,453.92518,E,27.9,1029.3,0.0,606
2026-05-21 16:03:06,140059.0,5221.27904,N,453.9274,E,27.8,1029.22,0.0,304
2026-05-21 16:03:11,140104.0,5221.27549,N,453.92875,E,27.8,1029.28,0.0,286
2026-05-21 16:03:16,140109.0,5221.27247,N,453.93095,E,27.8,1029.19,0.0,393
2026-05-21 16:03:21,140114.0,5221.26873,N,453.93205,E,27.7,1029.27,0.0,395
2026-05-21 16:03:26,140119.0,5221.26588,N,453.93351,E,27.7,1029.35,0.0,288
2026-05-21 16:03:31,140124.0,5221.26407,N,453.93579,E,27.6,1029.28,0.0,293
2026-05-21 16:03:36,140129.0,5221.26134,N,453.93783,E,27.6,1029.26,0.0,248
2026-05-21 16:03:41,140134.0,5221.2587,N,453.93805,E,27.6,1029.3,0.0,268
2026-05-21 16:03:46,140139.0,5221.25552,N,453.93319,E,27.6,1029.31,0.0,248
2026-05-21 16:03:51,140144.0,5221.254,N,453.92817,E,27.6,1029.3,0.0,269
2026-05-21 16:03:56,140149.0,5221.25255,N,453.9239,E,27.6,1029.28,0.0,303
2026-05-21 16:04:01,140154.0,5221.2521,N,453.9199,E,27.5,1029.31,0.0,272
2026-05-21 16:04:06,140159.0,5221.25205,N,453.91555,E,27.5,1029.34,0.0,271
2026-05-21 16:04:11,140204.0,5221.25158,N,453.91122,E,27.4,1029.25,0.0,285
2026-05-21 16:04:16,140209.0,5221.25064,N,453.90789,E,27.4,1029.32,0.0,304
2026-05-21 16:04:21,140214.0,5221.25042,N,453.90431,E,27.4,1029.34,0.0,290
2026-05-21 16:04:26,140219.0,5221.24851,N,453.89926,E,27.4,1029.37,0.0,311
2026-05-21 16:04:31,140224.0,5221.2461,N,453.89366,E,27.4,1029.35,0.0,307
2026-05-21 16:04:36,140229.0,5221.24616,N,453.88866,E,27.3,1029.32,0.0,298
2026-05-21 16:04:41,140234.0,5221.24358,N,453.88093,E,27.3,1029.35,0.0,306
2026-05-21 16:04:47,140239.0,5221.24428,N,453.87733,E,27.3,1029.31,0.0,296
2026-05-21 16:04:52,140244.0,5221.24249,N,453.87245,E,27.4,1029.31,0.0,217
2026-05-21 16:04:57,140249.0,5221.24199,N,453.86788,E,27.4,1029.28,0.0,294
2026-05-21 16:05:02,140254.0,5221.2403,N,453.86245,E,27.3,1029.31,0.0,336
2026-05-21 16:05:07,140259.0,5221.23828,N,453.85641,E,27.3,1029.36,0.0,302
2026-05-21 16:05:12,140304.0,5221.23495,N,453.85054,E,27.3,1029.31,0.0,304
2026-05-21 16:05:17,140309.0,5221.23408,N,453.84555,E,27.2,1029.37,0.0,323
2026-05-21 16:05:22,140314.0,5221.23269,N,453.84181,E,27.1,1029.34,0.0,334
2026-05-21 16:05:27,140319.0,5221.23199,N,453.83769,E,27.1,1029.35,0.0,319
2026-05-21 16:05:32,140324.0,5221.23156,N,453.83307,E,27.1,1029.34,0.0,318
2026-05-21 16:05:37,140329.0,5221.23111,N,453.82595,E,27.2,1029.42,0.0,248
2026-05-21 16:05:42,140334.0,5221.23023,N,453.82158,E,27.3,1029.36,0.0,334
2026-05-21 16:05:47,140339.0,5221.22954,N,453.81506,E,27.2,1029.36,0.0,391
2026-05-21 16:05:52,140344.0,5221.22942,N,453.80924,E,27.3,1029.38,0.0,355
2026-05-21 16:05:57,140349.0,5221.22743,N,453.80395,E,27.3,1029.34,0.0,408
2026-05-21 16:06:02,140354.0,5221.22687,N,453.79834,E,27.2,1029.4,0.0,411
2026-05-21 16:06:07,140359.0,5221.2266,N,453.79322,E,27.2,1029.37,0.0,402
2026-05-21 16:06:12,140404.0,5221.22591,N,453.78899,E,27.1,1029.38,0.0,298
2026-05-21 16:06:17,140409.0,5221.2243,N,453.78335,E,27.1,1029.29,0.0,409
2026-05-21 16:06:22,140414.0,5221.22324,N,453.77896,E,27.3,1029.31,0.0,426
2026-05-21 16:06:27,140419.0,5221.22365,N,453.77519,E,27.3,1029.3,0.0,390
2026-05-21 16:06:32,140424.0,5221.22618,N,453.77162,E,27.3,1029.33,0.0,307
2026-05-21 16:06:37,140429.0,5221.22805,N,453.76768,E,27.3,1029.39,0.0,297
2026-05-21 16:06:42,140435.0,5221.22965,N,453.76085,E,27.3,1029.47,0.0,341
2026-05-21 16:06:47,140440.0,5221.22945,N,453.7557,E,27.4,1029.51,0.0,331
2026-05-21 16:06:52,140445.0,5221.22888,N,453.75052,E,27.3,1029.46,0.0,437
2026-05-21 16:06:57,140450.0,5221.2285,N,453.74526,E,27.3,1029.56,0.0,299
2026-05-21 16:07:02,140455.0,5221.22889,N,453.74022,E,27.3,1029.46,0.0,368
2026-05-21 16:07:07,140500.0,5221.22836,N,453.73554,E,27.3,1029.48,0.0,363
2026-05-21 16:07:12,140505.0,5221.22746,N,453.73035,E,27.2,1029.51,0.0,271
2026-05-21 16:07:17,140510.0,5221.22605,N,453.72604,E,27.3,1029.46,0.0,357
2026-05-21 16:07:22,140515.0,5221.22511,N,453.72282,E,27.3,1029.47,0.0,404
2026-05-21 16:07:27,140520.0,5221.2236,N,453.71919,E,27.3,1029.54,0.0,466
2026-05-21 16:07:32,140525.0,5221.22173,N,453.71331,E,27.2,1029.54,0.0,368
2026-05-21 16:07:37,140530.0,5221.2203,N,453.70797,E,27.2,1029.41,0.0,362
2026-05-21 16:07:42,140535.0,5221.22007,N,453.70317,E,27.2,1029.5,0.0,338
2026-05-21 16:07:47,140540.0,5221.22077,N,453.69867,E,27.2,1029.55,0.0,299
2026-05-21 16:07:52,140545.0,5221.22106,N,453.69317,E,27.2,1029.49,0.0,479
2026-05-21 16:07:57,140550.0,5221.22234,N,453.68759,E,27.2,1029.55,0.0,328
2026-05-21 16:08:02,140555.0,5221.2234,N,453.68299,E,27.2,1029.52,0.0,290
2026-05-21 16:08:07,140600.0,5221.22497,N,453.68005,E,27.1,1029.5,0.0,391
2026-05-21 16:08:12,140605.0,5221.22829,N,453.67687,E,27.1,1029.53,0.0,311
2026-05-21 16:08:17,140610.0,5221.23181,N,453.67437,E,27.1,1029.56,0.0,366
2026-05-21 16:08:22,140615.0,5221.2352,N,453.67143,E,27.0,1029.44,0.0,346
2026-05-21 16:08:27,140620.0,5221.23612,N,453.6683,E,27.0,1029.35,0.0,313
2026-05-21 16:08:32,140625.0,5221.2384,N,453.6674,E,27.1,1029.41,0.0,314
2026-05-21 16:08:37,140630.0,5221.24254,N,453.6679,E,27.2,1029.42,0.0,364
2026-05-21 16:08:42,140635.0,5221.24578,N,453.67059,E,27.2,1029.45,0.0,346
2026-05-21 16:08:47,140640.0,5221.24846,N,453.67417,E,27.2,1029.48,0.0,366
2026-05-21 16:08:52,140645.0,5221.24982,N,453.67649,E,27.2,1029.52,0.0,334
2026-05-21 16:08:57,140650.0,5221.25286,N,453.68007,E,27.1,1029.46,0.0,276
2026-05-21 16:09:02,140655.0,5221.2571,N,453.6814,E,27.1,1029.5,0.0,355
2026-05-21 16:09:07,140700.0,5221.2602,N,453.68365,E,27.0,1029.45,0.0,392
2026-05-21 16:09:12,140705.0,5221.26292,N,453.68649,E,27.0,1029.49,0.0,338
2026-05-21 16:09:17,140710.0,5221.26526,N,453.68897,E,27.0,1029.5,0.0,389
2026-05-21 16:09:22,140715.0,5221.26739,N,453.69259,E,27.0,1029.55,0.0,216
2026-05-21 16:09:27,140720.0,5221.27019,N,453.69618,E,27.1,1029.51,0.0,328
2026-05-21 16:09:32,140725.0,5221.27264,N,453.70016,E,27.0,1029.46,0.0,390
2026-05-21 16:09:37,140730.0,5221.27539,N,453.70206,E,27.0,1029.49,0.0,304
2026-05-21 16:09:42,140735.0,5221.27759,N,453.70583,E,26.9,1029.46,0.0,340
2026-05-21 16:09:47,140740.0,5221.28002,N,453.7103,E,27.0,1029.41,0.0,323
2026-05-21 16:09:52,140745.0,5221.28274,N,453.7157,E,27.0,1029.41,0.0,362
2026-05-21 16:09:57,140750.0,5221.28455,N,453.72086,E,26.9,1029.53,0.0,294
2026-05-21 16:10:02,140755.0,5221.28654,N,453.72467,E,26.9,1029.39,0.0,373
2026-05-21 16:10:07,140800.0,5221.28805,N,453.72852,E,26.9,1029.42,0.0,349
2026-05-21 16:10:12,140805.0,5221.28949,N,453.73227,E,27.0,1029.44,0.0,356
2026-05-21 16:10:17,140810.0,5221.29057,N,453.73613,E,27.0,1029.38,0.0,403
2026-05-21 16:10:22,140815.0,5221.29088,N,453.74254,E,27.0,1029.38,0.0,338
2026-05-21 16:10:27,140820.0,5221.29111,N,453.74794,E,27.0,1029.4,0.0,365
2026-05-21 16:10:32,140825.0,5221.29078,N,453.75193,E,27.1,1029.43,0.0,310
2026-05-21 16:10:37,140830.0,5221.29077,N,453.75479,E,27.1,1029.39,0.0,326
2026-05-21 16:10:42,140835.0,5221.29122,N,453.76078,E,27.1,1029.46,0.0,399
2026-05-21 16:10:47,140840.0,5221.29084,N,453.76762,E,27.1,1029.51,0.0,290
2026-05-21 16:10:52,140845.0,5221.29111,N,453.77549,E,27.2,1029.62,0.0,356
2026-05-21 16:10:57,140850.0,5221.29004,N,453.78263,E,27.2,1029.6,0.0,337
2026-05-21 16:11:02,140855.0,5221.28907,N,453.78888,E,27.0,1029.55,-1.0,449
2026-05-21 16:11:07,140900.0,5221.2876,N,453.79394,E,27.1,1029.48,0.0,271
2026-05-21 16:11:12,140905.0,5221.28642,N,453.80006,E,27.1,1029.5,0.0,327
2026-05-21 16:11:17,140910.0,5221.28501,N,453.80484,E,27.1,1029.55,0.0,387
2026-05-21 16:11:22,140915.0,5221.28496,N,453.8104,E,27.0,1029.62,0.0,347
2026-05-21 16:11:27,140920.0,5221.28732,N,453.81533,E,27.1,1029.5,0.0,371
2026-05-21 16:11:32,140925.0,5221.29061,N,453.81862,E,27.1,1029.61,0.0,329
2026-05-21 16:11:37,140930.0,5221.29375,N,453.8206,E,27.0,1029.59,0.0,301
2026-05-21 16:11:42,140935.0,5221.29658,N,453.82273,E,22.2,1029.64,0.0,277
2026-05-21 16:11:47,140940.0,5221.29939,N,453.82533,E,27.0,1029.59,0.0,342
2026-05-21 16:11:52,140945.0,5221.30204,N,453.82833,E,27.1,1029.47,0.0,382
2026-05-21 16:11:57,140950.0,5221.30418,N,453.8315,E,27.1,1029.61,0.0,318
2026-05-21 16:12:02,140955.0,5221.3064,N,453.8346,E,27.1,1029.59,0.0,351
2026-05-21 16:12:07,141000.0,5221.30761,N,453.83819,E,27.1,1029.6,0.0,356
2026-05-21 16:12:12,141005.0,5221.30926,N,453.84367,E,27.1,1029.52,0.0,333
2026-05-21 16:12:17,141010.0,5221.31097,N,453.84887,E,27.1,1029.52,0.0,292
2026-05-21 16:12:22,141015.0,5221.31186,N,453.85314,E,27.1,1029.44,0.0,473
2026-05-21 16:12:27,141020.0,5221.31293,N,453.85697,E,27.1,1029.37,0.0,394
2026-05-21 16:12:32,141025.0,5221.3111,N,453.86022,E,27.1,1029.35,0.0,274
2026-05-21 16:12:37,141030.0,5221.30889,N,453.86446,E,27.1,1029.29,0.0,239
2026-05-21 16:12:42,141035.0,5221.30697,N,453.86844,E,27.2,1029.28,0.0,327
2026-05-21 16:12:47,141040.0,5221.30698,N,453.87342,E,27.2,1029.38,0.0,377
2026-05-21 16:12:52,141045.0,5221.30554,N,453.87703,E,27.2,1029.5,0.0,330
2026-05-21 16:12:57,141050.0,5221.30445,N,453.881,E,27.3,1029.52,0.0,378
2026-05-21 16:13:02,141055.0,5221.30275,N,453.88468,E,27.2,1029.57,0.0,385
2026-05-21 16:13:07,141100.0,5221.30043,N,453.8878,E,27.2,1029.43,0.0,317
2026-05-21 16:13:12,141105.0,5221.2981,N,453.89094,E,27.1,1029.45,0.0,321
2026-05-21 16:13:17,141110.0,5221.29435,N,453.89289,E,27.0,1029.46,0.0,352
2026-05-21 16:13:22,141115.0,5221.29132,N,453.89587,E,27.0,1029.5,0.0,331
2026-05-21 16:13:27,141120.0,5221.28795,N,453.89704,E,26.9,1029.44,0.0,357
2026-05-21 16:13:32,141125.0,5221.28452,N,453.89708,E,27.0,1029.44,0.0,365
2026-05-21 16:13:37,141130.0,5221.28061,N,453.89515,E,27.0,1029.44,0.0,290
2026-05-21 16:13:42,141135.0,5221.27676,N,453.89303,E,27.1,1029.54,0.0,380
2026-05-21 16:13:47,141140.0,5221.27389,N,453.88937,E,27.0,1029.6,0.0,392
2026-05-21 16:13:52,141145.0,5221.27112,N,453.88543,E,26.8,1029.49,0.0,370
2026-05-21 16:13:57,141150.0,5221.26852,N,453.88085,E,26.8,1029.54,0.0,302
2026-05-21 16:14:02,141155.0,5221.2668,N,453.87615,E,26.8,1029.5,0.0,323
2026-05-21 16:14:07,141200.0,5221.26559,N,453.87081,E,26.9,1029.59,0.0,292
2026-05-21 16:14:12,141205.0,5221.26455,N,453.86592,E,26.9,1029.6,0.0,363
2026-05-21 16:14:17,141210.0,5221.26407,N,453.86114,E,26.8,1029.51,0.0,329
2026-05-21 16:14:22,141215.0,5221.26478,N,453.85626,E,26.9,1029.59,0.0,359
2026-05-21 16:14:27,141220.0,5221.26497,N,453.85167,E,26.8,1029.5,0.0,396
2026-05-21 16:14:32,141225.0,5221.2654,N,453.84623,E,26.8,1029.52,0.0,349
2026-05-21 16:14:37,141230.0,5221.26444,N,453.84136,E,26.7,1029.58,0.0,317
2026-05-21 16:14:42,141235.0,5221.26231,N,453.83756,E,26.8,1029.67,0.0,274
2026-05-21 16:14:47,141240.0,5221.25969,N,453.83458,E,26.7,1029.6,0.0,409
2026-05-21 16:14:52,141245.0,5221.25723,N,453.83235,E,26.6,1029.53,0.0,414
2026-05-21 16:14:57,141250.0,5221.25484,N,453.83023,E,26.5,1029.57,0.0,500
2026-05-21 16:15:02,141255.0,5221.25247,N,453.82739,E,26.6,1029.63,0.0,494
2026-05-21 16:15:07,141300.0,5221.25036,N,453.82457,E,26.4,1029.67,0.0,356
2026-05-21 16:15:12,141305.0,5221.2481,N,453.82087,E,26.2,1029.69,0.0,330
2026-05-21 16:15:18,141310.0,5221.24596,N,453.81663,E,26.2,1029.64,0.0,312
2026-05-21 16:15:23,141315.0,5221.2435,N,453.8121,E,26.1,1029.57,0.0,359
2026-05-21 16:15:28,141320.0,5221.24078,N,453.8084,E,26.2,1029.55,0.0,370
2026-05-21 16:15:33,141325.0,5221.2395,N,453.80423,E,26.4,1029.5,0.0,331
2026-05-21 16:15:38,141330.0,5221.23762,N,453.79824,E,26.5,1029.49,0.0,411
2026-05-21 16:15:43,141335.0,5221.23626,N,453.79373,E,26.4,1029.48,0.0,398
2026-05-21 16:15:48,141340.0,5221.23484,N,453.78883,E,26.5,1029.49,0.0,397
2026-05-21 16:15:53,141345.0,5221.23285,N,453.78458,E,26.3,1029.5,0.0,406
2026-05-21 16:15:58,141350.0,5221.22999,N,453.78041,E,26.4,1029.4,0.0,345
2026-05-21 16:16:03,141355.0,5221.22707,N,453.77814,E,26.5,1029.3,0.0,307
2026-05-21 16:16:08,141400.0,5221.22573,N,453.77766,E,26.6,1029.34,0.0,321
2026-05-21 16:16:13,141405.0,5221.2241,N,453.77315,E,26.6,1029.33,0.0,298
2026-05-21 16:16:18,141410.0,5221.22341,N,453.76877,E,26.5,1029.44,0.0,322
2026-05-21 16:16:23,141415.0,5221.22291,N,453.76537,E,26.5,1029.42,0.0,333
2026-05-21 16:16:28,141420.0,5221.22224,N,453.76041,E,26.4,1029.39,0.0,188
2026-05-21 16:16:33,141425.0,5221.22046,N,453.7546,E,26.3,1029.33,0.0,273
2026-05-21 16:16:38,141430.0,5221.21992,N,453.74961,E,26.3,1029.39,0.0,272
2026-05-21 16:16:43,141435.0,5221.21869,N,453.74522,E,26.3,1029.34,0.0,244
2026-05-21 16:16:48,141440.0,5221.21675,N,453.74023,E,26.3,1029.36,0.0,229
2026-05-21 16:16:53,141445.0,5221.21521,N,453.73381,E,26.3,1029.48,0.0,274
2026-05-21 16:16:58,141450.0,5221.21368,N,453.72833,E,26.2,1029.37,0.0,292
2026-05-21 16:17:03,141455.0,5221.21277,N,453.72415,E,26.3,1029.43,0.0,277
2026-05-21 16:17:08,141500.0,5221.21124,N,453.7187,E,26.2,1029.45,0.0,342
2026-05-21 16:17:13,141505.0,5221.21058,N,453.71342,E,26.2,1029.42,0.0,295
2026-05-21 16:17:18,141511.0,5221.20932,N,453.70703,E,26.1,1029.43,0.0,366
2026-05-21 16:17:23,141516.0,5221.20725,N,453.70145,E,26.1,1029.36,0.0,339
2026-05-21 16:17:28,141521.0,5221.20607,N,453.69479,E,26.0,1029.44,0.0,321
2026-05-21 16:17:33,141526.0,5221.20499,N,453.6901,E,25.8,1029.4,0.0,337
2026-05-21 16:17:38,141531.0,5221.2055,N,453.68551,E,25.9,1029.47,0.0,353
2026-05-21 16:17:43,141536.0,5221.20679,N,453.68017,E,26.0,1029.42,0.0,326
2026-05-21 16:17:48,141541.0,5221.208,N,453.67594,E,26.1,1029.43,0.0,323
2026-05-21 16:17:53,141546.0,5221.20983,N,453.67285,E,26.2,1029.36,0.0,355
2026-05-21 16:17:58,141551.0,5221.21254,N,453.66998,E,26.3,1029.4,0.0,342
2026-05-21 16:18:03,141556.0,5221.21453,N,453.66728,E,26.3,1029.44,0.0,334
2026-05-21 16:18:08,141601.0,5221.21646,N,453.66422,E,26.3,1029.33,0.0,400
2026-05-21 16:18:13,141606.0,5221.21937,N,453.66137,E,26.3,1029.39,0.0,318
2026-05-21 16:18:18,141611.0,5221.22233,N,453.65907,E,26.3,1029.31,0.0,427
2026-05-21 16:18:23,141616.0,5221.2252,N,453.65645,E,26.3,1029.4,0.0,490
2026-05-21 16:18:28,141621.0,5221.22763,N,453.65469,E,26.3,1029.43,0.0,314
2026-05-21 16:18:33,141626.0,5221.22933,N,453.65235,E,26.3,1029.43,0.0,280
2026-05-21 16:18:38,141631.0,5221.23117,N,453.65074,E,26.3,1029.41,0.0,356
2026-05-21 16:18:43,141636.0,5221.23207,N,453.64723,E,26.3,1029.38,0.0,325
2026-05-21 16:18:48,141641.0,5221.23125,N,453.64325,E,26.3,1029.29,0.0,328
2026-05-21 16:18:53,141646.0,5221.2323,N,453.63812,E,26.2,1029.35,0.0,296
2026-05-21 16:18:58,141651.0,5221.23204,N,453.63243,E,26.2,1029.4,0.0,417
2026-05-21 16:19:03,141656.0,5221.23115,N,453.627,E,26.2,1029.38,0.0,302
2026-05-21 16:19:08,141701.0,5221.23055,N,453.62139,E,26.2,1029.32,0.0,391
2026-05-21 16:19:13,141706.0,5221.22904,N,453.61505,E,26.2,1029.36,0.0,383
2026-05-21 16:19:18,141711.0,5221.22788,N,453.60839,E,26.2,1029.32,0.0,476
2026-05-21 16:19:23,141716.0,5221.22678,N,453.6025,E,26.2,1029.33,0.0,194
2026-05-21 16:19:28,141721.0,5221.22651,N,453.59669,E,26.2,1029.3,0.0,259
2026-05-21 16:19:33,141726.0,5221.2264,N,453.59203,E,26.2,1029.34,0.0,391
2026-05-21 16:19:38,141731.0,5221.2254,N,453.58707,E,26.2,1029.44,0.0,334
2026-05-21 16:19:43,141736.0,5221.22334,N,453.58157,E,26.2,1029.38,0.0,489
2026-05-21 16:19:48,141741.0,5221.22167,N,453.57625,E,26.3,1029.44,0.0,439
2026-05-21 16:19:53,141746.0,5221.22016,N,453.57177,E,26.3,1029.47,0.0,392
2026-05-21 16:19:58,141751.0,5221.21855,N,453.56754,E,26.3,1029.31,0.0,301
2026-05-21 16:20:03,141756.0,5221.2165,N,453.56253,E,26.4,1029.41,0.0,303
2026-05-21 16:20:08,141801.0,5221.21628,N,453.55699,E,26.3,1029.38,0.0,278
2026-05-21 16:20:13,141806.0,5221.21559,N,453.55086,E,26.3,1029.45,0.0,274
2026-05-21 16:20:18,141811.0,5221.21559,N,453.54548,E,26.3,1029.45,0.0,222
2026-05-21 16:20:23,141816.0,5221.21563,N,453.53976,E,26.3,1029.43,0.0,336
2026-05-21 16:20:28,141821.0,5221.21417,N,453.53369,E,26.3,1029.47,0.0,384
2026-05-21 16:20:33,141826.0,5221.21421,N,453.52888,E,26.3,1029.45,0.0,358
2026-05-21 16:20:38,141831.0,5221.21397,N,453.52457,E,26.3,1029.43,0.0,406
2026-05-21 16:20:43,141836.0,5221.2143,N,453.51997,E,26.2,1029.39,0.0,289
2026-05-21 16:20:48,141841.0,5221.2141,N,453.51602,E,26.3,1029.42,0.0,261
2026-05-21 16:36:27,143420.0,5221.31458,N,453.21322,E,25.9,1029.38,4372.5,673
2026-05-21 16:36:32,143425.0,5221.31509,N,453.21432,E,15.3,315.58,-1.0,73
2026-05-21 16:36:37,143430.0,5221.31661,N,453.21491,E,26.2,1029.53,4779.17,283
2026-05-21 16:36:42,143435.0,5221.31744,N,453.21554,E,26.3,1029.55,4789.17,452
2026-05-21 16:36:47,143440.0,5221.31766,N,453.21525,E,26.4,1029.45,4812.5,194
2026-05-21 16:36:52,143445.0,5221.31772,N,453.21501,E,26.4,1029.42,33182.5,754
2026-05-21 16:37:10,143503.0,5221.31801,N,453.2146,E,26.4,1029.43,4862.5,215
2026-05-21 16:37:15,143508.0,5221.31762,N,453.21366,E,26.4,1029.48,5740.83,89
2026-05-21 16:37:20,143513.0,5221.3174,N,453.21274,E,26.3,1029.46,5559.17,411
2026-05-21 16:37:25,143518.0,5221.31722,N,453.21204,E,26.4,1029.45,6063.33,501
2026-05-21 16:37:46,143523.0,5221.31928,N,453.21253,E,-53.4,65.45,-1.0,816
2026-05-21 16:38:08,143528.0,5221.31823,N,453.21305,E,51.9,552.76,-1.0,352
2026-05-21 16:38:29,143533.0,5221.31805,N,453.21247,E,22.2,2464.26,-1.0,533
2026-05-21 16:38:50,143538.0,5221.31775,N,453.21183,E,87.2,831.34,-1.0,377
2026-05-21 16:39:11,143543.0,5221.31728,N,453.21073,E,165.6,1550.61,-1.0,436
2026-05-21 16:39:33,143548.0,5221.31701,N,453.20965,E,174.8,1637.96,-1.0,443
2026-05-21 16:39:54,143553.0,5221.31641,N,453.2093,E,96.7,912.93,-1.0,384
2026-05-21 16:40:15,143558.0,5221.31692,N,453.21,E,-25.0,138.37,-1.0,311
2026-05-21 16:40:36,143603.0,5221.31717,N,453.20866,E,25.6,375.77,-1.0,79
2026-05-21 16:40:58,143608.0,5221.3162,N,453.20715,E,246.0,2248.69,6063.33,754
2026-05-21 16:41:19,143613.0,5221.31513,N,453.20418,E,-126.6,1773.14,-1.0,809
2026-05-21 16:41:40,143618.0,5221.31392,N,453.20228,E,17.3,2426.58,-1.0,276
2026-05-21 16:42:01,143623.0,5221.31335,N,453.20144,E,33.8,2551.65,-1.0,791
2026-05-21 16:42:23,143628.0,5221.31288,N,453.20032,E,128.8,1202.19,-1.0,152
2026-05-21 16:42:44,143633.0,5221.31221,N,453.19944,E,246.0,2248.69,-1.0,754
2026-05-21 16:43:05,143638.0,5221.31026,N,453.19748,E,221.5,2075.33,-1.0,479
2026-05-21 16:43:26,143643.0,5221.31184,N,453.19153,E,-4.3,217.15,6063.33,319
2026-05-21 16:43:48,143648.0,5221.31128,N,453.19151,E,135.5,1264.03,-1.0,925
2026-05-21 16:44:09,143653.0,5221.31205,N,453.19443,E,45.9,510.24,-1.0,348
2026-05-21 16:44:30,143658.0,5221.3125,N,453.19968,E,-28.1,128.34,-1.0,310
2026-05-21 16:44:52,143703.0,5221.31247,N,453.20075,E,99.4,936.51,-1.0,386
2026-05-21 16:45:13,143708.0,5221.31257,N,453.20005,E,-48.2,76.38,-1.0,305
2026-05-21 16:45:34,143713.0,5221.31239,N,453.19807,E,142.0,1325.92,-1.0,162
2026-05-21 16:45:55,143718.0,5221.31197,N,453.19726,E,85.8,819.75,-1.0,120
2026-05-21 16:46:17,143723.0,5221.31159,N,453.19983,E,-7.6,2224.44,-1.0,525
2026-05-21 16:46:38,143728.0,5221.31132,N,453.19899,E,102.1,960.22,-1.0,388
2026-05-21 16:46:59,143733.0,5221.31264,N,453.20359,E,-74.0,30.03,-1.0,301
2026-05-21 16:47:20,143738.0,5221.31297,N,453.20337,E,-30.9,2060.13,-1.0,259
2026-05-21 16:47:42,143743.0,5221.31472,N,453.20295,E,251.1,2291.58,-1.0,246
2026-05-21 16:48:03,143748.0,5221.31731,N,453.20051,E,224.0,2098.42,-1.0,225
2026-05-21 16:48:24,143753.0,5221.31997,N,453.19798,E,217.6,2040.12,-1.0,220
2026-05-21 16:48:45,143758.0,5221.32307,N,453.19609,E,225.3,2110.16,-1.0,226
2026-05-21 16:49:07,143803.0,5221.32625,N,453.19525,E,227.9,2133.15,-1.0,228
2026-05-21 16:49:28,143808.0,5221.33088,N,453.19347,E,258.8,6998.51,-1.0,252
2026-05-21 16:49:49,143813.0,5221.33416,N,453.19291,E,-15.5,2156.46,-1.0,266
2026-05-21 16:50:10,143818.0,5221.33711,N,453.19281,E,177.4,1662.82,-1.0,189
2026-05-21 16:50:32,143823.0,5221.34024,N,453.19396,E,208.5,1956.92,-1.0,213
2026-05-21 16:50:53,143828.0,5221.3429,N,453.19564,E,204.6,1920.83,-1.0,210
2026-05-21 16:51:14,143833.0,5221.34455,N,453.19502,E,226.6,2121.65,-1.0,227
2026-05-21 16:51:35,143838.0,5221.34473,N,453.19459,E,50.4,542.06,-1.0,95
2026-05-21 16:51:57,143843.0,5221.34501,N,453.19481,E,44.4,499.65,-1.0,91
2026-05-21 16:52:18,143848.0,5221.3464,N,453.1955,E,-36.7,2007.53,-1.0,768
2026-05-21 16:52:39,143853.0,5221.34886,N,453.19512,E,-6.5,207.43,-1.0,830
2026-05-21 16:53:01,143858.0,5221.35124,N,453.19492,E,178.7,1675.4,-1.0,702
2026-05-21 16:53:22,143903.0,5221.35336,N,453.19409,E,98.1,924.76,-1.0,641
2026-05-21 16:53:43,143908.0,5221.3548,N,453.19329,E,112.9,1056.02,-1.0,652
2026-05-21 16:54:04,143913.0,5221.35642,N,453.19179,E,198.2,1860.25,-1.0,461
2026-05-21 16:54:26,143918.0,5221.3585,N,453.18992,E,163.0,1525.65,-1.0,434
2026-05-21 16:54:47,143923.0,5221.36114,N,453.1888,E,186.5,1749.71,-1.0,452
2026-05-21 16:55:08,143928.0,5221.36431,N,453.18869,E,132.8,1239.18,-1.0,411
2026-05-21 16:55:29,143933.0,5221.36898,N,453.19866,E,76.1,739.91,-1.0,369
2026-05-21 16:55:51,143938.0,5221.37152,N,453.20351,E,89.9,854.5,-1.0,379
2026-05-21 16:56:12,143943.0,5221.37529,N,453.2039,E,-48.2,76.38,-1.0,305
2026-05-21 16:56:33,143948.0,5221.37886,N,453.20399,E,-6.6,207.35,-1.0,318
2026-05-21 16:56:54,143953.0,5221.38162,N,453.20226,E,33.6,426.84,-1.0,340
2026-05-21 16:57:16,143958.0,5221.3834,N,453.20136,E,-151.5,1643.3,-1.0,296
2026-05-21 16:57:37,144003.0,5221.38672,N,453.19863,E,-31.6,118.21,-1.0,309
2026-05-21 16:57:58,144008.0,5221.39055,N,453.19594,E,-151.5,1643.3,-1.0,296
2026-05-21 16:58:19,144013.0,5221.39438,N,453.19497,E,85.7,24.82,-1.0,284
2026-05-21 16:58:41,144018.0,5221.39899,N,453.19659,E,-4.3,217.15,-1.0,319
2026-05-21 16:59:02,144023.0,5221.40308,N,453.19871,E,0.0,236.75,-1.0,321
2026-05-21 16:59:23,144028.0,5221.40632,N,453.20226,E,227.9,2133.15,-1.0,228
2026-05-21 16:59:44,144033.0,5221.40949,N,453.20504,E,-21.9,148.33,-1.0,312
2026-05-21 17:00:06,144038.0,5221.41301,N,453.206,E,253.7,2312.78,-1.0,248
2026-05-21 17:00:27,144043.0,5221.41588,N,453.20605,E,-26.8,2097.07,-1.0,261
2026-05-21 17:00:48,144048.0,5221.41984,N,453.20679,E,136.8,1276.25,-1.0,158
2026-05-21 17:01:10,144053.0,5221.423,N,453.20484,E,189.1,1774.38,-1.0,198
2026-05-21 17:01:31,144058.0,5221.42591,N,453.2036,E,148.6,1388.13,-1.0,167
2026-05-21 17:01:52,144103.0,5221.42905,N,453.20238,E,193.0,1811.23,-1.0,201
2026-05-21 17:02:13,144108.0,5221.43202,N,453.20075,E,166.9,1563.02,-1.0,181
2026-05-21 17:02:35,144113.0,5221.43492,N,453.19846,E,199.5,1872.38,-1.0,206
2026-05-21 17:02:56,144118.0,5221.43829,N,453.19975,E,195.6,1835.75,-1.0,203
2026-05-21 17:03:17,144123.0,5221.44204,N,453.20397,E,185.2,1737.28,-1.0,195
2026-05-21 17:03:38,144128.0,5221.4455,N,453.20454,E,234.4,2149.15,-1.0,233
2026-05-21 17:04:00,144133.0,5221.44877,N,453.20513,E,235.6,2160.35,-1.0,234
2026-05-21 17:04:21,144138.0,5221.45281,N,453.20558,E,211.1,1980.79,-1.0,215
2026-05-21 17:04:42,144143.0,5221.45609,N,453.20606,E,253.7,2312.78,-1.0,248
2026-05-21 17:05:03,144148.0,5221.45971,N,453.20433,E,222.7,2086.85,-1.0,224
2026-05-21 17:05:25,144153.0,5221.46305,N,453.2025,E,-26.8,2097.07,-1.0,261
2026-05-21 17:05:46,144158.0,5221.4675,N,453.1999,E,220.2,2063.59,-1.0,222
2026-05-21 17:06:07,144203.0,5221.47106,N,453.1991,E,217.6,2040.12,-1.0,220
2026-05-21 17:06:28,144208.0,5221.47499,N,453.19841,E,260.1,7027.52,-1.0,253
2026-05-21 17:06:50,144213.0,5221.47765,N,453.19778,E,257.5,6968.63,-1.0,251
2026-05-21 17:07:11,144218.0,5221.48016,N,453.19631,E,-20.2,2155.61,-1.0,264
2026-05-21 17:07:32,144223.0,5221.48216,N,453.19452,E,233.1,2137.72,-1.0,232
2026-05-21 17:07:54,144228.0,5221.48537,N,453.19375,E,-28.1,128.34,-1.0,310
2026-05-21 17:08:15,144233.0,5221.48755,N,453.19117,E,256.3,6938.74,-1.0,250
2026-05-21 17:08:36,144238.0,5221.49066,N,453.19016,E,255.0,6908.04,-1.0,249
2026-05-21 17:08:57,144243.0,5221.49539,N,453.18901,E,-4.7,2248.79,-1.0,270
2026-05-21 17:09:19,144248.0,5221.49913,N,453.19039,E,242.1,2215.91,-1.0,239
2026-05-21 17:09:40,144253.0,5221.50289,N,453.19052,E,248.5,2270.27,-1.0,244
2026-05-21 17:10:01,144258.0,5221.50712,N,453.19219,E,216.3,2028.29,-1.0,219
2026-05-21 17:10:22,144303.0,5221.51107,N,453.19221,E,202.0,1896.67,-1.0,208
2026-05-21 17:10:44,144308.0,5221.51429,N,453.19201,E,227.9,2133.15,-1.0,228
2026-05-21 17:11:05,144313.0,5221.5179,N,453.19306,E,221.5,2075.29,-1.0,223
2026-05-21 17:11:26,144318.0,5221.52205,N,453.19415,E,230.5,2156.05,-1.0,230
2026-05-21 17:11:47,144323.0,5221.5245,N,453.19546,E,235.6,2160.35,-1.0,234
2026-05-21 17:12:09,144329.0,5221.52954,N,453.19787,E,226.6,2121.65,-1.0,227
2026-05-21 17:12:30,144334.0,5221.53215,N,453.19943,E,47.4,520.81,-1.0,349
2026-05-21 17:12:51,144339.0,5221.53427,N,453.20115,E,-31.6,118.21,-1.0,309
2026-05-21 17:13:12,144344.0,5221.5379,N,453.2035,E,-34.8,2024.73,-1.0,257
2026-05-21 17:13:34,144349.0,5221.5413,N,453.20491,E,-10.3,2200.85,-1.0,268
2026-05-21 17:13:55,144354.0,5221.54432,N,453.20535,E,251.1,2291.58,-1.0,246
2026-05-21 17:14:16,144359.0,5221.54715,N,453.20518,E,-20.2,2155.61,-1.0,264
2026-05-21 17:14:38,144404.0,5221.55085,N,453.20597,E,-662.5,939.21,-1.0,292
2026-05-21 17:14:59,144409.0,5221.55558,N,453.20829,E,-53.5,65.39,-1.0,304
2026-05-21 17:15:20,144414.0,5221.55979,N,453.21086,E,221.5,2075.29,-1.0,223
2026-05-21 17:15:41,144419.0,5221.56383,N,453.21223,E,70.6,6.38,-1.0,283
2026-05-21 17:16:03,144424.0,5221.56755,N,453.21457,E,244.7,2237.68,-1.0,241
2026-05-21 17:16:24,144429.0,5221.57127,N,453.21578,E,27.6,2505.51,-1.0,278
2026-05-21 17:16:45,144434.0,5221.57556,N,453.21733,E,-74.0,30.03,-1.0,301
2026-05-21 17:17:06,144439.0,5221.57788,N,453.21918,E,-7.6,2224.4,-1.0,269
2026-05-21 17:17:28,144444.0,5221.5809,N,453.22044,E,-53.5,65.39,-1.0,304
2026-05-21 17:17:49,144449.0,5221.58357,N,453.22243,E,-12.9,2178.25,-1.0,267
2026-05-21 17:18:10,144454.0,5221.58697,N,453.22047,E,-1.6,2274.37,-1.0,271
2026-05-21 17:18:31,144459.0,5221.59107,N,453.21875,E,-28.1,128.34,-1.0,310
2026-05-21 17:18:53,144504.0,5221.59445,N,453.21476,E,8.9,2359.72,-1.0,274
2026-05-21 17:19:14,144509.0,5221.59614,N,453.21101,E,209.8,1968.87,-1.0,214
2026-05-21 17:19:35,144514.0,5221.59577,N,453.20704,E,-17.9,2135.15,-1.0,265
2026-05-21 17:19:56,144519.0,5221.59346,N,453.20464,E,-36.7,2007.37,-1.0,256
2026-05-21 17:20:18,144524.0,5221.59057,N,453.20169,E,211.1,1980.79,-1.0,215
2026-05-21 17:20:39,144529.0,5221.58817,N,453.19902,E,-35.2,108.0,-1.0,308
2026-05-21 17:21:00,144534.0,5221.5872,N,453.19801,E,-662.5,939.21,-1.0,292
2026-05-21 17:21:21,144539.0,5221.58422,N,453.19645,E,-12.9,2178.25,-1.0,267
2026-05-21 17:21:43,144544.0,5221.58103,N,453.1957,E,-15.5,2156.46,-1.0,266
2026-05-21 17:22:04,144549.0,5221.57742,N,453.19508,E,243.4,2226.85,-1.0,240
2026-05-21 17:22:25,144554.0,5221.5733,N,453.19495,E,-83.3,17.01,-1.0,300
2026-05-21 17:22:47,144559.0,5221.56972,N,453.19491,E,8.9,2359.72,-1.0,274
2026-05-21 17:23:08,144604.0,5221.56621,N,453.19514,E,170.9,1600.55,-1.0,184
2026-05-21 17:23:29,144609.0,5221.56277,N,453.19463,E,22.2,2464.06,-1.0,277
2026-05-21 17:23:50,144614.0,5221.55923,N,453.19461,E,-53.5,65.39,-1.0,304
2026-05-21 17:24:12,144619.0,5221.55578,N,453.19417,E,33.8,2551.23,-1.0,279
2026-05-21 17:24:33,144624.0,5221.55226,N,453.19376,E,12.9,2391.93,-1.0,275
2026-05-21 17:24:54,144629.0,5221.54861,N,453.19314,E,85.7,24.82,-1.0,284
2026-05-21 17:25:15,144634.0,5221.54492,N,453.19315,E,49.0,2661.51,-1.0,281
2026-05-21 17:25:37,144639.0,5221.54119,N,453.19283,E,58.7,2729.78,-1.0,282
2026-05-21 17:25:58,144644.0,5221.53756,N,453.19261,E,58.7,2729.78,-1.0,282
2026-05-21 17:26:19,144649.0,5221.53388,N,453.1923,E,132.6,74.0,-1.0,286
2026-05-21 17:26:40,144654.0,5221.53037,N,453.19189,E,-246.2,1667.66,-1.0,294
2026-05-21 17:27:02,144659.0,5221.52701,N,453.19136,E,255.0,6908.04,-1.0,249
2026-05-21 17:27:23,144704.0,5221.52391,N,453.19041,E,132.6,74.0,-1.0,286
2026-05-21 17:27:44,144709.0,5221.52114,N,453.18801,E,-17.9,2135.15,-1.0,265
2026-05-21 17:28:05,144714.0,5221.51949,N,453.18666,E,13.5,305.68,-1.0,328
2026-05-21 17:28:27,144719.0,5221.51968,N,453.18642,E,-19.1,158.25,-1.0,313
2026-05-21 17:28:48,144724.0,5221.51966,N,453.18594,E,-74.0,30.03,-1.0,301
2026-05-21 17:29:09,144729.0,5221.51974,N,453.18526,E,847.3,184.46,-1.0,290
2026-05-21 17:29:30,144734.0,5221.51996,N,453.18478,E,-662.5,939.21,-1.0,292
2026-05-21 17:29:52,144739.0,5221.52034,N,453.18037,E,173.6,108.94,-1.0,287
2026-05-21 17:30:13,144744.0,5221.52114,N,453.17494,E,193.0,1811.23,-1.0,201
2026-05-21 17:30:34,144749.0,5221.52356,N,453.1711,E,-28.9,2078.47,-1.0,260
2026-05-21 17:30:56,144754.0,5221.52499,N,453.16774,E,242.1,2215.91,-1.0,239
2026-05-21 17:31:17,144759.0,5221.52474,N,453.16414,E,-20.2,2155.61,-1.0,264
2026-05-21 17:31:38,144804.0,5221.52452,N,453.15972,E,85.7,24.82,-1.0,284
2026-05-21 17:31:59,144809.0,5221.52537,N,453.15447,E,38.3,457.84,-1.0,343
2026-05-21 17:32:21,144814.0,5221.52602,N,453.14873,E,249.8,2280.93,-1.0,245
2026-05-21 17:32:42,144819.0,5221.52698,N,453.14358,E,226.6,2121.65,-1.0,227
2026-05-21 17:33:03,144824.0,5221.52817,N,453.13847,E,261.4,7056.52,-1.0,254
2026-05-21 17:33:24,144829.0,5221.52984,N,453.13307,E,-15.5,2156.46,-1.0,266
2026-05-21 17:33:46,144834.0,5221.53031,N,453.12705,E,258.8,6998.51,-1.0,252
2026-05-21 17:34:07,144839.0,5221.53102,N,453.12121,E,-36.7,2007.37,-1.0,256
2026-05-21 17:34:28,144844.0,5221.53221,N,453.11684,E,-1.6,2274.37,-1.0,271
2026-05-21 17:34:49,144849.0,5221.53349,N,453.1122,E,12.9,2391.93,-1.0,275
2026-05-21 17:35:11,144854.0,5221.5346,N,453.10641,E,17.3,2426.58,-1.0,276
2026-05-21 17:35:32,144859.0,5221.53528,N,453.09943,E,-83.3,17.01,-1.0,300
2026-05-21 17:35:53,144904.0,5221.53622,N,453.09328,E,-10.3,2200.85,-1.0,268
2026-05-21 17:36:14,144909.0,5221.53615,N,453.08792,E,-12.9,2178.25,-1.0,267
2026-05-21 17:36:36,144914.0,5221.53856,N,453.08427,E,5.1,2329.64,-1.0,273
2026-05-21 17:36:57,144919.0,5221.5404,N,453.07917,E,-24.7,2116.09,-1.0,262
2026-05-21 17:37:18,144924.0,5221.54144,N,453.07386,E,-357.8,1393.22,-1.0,293
2026-05-21 17:37:40,144929.0,5221.54348,N,453.06908,E,40.8,2602.54,-1.0,280
2026-05-21 17:38:01,144934.0,5221.545,N,453.06391,E,-126.8,1772.03,-1.0,297
2026-05-21 17:38:22,144939.0,5221.54511,N,453.05785,E,132.6,74.0,-1.0,286
2026-05-21 17:38:43,144944.0,5221.54232,N,453.05167,E,847.3,184.46,-1.0,290
2026-05-21 17:39:05,144949.0,5221.53837,N,453.04762,E,-83.3,17.01,-1.0,300
2026-05-21 17:39:26,144954.0,5221.53487,N,453.04561,E,-1.6,2274.37,-1.0,271
2026-05-21 17:39:47,144959.0,5221.53174,N,453.04292,E,-5401.4,2123.19,-1.0,291
2026-05-21 17:40:08,145004.0,5221.52862,N,453.03935,E,22.2,2464.06,-1.0,277
2026-05-21 17:40:30,145009.0,5221.52551,N,453.03549,E,-151.5,1643.3,-1.0,296
2026-05-21 17:40:51,145014.0,5221.52247,N,453.03104,E,-246.2,1667.66,-1.0,294
2026-05-21 17:41:12,145019.0,5221.51964,N,453.02728,E,-8.9,197.55,-1.0,317
2026-05-21 17:41:33,145024.0,5221.51694,N,453.02352,E,-126.8,1772.03,-1.0,297
2026-05-21 17:41:55,145029.0,5221.51426,N,453.01986,E,-187.6,1472.77,-1.0,295
2026-05-21 17:42:16,145034.0,5221.51153,N,453.01669,E,-5401.4,2123.19,-1.0,291
2026-05-21 17:42:37,145039.0,5221.50841,N,453.01275,E,-21.9,148.33,-1.0,312
2026-05-21 17:42:58,145044.0,5221.50588,N,453.00938,E,58.7,2729.78,-1.0,282
2026-05-21 17:43:20,145049.0,5221.50298,N,453.00569,E,-16.4,168.11,-1.0,314
2026-05-21 17:43:41,145054.0,5221.50006,N,453.00291,E,-357.8,1393.22,-1.0,293
2026-05-21 17:44:02,145059.0,5221.49802,N,452.99874,E,103.5,972.09,-1.0,389
2026-05-21 17:44:24,145104.0,5221.49663,N,452.99366,E,-74.0,30.03,-1.0,301
2026-05-21 17:44:45,145109.0,5221.49578,N,452.98809,E,241.9,150.54,-1.0,288
2026-05-21 17:45:06,145114.0,5221.49476,N,452.98255,E,-30.9,2060.13,-1.0,259
2026-05-21 17:45:27,145119.0,5221.49525,N,452.97751,E,27.6,2505.51,-1.0,278
2026-05-21 17:45:49,145124.0,5221.49687,N,452.97222,E,-30.9,2060.13,-1.0,259
2026-05-21 17:46:10,145129.0,5221.49892,N,452.96794,E,-662.5,939.21,-1.0,292
2026-05-21 17:46:31,145134.0,5221.50078,N,452.96372,E,1.7,2301.35,-1.0,272
2026-05-21 17:46:52,145139.0,5221.50187,N,452.95864,E,-6.6,207.35,-1.0,318
2026-05-21 17:47:14,145144.0,5221.50207,N,452.95305,E,-66.2,42.31,-1.0,302
2026-05-21 17:47:35,145149.0,5221.50029,N,452.94732,E,11.7,295.78,-1.0,327
2026-05-21 17:47:56,145154.0,5221.49819,N,452.9441,E,-15.5,2156.46,-1.0,266
2026-05-21 17:48:17,145159.0,5221.49566,N,452.94146,E,-126.8,1772.03,-1.0,297
2026-05-21 17:48:39,145204.0,5221.49283,N,452.93856,E,5.1,2329.64,-1.0,273
2026-05-21 17:49:00,145209.0,5221.49075,N,452.93488,E,-30.9,2060.13,-1.0,259
2026-05-21 17:49:21,145214.0,5221.48855,N,452.93286,E,847.3,184.46,-1.0,290
2026-05-21 17:49:42,145219.0,5221.48748,N,452.9328,E,15.3,315.62,-1.0,329
2026-05-21 17:50:04,145224.0,5221.48655,N,452.93123,E,70.6,6.38,-1.0,283
2026-05-21 17:50:25,145229.0,5221.48418,N,452.92765,E,-5401.4,2123.19,-1.0,291
2026-05-21 17:50:46,145234.0,5221.48157,N,452.92435,E,9.8,285.88,-1.0,326
2026-05-21 17:51:07,145239.0,5221.47875,N,452.92138,E,-6.6,207.35,-1.0,318
2026-05-21 17:51:29,145244.0,5221.47594,N,452.91817,E,-16.4,168.11,-1.0,314
2026-05-21 17:51:50,145249.0,5221.47312,N,452.91483,E,241.9,150.54,-1.0,288
2026-05-21 17:52:11,145254.0,5221.47052,N,452.91176,E,12.9,2391.93,-1.0,275
2026-05-21 17:52:33,145259.0,5221.46779,N,452.90866,E,-83.3,17.01,-1.0,300
2026-05-21 17:52:54,145304.0,5221.4646,N,452.90537,E,231.8,2126.36,-1.0,231
2026-05-21 17:53:15,145309.0,5221.46202,N,452.90218,E,-20.2,2155.61,-1.0,264
2026-05-21 17:53:36,145314.0,5221.45922,N,452.89872,E,252.4,2302.24,-1.0,247
2026-05-21 17:53:58,145319.0,5221.45648,N,452.89517,E,-48.2,76.38,-1.0,305
2026-05-21 17:54:19,145324.0,5221.45372,N,452.89193,E,-34.8,2024.73,-1.0,257
2026-05-21 17:54:40,145329.0,5221.451,N,452.88876,E,27.6,2505.51,-1.0,278
2026-05-21 17:55:01,145334.0,5221.44823,N,452.88589,E,253.7,2312.78,-1.0,248
2026-05-21 17:55:23,145339.0,5221.44554,N,452.88258,E,-34.8,2024.73,-1.0,257
2026-05-21 17:55:44,145344.0,5221.44281,N,452.87953,E,5.1,2329.64,-1.0,273
2026-05-21 17:56:05,145349.0,5221.44011,N,452.87617,E,-83.3,17.01,-1.0,300
2026-05-21 17:56:26,145354.0,5221.43749,N,452.87289,E,-28.9,2078.47,-1.0,260
2026-05-21 17:56:48,145359.0,5221.4346,N,452.86941,E,-17.9,2135.15,-1.0,265
2026-05-21 17:57:09,145404.0,5221.43204,N,452.86629,E,60.6,617.68,-1.0,358
2026-05-21 17:57:30,145409.0,5221.42936,N,452.86289,E,260.1,7027.52,-1.0,253
2026-05-21 17:57:51,145415.0,5221.42603,N,452.85924,E,27.6,2505.51,-1.0,278
2026-05-21 17:58:13,145420.0,5221.42332,N,452.85611,E,-151.5,1643.3,-1.0,296
2026-05-21 17:58:34,145425.0,5221.42064,N,452.85274,E,-2.1,226.92,-1.0,320
2026-05-21 17:58:55,145430.0,5221.41801,N,452.84953,E,-2.1,226.92,-1.0,320
2026-05-21 17:59:16,145435.0,5221.41534,N,452.8461,E,-21.9,148.33,-1.0,312
2026-05-21 17:59:38,145440.0,5221.4125,N,452.84351,E,195.6,1835.75,-1.0,203
2026-05-21 17:59:59,145445.0,5221.41,N,452.84001,E,253.7,2312.78,-1.0,248
2026-05-21 18:00:20,145450.0,5221.40761,N,452.83686,E,-20.2,2155.61,-1.0,264
2026-05-21 18:00:42,145455.0,5221.40507,N,452.83461,E,262.7,7085.31,-1.0,255
2026-05-21 18:01:03,145500.0,5221.4025,N,452.83133,E,-15.5,2156.46,-1.0,266
2026-05-21 18:01:24,145505.0,5221.39986,N,452.82829,E,257.5,6968.63,-1.0,251
2026-05-21 18:01:45,145510.0,5221.39725,N,452.82549,E,33.8,2551.23,-1.0,279
2026-05-21 18:02:07,145515.0,5221.39468,N,452.82234,E,49.0,2661.51,-1.0,281
2026-05-21 18:02:28,145520.0,5221.39293,N,452.81826,E,-17.9,2135.15,-1.0,265
2026-05-21 18:02:49,145525.0,5221.3921,N,452.81387,E,-31.6,118.21,-1.0,309
2026-05-21 18:03:10,145530.0,5221.39152,N,452.80938,E,-108.5,1873.93,-1.0,298
2026-05-21 18:03:32,145535.0,5221.39104,N,452.80387,E,27.6,2505.51,-1.0,278
2026-05-21 18:03:53,145540.0,5221.39322,N,452.80055,E,-151.5,1643.3,-1.0,296
2026-05-21 18:04:14,145545.0,5221.39575,N,452.79814,E,-24.7,2116.09,-1.0,262
2026-05-21 18:04:35,145550.0,5221.39846,N,452.79649,E,58.7,2729.78,-1.0,282
2026-05-21 18:04:57,145555.0,5221.40103,N,452.79466,E,54.8,574.28,-1.0,354
2026-05-21 18:05:18,145600.0,5221.40318,N,452.79357,E,53.3,563.51,-1.0,353
2026-05-21 18:05:39,145605.0,5221.40519,N,452.79413,E,-12.9,2178.25,-1.0,267
2026-05-21 18:06:00,145610.0,5221.4072,N,452.79389,E,105.5,46.87,-1.0,541
2026-05-21 18:06:22,145615.0,5221.40719,N,452.79362,E,242.1,2215.95,-1.0,495
2026-05-21 18:06:43,160435.0,,,,,,,,157
2026-05-21 18:07:02,160455.0,,,,,,,,286
2026-05-21 18:07:07,160459.0,,,,,,,,237
2026-05-21 18:26:36,162429.0,,,,,,,,219
2026-05-21 18:26:41,162434.0,,,,,,,,371
2026-05-21 18:26:46,162439.0,,,,,,,,344
2026-05-21 18:27:13,162505.0,,,,,,,,261
2026-05-21 18:27:18,162510.0,,,,,,,,432
2026-05-21 18:27:23,162515.0,,,,,,,,404
2026-05-21 18:27:28,162520.0,,,,,,,,402
2026-05-21 18:27:33,162525.0,,,,,,,,394
2026-05-21 18:27:38,162530.0,,,,,,,,837
2026-05-21 18:27:43,162535.0,,,,,,,,385
2026-05-21 18:27:48,162540.0,,,,,,,,419
2026-05-21 18:27:53,162545.0,,,,,,,,415
2026-05-21 18:27:58,162550.0,,,,,,,,404
2026-05-21 18:28:03,162555.0,,,,,,,,404
2026-05-21 18:28:08,162600.0,,,,,,,,399
2026-05-21 18:28:13,162605.0,,,,,,,,282
2026-05-21 18:28:18,162610.0,,,,,,,,348
2026-05-21 18:28:23,162615.0,,,,,,,,377
2026-05-21 18:28:28,162621.0,,,,,,,,388
2026-05-21 18:28:33,162626.0,,,,,,,,397
2026-05-21 18:28:38,162631.0,,,,,,,,406
2026-05-21 18:28:43,162635.0,,,,,,,,409
2026-05-21 18:28:48,162641.0,,,,,,,,412
2026-05-21 18:28:53,162646.0,,,,,,,,412
2026-05-21 18:28:58,162651.0,,,,,,,,413
2026-05-21 18:29:03,162656.0,,,,,,,,413
2026-05-21 18:29:08,162701.0,,,,,,,,409
2026-05-21 18:29:13,162705.0,,,,,,,,412
2026-05-21 18:29:18,162711.0,,,,,,,,412
2026-05-21 18:29:23,162716.0,,,,,,,,488
2026-05-21 18:29:28,162721.0,,,,,,,,442
2026-05-21 18:29:33,162726.0,,,,,,,,458
2026-05-21 18:29:38,162731.0,,,,,,,,444
2026-05-21 18:29:43,162735.0,,,,,,,,608
2026-05-21 18:29:48,162741.0,,,,,,,,553
2026-05-21 18:29:53,162746.0,,,,,,,,521
2026-05-21 18:29:58,162751.0,,,,,,,,478
2026-05-21 18:30:03,162756.0,,,,,,,,543
2026-05-21 18:30:08,162801.0,,,,,,,,536
2026-05-21 18:30:13,162806.0,,,,,,,,510
2026-05-21 18:30:18,162811.0,,,,,,,,491
2026-05-21 18:30:23,162816.0,,,,,,,,482
2026-05-21 18:30:28,162821.0,,,,,,,,473
2026-05-21 18:30:33,162826.0,,,,,,,,463
2026-05-21 18:30:38,162831.0,,,,,,,,457
2026-05-21 18:30:43,162836.0,,,,,,,,453
2026-05-21 18:30:48,162841.0,,,,,,,,450
2026-05-21 18:30:53,162846.0,,,,,,,,443
2026-05-21 18:30:58,162851.0,,,,,,,,439
2026-05-21 18:31:03,162856.0,,,,,,,,439
2026-05-21 18:31:08,162901.0,,,,,,,,435
2026-05-21 18:31:13,162906.0,,,,,,,,430
2026-05-21 18:31:18,162911.0,,,,,,,,427
2026-05-21 18:31:23,162916.0,,,,,,,,428
2026-05-21 18:31:28,162921.0,,,,,,,,421
2026-05-21 18:31:33,162926.0,,,,,,,,426
2026-05-21 18:31:38,162931.0,,,,,,,,426
2026-05-21 18:31:43,162936.0,,,,,,,,420
2026-05-21 18:31:48,162941.0,,,,,,,,421
2026-05-21 18:31:53,162946.0,,,,,,,,416
2026-05-21 18:31:58,162951.0,,,,,,,,415
2026-05-21 18:32:03,162956.0,,,,,,,,413
2026-05-21 18:32:08,163001.0,,,,,,,,411
2026-05-21 18:32:13,163006.0,,,,,,,,410
2026-05-21 18:32:18,163011.0,,,,,,,,410
2026-05-21 18:32:23,163016.0,,,,,,,,409
2026-05-21 18:32:28,163021.0,,,,,,,,410
2026-05-21 18:32:33,163026.0,,,,,,,,407
2026-05-21 18:32:38,163031.0,,,,,,,,407
2026-05-21 18:32:43,163036.0,,,,,,,,405
2026-05-21 18:32:48,163041.0,,,,,,,,405
2026-05-21 18:32:53,163046.0,,,,,,,,405
2026-05-21 18:32:58,163051.0,,,,,,,,404
2026-05-21 18:33:03,163056.0,,,,,,,,404
2026-05-21 18:33:08,163101.0,,,,,,,,403
2026-05-21 18:33:13,163106.0,,,,,,,,404
2026-05-21 18:33:18,163111.0,,,,,,,,402
2026-05-21 18:33:23,163116.0,,,,,,,,402
2026-05-21 18:33:28,163121.0,,,,,,,,402
2026-05-21 18:33:33,163126.0,,,,,,,,401
2026-05-21 18:33:38,163131.0,,,,,,,,401
2026-05-21 18:33:43,163136.0,,,,,,,,400
2026-05-21 18:33:48,163141.0,,,,,,,,401
2026-05-21 18:33:53,163146.0,,,,,,,,400
2026-05-21 18:33:58,163151.0,,,,,,,,400
2026-05-21 18:34:03,163156.0,,,,,,,,400
2026-05-21 18:34:08,163201.0,,,,,,,,399
2026-05-21 18:34:13,163206.0,,,,,,,,400
2026-05-21 18:34:18,163211.0,,,,,,,,399
2026-05-21 18:34:23,163216.0,,,,,,,,417
2026-05-21 18:34:28,163221.0,,,,,,,,455
2026-05-21 18:34:33,163226.0,,,,,,,,436
2026-05-21 18:34:38,163231.0,,,,,,,,498
2026-05-21 18:34:43,163236.0,,,,,,,,473
2026-05-21 18:34:48,163241.0,,,,,,,,457
2026-05-21 18:34:53,163246.0,,,,,,,,448
2026-05-21 18:34:58,163251.0,,,,,,,,441
2026-05-21 18:35:03,163256.0,,,,,,,,434
2026-05-21 18:35:08,163301.0,,,,,,,,427
2026-05-21 18:35:13,163306.0,,,,,,,,423
2026-05-21 18:35:18,163311.0,,,,,,,,418
2026-05-21 18:35:23,163316.0,,,,,,,,415
2026-05-21 18:35:28,163321.0,,,,,,,,412
2026-05-21 18:35:33,163326.0,,,,,,,,408
2026-05-21 18:35:38,163331.0,,,,,,,,406
2026-05-21 18:35:43,163336.0,,,,,,,,403
2026-05-21 18:35:48,163341.0,,,,,,,,401
2026-05-21 18:35:53,163346.0,,,,,,,,400
2026-05-21 18:35:58,163351.0,,,,,,,,398
2026-05-21 18:36:03,163356.0,,,,,,,,397
2026-05-21 18:36:08,163401.0,,,,,,,,396
2026-05-21 18:36:13,163406.0,,,,,,,,395
2026-05-21 18:36:18,163411.0,,,,,,,,400
2026-05-21 18:36:23,163416.0,,,,,,,,393
2026-05-21 18:36:28,163421.0,,,,,,,,393
2026-05-21 18:36:33,163426.0,,,,,,,,393
2026-05-21 18:36:38,163431.0,,,,,,,,392
2026-05-21 18:36:43,163436.0,,,,,,,,391
2026-05-21 18:36:48,163441.0,,,,,,,,391
2026-05-21 18:36:54,163446.0,,,,,,,,391
2026-05-21 18:36:59,163451.0,,,,,,,,390
2026-05-21 18:37:04,163456.0,,,,,,,,390
2026-05-21 18:37:09,163501.0,,,,,,,,390
2026-05-21 18:37:14,163506.0,,,,,,,,390
2026-05-21 18:37:19,163511.0,,,,,,,,389
2026-05-21 18:37:24,163516.0,,,,,,,,388
2026-05-21 18:37:29,163521.0,,,,,,,,388
2026-05-21 18:37:34,163526.0,,,,,,,,388
2026-05-21 18:37:39,163531.0,,,,,,,,387
2026-05-21 18:37:44,163536.0,,,,,,,,385
2026-05-21 18:37:49,163541.0,,,,,,,,388
2026-05-21 18:37:54,163546.0,,,,,,,,385
2026-05-21 18:37:59,163551.0,,,,,,,,385
2026-05-21 18:38:04,163556.0,,,,,,,,385
2026-05-21 18:38:09,163601.0,,,,,,,,384
2026-05-21 18:38:14,163606.0,,,,,,,,384
2026-05-21 18:38:19,163611.0,,,,,,,,382
2026-05-21 18:38:24,163616.0,,,,,,,,382
2026-05-21 18:38:29,163621.0,,,,,,,,383
2026-05-21 18:38:34,163626.0,,,,,,,,382
2026-05-21 18:38:39,163631.0,,,,,,,,382
2026-05-21 18:38:44,163636.0,,,,,,,,378
2026-05-21 18:38:49,163641.0,,,,,,,,382
2026-05-21 18:38:54,163646.0,,,,,,,,378
2026-05-21 18:38:59,163651.0,,,,,,,,381
2026-05-21 18:39:04,163656.0,,,,,,,,377
2026-05-21 18:39:09,163701.0,,,,,,,,377
2026-05-21 18:39:14,163706.0,,,,,,,,381
2026-05-21 18:39:19,163711.0,,,,,,,,380
2026-05-21 18:39:24,163716.0,,,,,,,,377
2026-05-21 18:39:29,163721.0,,,,,,,,380
2026-05-21 18:39:34,163726.0,,,,,,,,377
2026-05-21 18:39:39,163731.0,,,,,,,,377
2026-05-21 18:39:44,163737.0,,,,,,,,380
2026-05-21 18:39:49,163741.0,,,,,,,,379
2026-05-21 18:39:54,163747.0,,,,,,,,375
2026-05-21 18:39:59,163752.0,,,,,,,,376
2026-05-21 18:40:04,163757.0,,,,,,,,374
2026-05-21 18:40:09,163802.0,,,,,,,,376
2026-05-21 18:40:14,163807.0,,,,,,,,372
2026-05-21 18:40:19,163811.0,,,,,,,,369
2026-05-21 18:40:24,163817.0,,,,,,,,370
2026-05-21 18:40:29,163822.0,,,,,,,,370
2026-05-21 18:40:34,163827.0,,,,,,,,370
2026-05-21 18:40:39,163832.0,,,,,,,,373
2026-05-21 18:40:44,163837.0,,,,,,,,369
2026-05-21 18:40:49,163841.0,,,,,,,,373
2026-05-21 18:40:54,163847.0,,,,,,,,369
2026-05-21 18:40:59,163852.0,,,,,,,,369
2026-05-21 18:41:04,163857.0,,,,,,,,373
2026-05-21 18:41:09,163902.0,,,,,,,,369
2026-05-21 18:41:14,163907.0,,,,,,,,369
2026-05-21 18:41:19,163911.0,,,,,,,,369
2026-05-21 18:41:24,163917.0,,,,,,,,370
2026-05-21 18:41:29,163922.0,,,,,,,,373
2026-05-21 18:41:34,163927.0,,,,,,,,369
2026-05-21 18:41:39,163932.0,,,,,,,,373
2026-05-21 18:41:44,163937.0,,,,,,,,369
2026-05-21 18:41:49,163942.0,,,,,,,,370
2026-05-21 18:41:54,163947.0,,,,,,,,370
2026-05-21 18:41:59,163952.0,,,,,,,,370
2026-05-21 18:42:04,163957.0,,,,,,,,374
2026-05-21 18:42:09,164002.0,,,,,,,,373
2026-05-21 18:42:14,164007.0,,,,,,,,373
2026-05-21 18:42:19,164012.0,,,,,,,,370
2026-05-21 18:42:24,164017.0,,,,,,,,374
2026-05-21 18:42:29,164022.0,,,,,,,,374
2026-05-21 18:42:34,164027.0,,,,,,,,370
2026-05-21 18:42:39,164032.0,,,,,,,,371
2026-05-21 18:42:44,164037.0,,,,,,,,371
2026-05-21 18:42:49,164042.0,,,,,,,,377
2026-05-21 18:42:54,164047.0,,,,,,,,370
2026-05-21 18:42:59,164052.0,,,,,,,,374
2026-05-21 18:43:04,164057.0,,,,,,,,374
2026-05-21 18:43:09,164102.0,,,,,,,,373
2026-05-21 18:43:14,164107.0,,,,,,,,373
2026-05-21 18:43:19,164112.0,,,,,,,,373
2026-05-21 18:43:24,164117.0,,,,,,,,164
2026-05-21 18:56:34,165427.0,,,,,25.1,1026.5,101.67,235
2026-05-21 18:57:13,165506.0,,,,,25.3,1026.4,134.17,856
2026-05-21 18:57:18,165511.0,,,,,25.3,1026.54,89.17,821
2026-05-21 18:57:23,165516.0,,,,,25.3,1026.5,94.17,748
2026-05-21 18:57:28,165521.0,,,,,25.4,1026.53,91.67,827
2026-05-21 18:57:33,165526.0,,,,,25.4,1026.53,102.5,843
2026-05-21 18:57:38,165531.0,,,,,25.4,1026.47,104.17,745
2026-05-21 18:57:43,165536.0,,,,,25.4,1026.5,106.67,746
2026-05-21 18:57:48,165541.0,,,,,25.5,1026.54,106.67,858
2026-05-21 18:57:53,165546.0,,,,,25.5,1026.46,107.5,833
2026-05-21 18:57:58,165551.0,,,,,25.6,1026.46,107.5,745
2026-05-21 18:58:03,165556.0,,,,,25.6,1026.51,105.0,759
2026-05-21 18:58:09,165601.0,,,,,25.7,1026.49,68.33,635
2026-05-21 18:58:14,165606.0,,,,,25.7,1026.47,76.67,134
2026-05-21 18:58:19,165611.0,,,,,25.7,1026.4,100.0,293
2026-05-21 18:58:24,165616.0,,,,,25.8,1026.42,99.17,487
2026-05-21 18:58:29,165621.0,,,,,25.8,1026.48,107.5,383
2026-05-21 18:58:34,165626.0,,,,,25.8,1026.46,110.83,687
2026-05-21 18:58:39,165631.0,,,,,25.8,1026.47,1112.5,851
2026-05-21 18:58:44,165636.0,,,,,25.8,1026.32,743.33,865
2026-05-21 18:58:49,165641.0,,,,,25.8,1026.22,1572.5,846
2026-05-21 18:58:54,165646.0,,,,,25.7,1026.22,1498.33,854
2026-05-21 18:58:59,165651.0,,,,,25.6,1026.22,1466.67,869
2026-05-21 18:59:04,165656.0,,,,,25.7,1026.29,1191.67,861
2026-05-21 18:59:09,165701.0,,,,,25.9,1026.35,128.33,860
2026-05-21 18:59:14,165706.0,,,,,25.9,1026.4,113.33,861
2026-05-21 18:59:19,165711.0,,,,,25.9,1026.44,119.17,858
2026-05-21 18:59:24,165716.0,,,,,25.9,1026.49,161.67,252
2026-05-21 18:59:29,165721.0,,,,,26.0,1026.4,92.5,125
2026-05-21 18:59:34,165726.0,,,,,26.1,1026.39,93.33,410
2026-05-21 18:59:39,165731.0,,,,,26.1,1026.47,110.0,121
2026-05-21 18:59:44,165736.0,,,,,26.2,1026.4,119.17,848
