timestamp,gps_time,lat,ns,lon,ew,tempC,pressure_hPa,light_lux,mq_raw
2026-04-20 15:20:37,131927.00,,,,,23.30,1020.93,249.17,28
2026-04-20 15:20:42,131932.00,,,,,23.30,1021.00,247.50,33
2026-04-20 15:20:47,131937.00,,,,,23.30,1021.07,245.83,36
2026-04-20 15:20:52,131942.00,,,,,23.30,1021.03,246.67,38
2026-04-20 15:20:57,131947.00,,,,,23.40,1020.92,246.67,38
2026-04-20 15:21:02,131952.00,,,,,23.40,1021.00,247.50,39
2026-04-20 15:21:07,131957.00,,,,,23.40,1021.02,248.33,39
2026-04-20 15:21:12,132002.00,,,,,23.40,1021.00,250.00,39
2026-04-20 15:21:17,132007.00,,,,,23.40,1020.97,252.50,39
2026-04-20 15:21:22,132012.00,,,,,23.50,1020.96,255.00,39
2026-04-20 15:21:27,132017.00,,,,,23.50,1021.05,257.50,39
2026-04-20 15:21:32,132022.00,,,,,23.50,1021.02,260.00,39
2026-04-20 15:21:37,132027.00,,,,,23.50,1021.02,263.33,39
2026-04-20 15:21:42,132032.00,,,,,23.60,1021.04,266.67,39
2026-04-20 15:21:47,132037.00,,,,,23.60,1021.03,269.17,39
2026-04-20 15:21:52,132042.00,,,,,23.60,1021.01,273.33,39
2026-04-20 15:21:57,132047.00,,,,,23.60,1020.97,308.33,39
2026-04-20 15:22:02,132052.00,,,,,23.70,1020.94,313.33,39
2026-04-20 15:22:07,132058.00,,,,,23.70,1021.09,320.00,38
2026-04-20 15:22:12,132103.00,,,,,23.70,1021.03,327.50,40
2026-04-20 15:22:17,132108.00,,,,,23.70,1020.99,334.17,38
2026-04-20 15:22:22,132113.00,,,,,23.80,1020.90,112.50,39
2026-04-20 15:22:33,132123.00,,,,,23.80,1021.00,620.00,40
2026-04-20 15:22:38,132129.00,,,,,23.80,1021.00,628.33,39
2026-04-20 15:22:43,132134.00,,,,,23.80,1020.97,606.67,41
2026-04-20 15:22:51,132141.00,,,,,23.80,1020.95,594.17,39
2026-04-20 15:22:56,132146.00,,,,,23.80,1020.96,585.00,40
2026-04-20 15:23:01,132151.00,,,,,23.80,1021.03,571.67,41
2026-04-20 15:23:06,132156.00,,,,,23.90,1021.11,603.33,39
2026-04-20 15:23:11,132201.00,,,,,23.90,1020.97,611.67,39
2026-04-20 15:23:16,132206.00,,,,,-187.80,1471.83,-1.00,39
2026-04-20 15:23:21,132211.00,,,,,-246.60,1665.24,-1.00,38
2026-04-20 15:23:26,132216.00,,,,,-187.80,1471.83,-1.00,39
2026-04-20 15:23:31,132221.00,,,,,-151.70,1642.59,-1.00,40
2026-04-20 15:23:36,132226.00,,,,,-187.80,1471.83,-1.00,39
2026-04-20 15:23:41,132231.00,,,,,-187.80,1471.83,-1.00,39
2026-04-20 15:23:46,132236.00,,,,,-151.70,1642.59,-1.00,40
2026-04-20 15:24:07,132258.00,,,,,nan,nan,nan,38
2026-04-20 15:24:12,132303.00,,,,,nan,nan,nan,37
2026-04-20 15:24:17,132308.00,,,,,nan,nan,nan,39
2026-04-20 15:24:22,132313.00,,,,,nan,nan,nan,38
2026-04-20 15:24:27,132318.00,,,,,nan,nan,nan,37
2026-04-20 15:24:32,132323.00,,,,,nan,nan,nan,38
2026-04-20 15:24:37,132328.00,,,,,nan,nan,nan,37
2026-04-20 15:24:42,132333.00,,,,,nan,nan,nan,38
2026-04-20 15:24:47,132338.00,,,,,nan,nan,nan,37
2026-04-20 15:24:52,132343.00,,,,,nan,nan,nan,37
2026-04-20 15:24:57,132348.00,,,,,nan,nan,nan,37
2026-04-20 15:25:02,132353.00,,,,,nan,nan,nan,40
2026-04-20 15:25:07,132358.00,,,,,nan,nan,nan,42
2026-04-20 15:25:12,132403.00,,,,,nan,nan,nan,41
2026-04-20 15:25:17,132408.00,,,,,nan,nan,nan,41
2026-04-20 15:25:22,132413.00,,,,,nan,nan,nan,41
2026-04-20 15:25:27,132418.00,,,,,nan,nan,nan,39
2026-04-20 15:25:32,132423.00,,,,,nan,nan,nan,40
2026-04-20 15:25:37,132428.00,,,,,nan,nan,nan,40
2026-04-20 15:25:42,132433.00,,,,,nan,nan,nan,40
2026-04-20 15:25:47,132438.00,,,,,nan,nan,nan,41
2026-04-20 15:25:52,132443.00,,,,,nan,nan,nan,39
2026-04-20 15:25:57,132448.00,,,,,nan,nan,nan,45
2001-51-14 00:84:00,132453.00,,,,,nan,nan,nan,40
2001-51-14 00:84:00,132458.00,,,,,nan,nan,nan,36
2001-51-14 00:84:00,132503.00,,,,,nan,nan,nan,39
2001-51-14 00:84:00,132508.00,,,,,nan,nan,nan,40
2001-51-14 00:84:00,132513.00,,,,,nan,nan,nan,39
2001-51-14 00:84:00,132518.00,,,,,nan,nan,nan,39
2001-51-14 00:84:00,132523.00,,,,,nan,nan,nan,46
2001-51-14 00:84:00,132528.00,,,,,nan,nan,nan,40
2001-51-14 00:84:00,132533.00,,,,,nan,nan,nan,40
2001-51-14 00:84:00,132538.00,,,,,nan,nan,nan,40
2001-51-14 00:84:00,132543.00,,,,,nan,nan,nan,39
2001-51-14 00:84:00,132548.00,,,,,nan,nan,nan,39
2026-04-20 15:27:04,132555.00,,,,,24.60,1020.90,1002.50,39
2026-04-20 15:27:09,132600.00,,,,,24.50,1021.00,917.50,39
2026-04-20 15:27:14,132605.00,,,,,24.50,1020.87,909.17,39
2026-04-20 15:27:19,132610.00,,,,,24.50,1020.89,897.50,39
2026-04-20 15:27:24,132615.00,,,,,24.50,1020.89,887.50,38
2026-04-20 15:27:29,132620.00,,,,,24.50,1020.88,875.83,39
2026-04-20 15:27:34,132625.00,,,,,24.50,1020.89,885.00,40
2026-04-20 15:27:39,132630.00,,,,,24.50,1020.86,871.67,38
2026-04-20 15:27:44,132635.00,,,,,24.50,1020.94,865.83,39
2026-04-20 15:27:49,132640.00,,,,,24.50,1020.90,879.17,38
2026-04-20 15:27:54,132645.00,,,,,24.50,1020.85,881.67,39
2026-04-20 15:27:59,132650.00,,,,,24.50,1020.91,885.00,38
2026-04-20 15:28:04,132655.00,,,,,24.50,1020.94,873.33,39
2026-04-20 15:28:09,132700.00,,,,,24.50,1020.89,876.67,39
2026-04-20 15:28:14,132705.00,,,,,24.60,1020.92,890.00,38
2026-04-20 15:34:00,133251.00,,,,,23.70,1020.79,1031.67,41
2026-04-20 15:34:05,133256.00,,,,,23.70,1020.73,1031.67,43
2026-04-20 15:34:10,133301.00,,,,,23.80,1020.78,1027.50,42
2026-04-20 15:34:15,133306.00,,,,,23.70,1020.73,1023.33,42
2026-04-20 15:34:20,133311.00,,,,,23.70,1020.71,1031.67,41
2026-04-20 15:34:25,133316.00,,,,,23.70,1020.81,1035.00,41
2026-04-20 15:34:30,133321.00,,,,,23.70,1020.78,1051.67,41
2026-04-20 15:34:35,133326.00,,,,,23.70,1020.86,1068.33,39
2026-04-20 15:34:40,133331.00,,,,,23.80,1020.78,1092.50,40
2026-04-20 15:34:45,133336.00,,,,,23.80,1020.86,1110.00,40
2026-04-20 15:34:50,133341.00,,,,,23.80,1020.73,1126.67,39
2026-04-20 15:34:55,133346.00,,,,,23.80,1020.83,1141.67,40
2026-04-20 15:35:00,133351.00,,,,,23.80,1020.77,1155.00,39
2026-04-20 15:35:05,133356.00,,,,,23.80,1020.81,1168.33,40
2026-04-20 15:35:10,133401.00,,,,,23.80,1020.80,1182.50,39
2026-04-20 15:35:15,133406.00,,,,,23.80,1020.81,1188.33,40
2026-04-20 15:35:20,133411.00,,,,,23.80,1020.83,1192.50,40
2026-04-20 15:35:25,133416.00,,,,,23.80,1020.82,1188.33,39
2026-04-20 15:35:30,133421.00,,,,,23.80,1020.90,1189.17,40
2026-04-20 15:35:35,133426.00,,,,,23.80,1020.77,1191.67,40
2026-04-20 15:35:40,133431.00,,,,,23.90,1020.91,1197.50,40
2026-04-20 15:35:45,133436.00,,,,,23.90,1020.89,1204.17,40
2026-04-20 15:35:50,133441.00,,,,,23.90,1020.89,1214.17,40
2026-04-20 15:35:55,133446.00,,,,,23.90,1020.89,1225.00,40
2026-04-20 15:36:00,133451.00,,,,,24.00,1020.83,1235.83,40
2026-04-20 15:36:05,133456.00,,,,,24.00,1020.88,1246.67,40
2026-04-20 15:36:10,133501.00,,,,,24.00,1020.82,1255.83,39
2026-04-20 15:36:15,133506.00,,,,,24.00,1020.79,1264.17,40
2026-04-20 15:36:20,133511.00,,,,,24.00,1020.88,1270.83,40
2026-04-20 15:36:25,133516.00,,,,,24.10,1020.88,1274.17,39
2026-04-20 15:36:30,133521.00,,,,,24.10,1020.83,1280.00,40
2026-04-20 15:36:35,133526.00,,,,,24.20,1020.93,1281.67,39
2026-04-20 15:36:40,133531.00,,,,,24.20,1020.81,1278.33,39
2026-04-20 15:36:45,133536.00,,,,,24.20,1020.83,1287.50,40
2026-04-20 15:36:50,133541.00,,,,,24.20,1020.90,1300.83,40
2026-04-20 15:36:55,133546.00,,,,,24.20,1020.83,1310.00,40
2026-04-20 15:37:00,133551.00,,,,,24.30,1020.89,1303.33,39
2026-04-20 15:37:05,133556.00,,,,,24.30,1020.74,1317.50,39
2026-04-20 15:37:10,133601.00,,,,,24.30,1020.75,1278.33,40
2026-04-20 15:37:15,133606.00,,,,,24.40,1020.84,1165.00,39
2026-04-20 15:38:13,133704.00,,,,,24.50,1020.82,292.50,29
2026-04-20 15:38:18,133709.00,,,,,24.60,1020.78,1981.67,36
2026-04-20 15:38:23,133714.00,,,,,24.60,1020.83,2640.00,40
2026-04-20 15:38:28,133719.00,,,,,24.40,1020.82,166.67,41
2026-04-20 15:38:33,133724.00,,,,,24.10,1020.77,560.83,40
2026-04-20 15:38:38,133729.00,,,,,23.90,1020.80,50.83,40
2026-04-20 15:38:43,133734.00,,,,,24.00,1020.78,65.83,40
2026-04-20 15:38:48,133739.00,,,,,24.00,1020.73,177.50,41
2026-04-20 15:38:53,133744.00,,,,,23.90,1020.69,30.83,39
2026-04-20 15:38:58,133749.00,,,,,24.10,1020.74,29.17,40
2026-04-20 15:39:03,133754.00,,,,,24.10,1020.77,74.17,35
2026-04-20 15:39:08,133759.00,,,,,24.20,1020.80,100.00,39
2026-04-20 15:39:13,133804.00,,,,,24.30,1020.93,106.67,40
2026-04-20 15:39:18,133809.00,,,,,24.30,1021.98,78.33,41
2026-04-20 15:39:23,133814.00,,,,,24.40,1022.90,78.33,40
2026-04-20 15:39:28,133819.00,,,,,24.50,1023.04,98.33,39
2026-04-20 15:39:33,133824.00,,,,,24.60,1023.03,423.33,39
2026-04-20 15:39:38,133829.00,,,,,24.40,1022.96,3159.17,37
2026-04-20 15:39:43,133834.00,,,,,24.20,1022.99,11030.83,39
2026-04-20 15:39:48,133839.00,,,,,23.90,1022.99,313.33,39
2026-04-20 15:39:53,133844.00,,,,,23.20,1023.02,330.00,39
2026-04-20 15:39:58,133849.00,,,,,23.10,1023.10,2341.67,39
2026-04-20 15:40:03,133854.00,,,,,21.20,1023.19,5301.67,39
2026-04-20 15:40:08,133859.00,,,,,19.90,1023.11,5573.33,38
2026-04-20 15:40:13,133904.00,,,,,19.00,1023.09,8275.83,38
2026-04-20 15:40:18,133909.00,,,,,18.50,1022.90,10613.33,38
2026-04-20 15:40:23,133914.00,,,,,18.60,1022.82,10314.17,38
2026-04-20 15:40:28,133919.00,,,,,18.90,1023.07,12700.00,38
2026-04-20 15:40:33,133924.00,5221.59251,N,00454.49528,E,18.50,1022.88,13050.83,37
2026-04-20 15:40:38,133929.00,5221.59366,N,00454.49759,E,17.90,1022.67,10019.17,38
2026-04-20 15:40:43,133934.00,5221.59323,N,00454.49848,E,18.00,1022.96,14508.33,37
2026-04-20 15:40:48,133939.00,5221.59209,N,00454.49911,E,17.50,1022.75,14188.33,37
2026-04-20 15:40:53,133944.00,5221.59246,N,00454.49935,E,17.60,1022.94,14750.00,37
2026-04-20 15:40:58,133949.00,5221.59044,N,00454.49810,E,16.90,1023.12,7755.00,37
2026-04-20 15:41:03,133954.00,5221.58757,N,00454.49886,E,16.70,1023.20,5933.33,37
2026-04-20 15:41:08,133959.00,5221.58511,N,00454.49843,E,17.00,1023.01,2135.83,37
2026-04-20 15:41:13,134004.00,5221.58316,N,00454.49724,E,17.30,1022.95,2044.17,37
2026-04-20 15:41:18,134009.00,5221.58207,N,00454.49760,E,17.30,1022.92,1234.17,39
2026-04-20 15:41:23,134014.00,5221.58212,N,00454.49933,E,17.20,1023.10,427.50,38
2026-04-20 15:41:28,134019.00,5221.58108,N,00454.50368,E,17.80,1023.01,258.33,38
2026-04-20 15:41:33,134024.00,5221.58285,N,00454.51493,E,18.20,1023.02,80.83,39
2026-04-20 15:41:38,134029.00,,,,,18.60,1022.98,557.50,40
2026-04-20 15:41:43,134034.00,,,,,18.90,1023.03,315.83,40
2026-04-20 15:41:48,134039.00,,,,,19.20,1022.92,485.00,39
2026-04-20 15:41:53,134044.00,,,,,19.40,1023.02,555.00,40
2026-04-20 15:41:58,134049.00,,,,,19.60,1023.00,1582.50,39
2026-04-20 15:42:03,134054.00,,,,,19.70,1022.90,1789.17,39
2026-04-20 15:42:08,134059.00,,,,,20.10,1022.98,925.00,39
2026-04-20 15:42:13,134104.00,,,,,20.30,1022.96,2240.00,39
2026-04-20 15:42:18,134109.00,,,,,20.40,1022.98,1353.33,40
2026-04-20 15:42:23,134114.00,,,,,20.50,1022.99,1153.33,39
2026-04-20 15:42:28,134119.00,,,,,20.70,1023.10,2957.50,39
2026-04-20 15:42:33,134124.00,,,,,20.80,1022.99,1960.00,39
2026-04-20 15:42:38,134129.00,,,,,20.80,1023.03,2175.83,40
2026-04-20 15:42:43,134134.00,,,,,21.00,1023.00,1590.83,40
2026-04-20 15:42:48,134139.00,,,,,21.10,1022.95,1270.83,38
2026-04-20 15:42:53,134144.00,,,,,21.30,1022.94,2091.67,40
2026-04-20 15:42:58,134149.00,,,,,21.40,1023.05,2000.00,39
2026-04-20 15:43:03,134154.00,,,,,21.50,1023.11,2281.67,40
2026-04-20 15:43:08,134159.00,,,,,21.60,1023.03,2051.67,41
2026-04-20 15:43:13,134204.00,,,,,21.70,1022.99,2862.50,40
2026-04-20 15:43:19,134209.00,,,,,21.70,1023.05,2811.67,39
2026-04-20 15:43:24,134214.00,,,,,21.90,1023.10,2290.83,39
2026-04-20 15:43:29,134219.00,,,,,21.90,1023.13,2013.33,39
2026-04-20 15:43:34,134224.00,,,,,22.10,1023.09,1350.00,39
2026-04-20 15:43:39,134229.00,,,,,22.20,1023.03,1277.50,40
2026-04-20 15:43:44,134234.00,,,,,22.30,1023.07,1232.50,41
2026-04-20 15:43:49,134239.00,,,,,22.40,1023.06,1406.67,39
2026-04-20 15:43:54,134244.00,,,,,22.50,1022.97,1795.83,39
2026-04-20 15:43:59,134249.00,,,,,22.60,1023.04,2178.33,40
2026-04-20 15:44:04,134254.00,,,,,22.60,1023.03,278.33,39
2026-04-20 15:44:09,134259.00,,,,,22.60,1023.07,145.83,39
2026-04-20 15:44:14,134304.00,,,,,22.60,1023.04,160.00,40
2026-04-20 15:44:19,134309.00,,,,,22.60,1023.08,848.33,39
2026-04-20 15:44:24,134314.00,,,,,22.60,1023.12,103.33,40
2026-04-20 15:44:29,134319.00,,,,,22.50,1023.01,234.17,40
2026-04-20 15:44:34,134324.00,,,,,22.60,1023.04,310.83,40
2026-04-20 15:44:39,134329.00,,,,,22.70,1022.41,459.17,39
2026-04-20 15:44:44,134334.00,,,,,22.80,1021.57,320.00,39
2026-04-20 15:44:49,134339.00,,,,,22.80,1020.84,400.83,39
2026-04-20 15:44:54,134344.00,,,,,22.70,1020.78,153.33,40
2026-04-20 15:44:59,134349.00,,,,,22.60,1020.74,655.00,39
2026-04-20 15:45:04,134354.00,,,,,22.50,1020.78,876.67,40
2026-04-20 15:45:09,134359.00,,,,,22.70,1020.86,566.67,39
2001-51-14 00:84:00,134404.00,,,,,-187.80,1471.83,-1.00,39
2026-04-22 11:35:52,093440.00,,,,,24.20,1027.50,365.00,44
2026-04-22 11:35:58,093445.00,,,,,24.20,1027.52,358.33,46
2026-04-22 11:36:03,093450.00,,,,,24.20,1027.52,350.00,46
2026-04-22 11:36:08,093455.00,,,,,24.20,1027.49,363.33,46
2026-04-22 11:36:13,093500.00,,,,,24.20,1027.42,364.17,45
2026-04-22 11:36:18,093505.00,,,,,24.20,1027.36,365.00,45
2026-04-22 11:36:23,093510.00,,,,,24.30,1027.46,358.33,45
2026-04-22 11:36:28,093515.00,,,,,24.30,1027.47,352.50,45
2026-04-22 11:44:25,094313.00,,,,,22.30,1027.51,307.50,34
2026-04-22 11:44:30,094317.00,,,,,22.30,1027.49,577.50,40
2026-04-22 11:44:35,094323.00,,,,,22.30,1027.49,464.17,43
2026-04-22 11:44:40,094328.00,,,,,22.30,1027.37,381.67,43
2026-04-22 11:44:45,094333.00,,,,,22.30,1027.50,380.00,43
2026-04-22 11:44:50,094338.00,,,,,22.30,1027.48,378.33,42
2026-04-22 11:44:55,094343.00,,,,,22.30,1027.43,382.50,43
2026-04-22 11:45:00,094347.00,,,,,22.30,1027.43,377.50,43
2026-04-22 11:45:05,094353.00,,,,,22.30,1027.45,382.50,42
2026-04-22 11:45:10,094358.00,,,,,22.40,1027.40,381.67,42
2026-04-22 11:45:15,094403.00,,,,,22.40,1027.40,384.17,42
2026-04-22 11:45:20,094408.00,,,,,22.30,1027.44,381.67,42
2026-04-22 11:45:25,094413.00,,,,,22.30,1027.50,380.00,42
2026-04-22 11:45:30,094417.00,,,,,22.40,1027.47,384.17,42
2026-04-22 11:45:35,094423.00,,,,,22.40,1027.40,386.67,42
2026-04-22 11:45:40,094428.00,,,,,22.50,1027.46,373.33,41
2026-04-22 11:45:45,094433.00,,,,,22.50,1027.41,337.50,42
2026-04-22 11:45:50,094438.00,,,,,22.60,1027.38,376.67,42
2026-04-22 11:45:55,094443.00,,,,,22.60,1027.45,381.67,41
2026-04-22 11:46:00,094447.00,,,,,22.60,1027.42,379.17,41
2026-04-22 11:46:05,094453.00,,,,,22.70,1027.49,377.50,41
2026-04-22 11:46:10,094458.00,,,,,22.70,1027.50,375.00,41
2026-04-22 11:46:15,094503.00,,,,,22.80,1027.50,375.00,43
2026-04-22 11:46:20,094508.00,,,,,22.80,1027.47,380.83,41
2026-04-22 11:46:26,094513.00,,,,,22.90,1027.54,380.83,42
2026-04-22 11:46:31,094518.00,,,,,22.90,1027.42,376.67,42
2026-04-22 11:46:36,094523.00,,,,,23.00,1027.50,375.83,41
2026-04-22 11:46:41,094528.00,,,,,23.00,1027.51,375.83,41
2026-04-22 11:46:46,094533.00,,,,,23.00,1027.38,376.67,42
2026-04-22 11:46:51,094538.00,,,,,23.10,1027.51,377.50,40
2026-04-22 11:46:56,094543.00,,,,,23.10,1027.51,377.50,41
2026-04-22 11:47:01,094548.00,,,,,23.20,1027.39,379.17,42
2026-04-22 11:47:06,094553.00,,,,,23.20,1027.35,378.33,41
2026-04-22 11:47:11,094558.00,,,,,23.20,1027.44,379.17,41
2026-04-22 11:47:16,094603.00,,,,,23.30,1027.44,380.00,41
2026-04-22 11:47:21,094608.00,,,,,23.30,1027.40,382.50,41
2026-04-22 11:47:26,094613.00,,,,,23.40,1027.38,381.67,41
2026-04-22 11:47:31,094618.00,,,,,23.40,1027.50,381.67,41
2026-04-22 11:47:36,094623.00,,,,,23.50,1027.41,380.83,40
2026-04-22 11:47:41,094628.00,,,,,23.50,1027.48,381.67,40
2026-04-22 11:47:46,094633.00,,,,,23.60,1027.48,380.83,40
2026-04-22 11:47:51,094638.00,,,,,23.60,1027.43,380.83,40
2026-04-22 11:47:56,094643.00,,,,,23.60,1027.48,380.00,41
2026-04-22 11:48:01,094648.00,,,,,23.60,1027.38,382.50,40
2026-04-22 11:48:06,094653.00,,,,,23.70,1027.39,381.67,39
2026-04-22 11:48:11,094658.00,,,,,23.70,1027.39,382.50,40
2026-04-22 11:48:16,094703.00,,,,,23.70,1027.36,382.50,39
2026-04-22 11:48:21,094708.00,,,,,23.80,1027.38,381.67,39
2026-04-22 11:48:26,094713.00,,,,,23.80,1027.42,381.67,38
2026-04-22 11:48:31,094718.00,,,,,23.90,1027.36,383.33,38
2026-04-22 11:48:36,094723.00,,,,,23.90,1027.38,381.67,37
2026-04-22 11:48:41,094728.00,,,,,23.90,1027.46,380.83,38
2026-04-22 11:48:46,094733.00,,,,,24.00,1027.50,382.50,37
2026-04-22 11:48:51,094738.00,,,,,24.00,1027.49,376.67,37
2026-04-22 11:48:56,094743.00,,,,,24.10,1027.44,388.33,37
2026-04-22 12:28:59,102746.00,,,,,22.30,1027.39,75.00,43
2026-04-22 12:29:04,102751.00,,,,,22.30,1027.34,6.67,51
2026-04-22 12:29:09,102756.00,,,,,22.30,1027.25,6.67,51
2026-04-22 12:29:14,102801.00,,,,,22.40,1027.44,10.00,49
2026-04-22 12:29:19,102806.00,,,,,22.40,1027.34,10.00,47
2026-04-22 12:29:24,102811.00,,,,,22.40,1027.27,7.50,45
2026-04-22 12:29:29,102816.00,,,,,22.40,1027.25,7.50,44
2026-04-22 12:29:34,102821.00,,,,,22.50,1027.27,10.00,43
2026-04-22 12:29:39,102826.00,,,,,22.50,1027.21,6.67,42
2026-04-22 12:29:44,102831.00,,,,,22.50,1027.21,5.83,42
2026-04-22 12:29:49,102836.00,,,,,22.60,1027.18,8.33,42
2026-04-22 12:29:54,102841.00,,,,,22.60,1027.33,6.67,42
2026-04-22 12:29:59,102846.00,,,,,22.70,1027.25,6.67,42
2026-04-22 12:30:04,102851.00,,,,,22.70,1027.74,6.67,41
2026-04-22 12:30:09,102856.00,,,,,22.80,1028.59,7.50,42
2026-04-22 12:30:14,102901.00,,,,,22.80,1029.52,7.50,41
2026-04-22 12:30:19,102906.00,,,,,22.90,1029.51,9.17,42
2026-04-22 12:30:24,102911.00,,,,,23.00,1029.57,9.17,42
2026-04-22 12:30:29,102916.00,,,,,23.00,1029.69,74.17,41
2026-04-22 12:30:34,102921.00,,,,,23.10,1029.55,6.67,41
2026-04-22 12:30:39,102926.00,,,,,23.10,1029.57,6.67,41
2026-04-22 12:30:44,102931.00,,,,,23.20,1029.55,6.67,40
2026-04-22 12:30:49,102936.00,,,,,23.20,1029.81,10.00,40
2026-04-22 12:30:54,102941.00,,,,,23.30,1029.75,10.00,40
2026-04-22 12:30:59,102946.00,,,,,23.20,1029.82,18.33,41
2026-04-22 12:31:04,102951.00,,,,,23.20,1029.91,24.17,40
2026-04-22 12:31:09,102956.00,,,,,23.10,1029.78,46.67,41
2026-04-22 12:31:14,103001.00,,,,,23.10,1029.79,101.67,40
2026-04-22 12:31:19,103006.00,,,,,23.20,1029.91,102.50,41
2026-04-22 12:31:24,103011.00,5221.57508,N,00454.51272,E,23.30,1029.84,101.67,40
2026-04-22 12:31:29,103016.00,5221.57629,N,00454.51266,E,23.30,1029.85,100.83,40
2026-04-22 12:31:34,103021.00,5221.57792,N,00454.50979,E,23.30,1029.89,100.83,39
2026-04-22 12:31:39,103026.00,5221.57934,N,00454.50892,E,23.40,1029.85,101.67,39
2026-04-22 12:31:44,103031.00,5221.57881,N,00454.51013,E,23.40,1029.90,100.83,40
2026-04-22 12:31:49,103036.00,5221.58016,N,00454.50872,E,23.40,1029.85,100.83,39
2026-04-22 12:31:54,103041.00,5221.58090,N,00454.50824,E,23.50,1029.82,100.00,39
2026-04-22 12:31:59,103046.00,5221.58173,N,00454.50865,E,23.60,1029.92,100.83,39
2026-04-22 12:32:04,103051.00,5221.58238,N,00454.50914,E,23.70,1029.86,100.83,40
2026-04-22 12:32:09,103056.00,5221.58262,N,00454.50922,E,23.80,1029.80,100.83,39
2026-04-22 12:32:14,103101.00,5221.58268,N,00454.50917,E,23.90,1029.82,100.83,39
2026-04-22 12:32:19,103106.00,5221.58263,N,00454.50900,E,23.90,1029.80,104.17,39
2026-04-22 12:32:24,103111.00,5221.58290,N,00454.50926,E,23.90,1029.86,104.17,39
2026-04-22 12:32:29,103116.00,5221.58309,N,00454.50918,E,23.90,1029.88,104.17,39
2026-04-22 12:32:34,103121.00,5221.58328,N,00454.50877,E,24.00,1029.79,109.17,39
2026-04-22 12:32:39,103126.00,5221.58310,N,00454.50837,E,24.10,1029.85,108.33,39
2026-04-22 12:32:44,103131.00,5221.58316,N,00454.50841,E,24.20,1029.77,110.83,38
2026-04-22 12:32:49,103136.00,5221.58326,N,00454.50867,E,24.40,1029.80,110.83,39
2026-04-22 12:32:54,103141.00,5221.58346,N,00454.50891,E,24.50,1029.72,110.83,39
2026-04-22 12:32:59,103146.00,5221.58385,N,00454.50918,E,24.60,1029.74,110.00,37
2026-04-22 12:33:04,103151.00,5221.58436,N,00454.50935,E,24.70,1029.77,110.83,37
2026-04-22 12:33:09,103156.00,5221.58473,N,00454.50937,E,24.80,1029.81,110.00,36
2026-04-22 12:33:14,103201.00,5221.58469,N,00454.50920,E,24.80,1029.83,110.00,36
2026-05-06 13:20:57,,,,,,22.10,1008.66,84.17,102
2026-05-06 13:21:02,,,,,,22.10,1008.79,85.83,369
2026-05-06 13:21:07,,,,,,22.10,1008.79,90.00,451
2026-05-06 13:21:12,,,,,,22.10,1008.69,86.67,395
2026-05-06 13:21:17,,,,,,22.20,1008.70,86.67,345
2026-05-06 13:21:22,,,,,,22.20,1008.76,83.33,305
2026-05-06 13:21:33,,,,,,22.30,1008.78,75.83,244
2026-05-06 13:21:38,,,,,,22.30,1008.72,86.67,252
2026-05-06 13:21:43,,,,,,22.40,1008.80,82.50,246
2026-05-06 13:21:57,,,,,,22.50,1008.66,92.50,184
2026-05-06 13:22:02,,,,,,22.50,1008.73,97.50,169
2026-05-06 13:22:07,,,,,,22.60,1008.80,95.83,158
2026-05-06 13:22:12,,,,,,22.60,1008.85,100.83,149
2026-05-06 13:22:17,,,,,,22.70,1008.81,98.33,142
2026-05-06 13:22:22,,,,,,22.70,1008.75,98.33,129
2026-05-06 13:22:27,,,,,,22.80,1008.79,100.00,123
2026-05-06 13:22:32,,,,,,22.80,1008.82,105.00,120
2026-05-06 13:22:37,,,,,,22.90,1008.72,103.33,116
2026-05-06 13:22:42,,,,,,22.90,1008.77,106.67,112
2026-05-06 13:22:47,,,,,,23.00,1008.73,100.83,111
2026-05-06 13:22:52,,,,,,23.00,1008.78,95.83,108
2026-05-06 13:22:57,,,,,,23.10,1008.72,95.83,105
2026-05-06 13:23:02,,,,,,23.20,1008.89,124.17,102
2026-05-06 13:23:07,,,,,,23.20,1008.77,106.67,102
2026-05-06 13:23:12,,,,,,23.30,1008.80,107.50,100
2026-05-06 13:23:17,,,,,,23.30,1008.83,108.33,98
2026-05-06 13:23:22,,,,,,23.40,1008.80,102.50,97
2026-05-06 13:23:27,,,,,,23.50,1008.73,106.67,96
2026-05-06 13:23:32,,,,,,23.50,1008.77,103.33,94
2026-05-06 13:23:37,,,,,,23.60,1008.77,100.83,94
2026-05-06 13:23:42,,,,,,23.60,1008.79,102.50,92
2026-05-06 13:23:47,,,,,,23.70,1008.78,103.33,92
2026-05-06 13:23:52,,,,,,23.70,1008.75,97.50,97
2026-05-06 13:23:57,,,,,,23.80,1008.73,98.33,96
2026-05-06 13:24:02,,,,,,23.80,1008.78,104.17,97
2026-05-06 13:24:07,,,,,,23.90,1008.73,102.50,95
2026-05-06 13:24:12,,,,,,24.00,1008.75,101.67,94
2026-05-06 13:24:17,,,,,,24.10,1008.75,101.67,94
2026-05-06 13:24:22,,,,,,24.10,1008.84,105.00,92
2026-05-06 13:24:27,,,,,,24.20,1008.87,103.33,92
2026-05-06 13:24:32,,,,,,24.20,1008.85,90.83,85
2026-05-06 13:24:37,,,,,,24.30,1008.84,93.33,84
2026-05-06 13:24:42,,,,,,24.40,1008.76,90.83,84
2026-05-06 13:24:47,,,,,,24.40,1008.80,104.17,84
2026-05-06 13:24:52,,,,,,24.50,1008.82,126.67,83
2026-05-06 13:24:57,,,,,,24.60,1008.76,146.67,83
2026-05-06 13:25:02,,,,,,24.60,1008.77,135.00,82
2026-05-06 13:25:07,,,,,,24.70,1008.75,125.83,82
2026-05-06 13:25:12,,,,,,24.70,1008.73,120.00,82
2026-05-06 13:25:17,,,,,,24.80,1008.80,121.67,81
2026-05-06 13:25:22,,,,,,24.80,1008.76,100.00,81
2026-05-06 13:25:27,,,,,,24.90,1008.76,101.67,81
2026-05-06 13:25:32,,,,,,24.90,1008.78,97.50,80
2026-05-06 13:25:37,,,,,,25.00,1008.74,93.33,79
2026-05-06 13:25:42,,,,,,25.00,1008.67,130.00,79
2026-05-06 13:25:47,,,,,,25.10,1008.85,120.83,80
2026-05-06 13:25:52,,,,,,25.10,1008.73,124.17,79
2026-05-06 13:25:57,,,,,,25.20,1008.73,134.17,78
2026-05-06 13:26:02,,,,,,25.20,1008.73,145.00,79
2026-05-06 13:26:07,,,,,,25.30,1008.77,94.17,78
2026-05-06 13:26:12,,,,,,25.40,1008.73,0.00,76
2026-05-06 13:26:17,,,,,,25.40,1008.71,0.00,76
2026-05-06 13:26:22,,,,,,25.50,1008.76,0.00,76
2026-05-06 13:26:27,,,,,,25.50,1008.75,0.00,75
2026-05-06 13:26:32,,,,,,25.60,1008.73,0.00,74
2026-05-06 13:26:37,,,,,,25.60,1008.81,0.00,79
2026-05-06 13:26:42,,,,,,25.70,1008.78,0.00,78
2026-05-06 13:26:47,,,,,,25.70,1008.79,0.00,77
2026-05-06 13:26:52,,,,,,25.80,1008.78,0.00,79
2026-05-06 13:26:57,,,,,,25.80,1008.78,0.00,78
2026-05-06 13:27:02,,,,,,25.90,1008.70,0.00,77
2026-05-06 13:27:07,,,,,,25.90,1008.78,0.00,76
2026-05-06 13:27:12,,,,,,26.00,1008.81,0.00,77
2026-05-06 13:27:17,,,,,,26.00,1008.70,0.00,75
2026-05-06 13:27:22,,,,,,26.00,1008.78,0.00,78
2026-05-06 13:27:27,,,,,,26.00,1008.69,0.00,77
2026-05-06 13:27:32,,,,,,26.10,1008.76,0.00,76
2026-05-06 13:27:37,,,,,,26.20,1008.73,0.00,76
2026-05-06 13:27:42,,,,,,26.20,1008.82,0.00,75
2026-05-06 13:27:47,,,,,,26.30,1008.76,0.00,76
2026-05-06 13:27:52,,,,,,26.30,1008.74,0.00,76
2026-05-06 13:27:57,,,,,,26.40,1008.72,0.00,75
2026-05-06 13:28:02,,,,,,26.40,1008.80,0.00,74
2026-05-06 13:28:07,,,,,,26.50,1008.81,0.00,76
2026-05-06 13:28:12,,,,,,26.50,1008.89,0.00,78
2026-05-06 13:28:17,,,,,,26.50,1008.80,0.00,75
2026-05-06 13:28:22,,,,,,26.60,1008.80,0.00,76
2026-05-06 13:28:27,,,,,,26.60,1008.84,0.00,74
2026-05-06 13:28:32,,,,,,26.70,1008.76,0.00,75
2026-05-06 13:28:37,,,,,,26.70,1008.75,0.00,76
2026-05-06 13:28:42,,,,,,26.80,1008.78,0.00,79
2026-05-06 13:28:47,,,,,,26.80,1008.72,0.00,78
2026-05-06 13:28:52,,,,,,26.90,1008.78,0.00,78
2026-05-06 13:28:57,,,,,,26.90,1008.75,0.00,77
2026-05-06 13:29:02,,,,,,26.90,1008.82,0.00,76
2026-05-06 13:29:07,,,,,,27.00,1008.71,0.00,76
2026-05-06 13:29:12,,,,,,27.10,1008.74,0.00,76
2026-05-06 13:29:17,,,,,,27.10,1008.77,0.00,75
2026-05-06 13:29:22,,,,,,27.10,1008.81,0.00,75
2026-05-06 13:29:27,,,,,,27.20,1008.81,0.00,76
2026-05-06 13:29:32,,,,,,27.20,1008.74,0.00,77
2026-05-06 13:29:37,,,,,,27.30,1008.73,0.00,76
2026-05-06 13:29:42,,,,,,27.30,1008.91,0.00,76
2026-05-06 13:29:47,,,,,,27.30,1008.81,0.00,77
2026-05-06 13:29:52,,,,,,27.40,1008.76,0.00,76
2026-05-06 13:29:57,,,,,,27.40,1008.80,0.00,76
2026-05-06 13:30:02,,,,,,27.40,1008.76,0.00,76
2026-05-06 13:30:07,,,,,,27.50,1008.88,0.00,76
2026-05-06 13:30:12,,,,,,27.50,1008.89,0.00,75
2026-05-06 13:30:17,,,,,,27.50,1008.80,0.00,75
2026-05-06 13:30:22,,,,,,27.50,1008.82,0.00,51
2026-05-06 13:30:27,,,,,,27.60,1008.78,0.00,50
2026-05-06 13:30:32,,,,,,27.60,1008.85,0.00,46
2026-05-06 14:07:21,,,,,,18.10,1011.16,9945.00,44
2026-05-06 14:07:26,120549.00,,,,,18.00,1011.32,6646.67,57
2026-05-06 14:07:31,120554.00,,,,,18.00,1011.21,7115.83,62
2026-05-06 14:07:36,120559.00,,,,,17.90,1011.24,6755.83,64
2026-05-06 14:07:41,120604.00,,,,,17.80,1011.25,6345.83,64
2026-05-06 14:07:58,120619.00,,,,,17.90,1011.22,8858.33,58
2026-05-06 14:08:03,120624.00,,,,,17.90,1011.29,8751.67,58
2026-05-06 14:08:08,120629.00,,,,,17.90,1011.30,8241.67,56
2026-05-06 14:08:14,120635.00,,,,,18.00,1011.36,785.00,55
2026-05-06 14:08:19,120639.99,,,,,18.00,1011.22,8255.00,56
2026-05-06 14:08:24,120645.00,,,,,18.00,1011.45,60.00,55
2026-05-06 14:08:29,120650.00,,,,,18.00,1011.46,63.33,57
2026-05-06 14:08:34,120655.01,,,,,18.10,1011.46,30.83,52
2026-05-06 14:08:39,120700.00,,,,,18.10,1011.53,25.00,53
2026-05-06 14:08:44,120705.00,,,,,18.20,1011.40,22.50,53
2026-05-06 14:08:49,120709.99,,,,,18.30,1011.44,36.67,53
2026-05-06 14:08:54,120715.00,,,,,18.30,1011.39,33.33,51
2026-05-06 14:08:59,120719.99,,,,,18.40,1011.26,81.67,52
2026-05-06 14:09:04,120725.00,,,,,18.40,1011.45,76.67,52
2026-05-06 14:09:09,120730.00,,,,,18.50,1011.30,73.33,52
2026-05-06 14:09:14,120735.00,,,,,18.50,1011.37,72.50,51
2026-05-06 14:09:19,120740.00,,,,,18.50,1011.34,66.67,51
2026-05-06 14:09:24,120745.00,,,,,18.50,1011.39,39.17,51
2026-05-06 14:09:29,120750.00,,,,,18.60,1011.43,26.67,53
2026-05-06 14:09:34,120755.00,,,,,18.60,1011.48,30.83,51
2026-05-06 14:09:39,120800.00,,,,,18.70,1011.43,26.67,50
2026-05-06 14:09:44,120805.00,,,,,18.70,1011.45,32.50,51
2026-05-06 14:09:49,120810.00,,,,,18.80,1011.46,77.50,52
2026-05-06 14:09:54,120815.00,,,,,18.80,1011.52,56.67,52
2026-05-06 14:09:59,120820.00,,,,,18.80,1011.37,44.17,53
2026-05-06 14:10:04,120825.00,,,,,18.90,1011.42,30.83,54
2026-05-06 14:10:09,120830.00,,,,,18.90,1011.48,34.17,54
2026-05-06 14:10:14,120835.00,,,,,18.90,1011.47,30.83,52
2026-05-06 14:10:19,120840.00,,,,,18.90,1011.42,40.83,53
2026-05-06 14:10:24,120845.00,,,,,19.00,1011.49,33.33,52
2026-05-06 14:10:29,120850.00,,,,,19.00,1011.50,41.67,52
2026-05-06 14:10:34,120855.00,,,,,19.10,1011.50,40.83,53
2026-05-06 14:10:39,120900.00,,,,,19.10,1011.47,37.50,53
2026-05-06 14:10:44,120905.00,,,,,19.10,1011.42,61.67,52
2026-05-06 14:10:49,120910.00,,,,,19.20,1011.48,83.33,53
2026-05-06 14:10:54,120915.00,,,,,19.10,1011.46,82.50,52
2026-05-06 14:10:59,120920.00,,,,,19.10,1011.52,32.50,52
2026-05-06 14:11:04,120925.00,,,,,19.20,1011.36,43.33,52
2026-05-06 14:11:09,120930.00,,,,,19.30,1011.47,30.83,52
2026-05-06 14:11:14,120935.00,,,,,19.30,1011.47,53.33,52
2026-05-06 14:11:19,120940.00,,,,,19.40,1011.44,72.50,52
2026-05-06 14:11:24,120945.00,,,,,19.50,1011.45,47.50,52
2026-05-06 14:11:29,120950.00,,,,,19.50,1011.38,32.50,51
2026-05-06 14:11:34,120955.00,,,,,19.50,1011.49,41.67,51
2026-05-06 14:11:39,121000.00,,,,,19.70,1011.52,59.17,51
2026-05-06 14:11:44,121005.00,,,,,19.70,1011.51,84.17,52
2026-05-06 14:11:49,121010.00,,,,,19.70,1011.57,64.17,52
2026-05-06 14:11:54,121015.00,,,,,19.80,1011.60,58.33,52
2026-05-06 14:11:59,121020.00,,,,,19.90,1011.57,45.00,50
2026-05-06 14:12:04,121025.00,,,,,19.90,1011.50,43.33,51
2026-05-06 14:12:09,121030.00,,,,,20.00,1011.52,15.83,52
2026-05-06 14:12:14,121035.00,,,,,20.10,1011.50,35.00,51
2026-05-06 14:12:19,121040.00,,,,,20.00,1011.51,40.83,51
2026-05-06 14:12:24,121045.00,,,,,20.10,1011.48,43.33,52
2026-05-06 14:12:30,121050.00,,,,,20.10,1011.46,47.50,52
2026-05-06 14:12:35,121055.00,,,,,20.10,1011.52,41.67,52
2026-05-06 14:12:40,121100.00,,,,,20.10,1011.51,50.83,52
2026-05-06 14:12:45,121105.00,,,,,20.20,1011.44,25.00,52
2026-05-06 14:12:50,121110.00,,,,,20.20,1011.47,40.00,52
2026-05-06 14:12:55,121115.00,,,,,20.10,1011.41,50.83,52
2026-05-06 14:13:00,121120.00,,,,,20.20,1011.45,40.83,57
2026-05-06 14:13:05,121125.00,,,,,20.30,1011.45,30.00,52
2026-05-06 14:13:10,121130.00,,,,,20.30,1011.44,41.67,52
2026-05-06 14:13:15,121135.00,,,,,20.40,1011.48,42.50,52
2026-05-06 14:13:20,121140.00,,,,,20.40,1011.40,70.83,51
2026-05-06 14:13:25,121145.00,,,,,20.40,1011.44,74.17,51
2026-05-06 14:13:30,121150.00,,,,,20.50,1011.51,40.83,53
2026-05-06 14:13:35,121155.00,5221.25279,N,00453.94389,E,-35.20,107.95,-1.00,52
2026-05-06 14:13:40,121200.00,5221.24906,N,00453.94041,E,-31.60,118.18,-1.00,53
2026-05-06 14:13:45,121205.00,5221.25068,N,00453.93836,E,20.60,1011.38,95.00,55
2026-05-06 14:13:50,121210.00,5221.25009,N,00453.93431,E,20.80,1011.34,78.33,54
2026-05-06 14:13:55,121215.00,5221.25201,N,00453.93221,E,20.80,1011.42,65.83,55
2026-05-06 14:14:00,121220.00,5221.25179,N,00453.92754,E,20.90,1011.39,32.50,53
2026-05-06 14:14:05,121225.00,5221.25040,N,00453.92230,E,21.00,1011.35,50.00,53
2026-05-06 14:14:10,121230.00,5221.24761,N,00453.91502,E,20.90,1011.45,49.17,53
2026-05-06 14:14:15,121235.00,,,,,21.00,1011.44,26.67,47
2026-05-06 14:14:20,121240.00,5221.24475,N,00453.90510,E,21.00,1011.41,16.67,54
2026-05-06 14:14:25,121245.00,5221.24649,N,00453.90223,E,21.10,1011.41,21.67,52
2026-05-06 14:14:30,121250.00,,,,,21.20,1011.52,10.83,52
2026-05-06 14:14:35,121255.00,5221.24644,N,00453.89435,E,21.20,1011.44,25.00,52
2026-05-06 14:14:40,121300.00,5221.24315,N,00453.88629,E,21.30,1011.46,11.67,53
2026-05-06 14:14:45,121305.00,5221.24222,N,00453.88127,E,21.30,1011.46,16.67,52
2026-05-06 14:14:50,121310.00,5221.23886,N,00453.87700,E,21.30,1011.50,30.00,51
2026-05-06 14:14:55,121315.00,,,,,21.10,1011.47,34.17,52
2026-05-06 14:15:00,121320.00,5221.22725,N,00453.87029,E,21.10,1011.52,64.17,55
2026-05-06 14:15:05,121325.00,5221.22514,N,00453.86968,E,21.10,1011.49,51.67,55
2026-05-06 14:15:10,121330.00,5221.22287,N,00453.86581,E,21.20,1011.48,28.33,56
2026-05-06 14:15:15,121335.00,5221.22086,N,00453.86174,E,21.20,1011.45,29.17,56
2026-05-06 14:15:20,121340.00,5221.21760,N,00453.85632,E,21.30,1011.43,26.67,56
2026-05-06 14:15:25,121345.00,5221.21635,N,00453.85071,E,21.30,1011.47,44.17,57
2026-05-06 14:15:30,121350.00,,,,,21.30,1011.51,65.83,56
2026-05-06 14:15:35,121355.00,5221.21242,N,00453.83454,E,21.30,1011.48,55.00,56
2026-05-06 14:15:40,121400.00,5221.21146,N,00453.82852,E,21.30,1011.51,45.00,62
2026-05-06 14:15:45,121406.00,5221.21213,N,00453.82372,E,21.30,1011.47,60.00,56
2026-05-06 14:15:50,121411.00,5221.21456,N,00453.81825,E,21.30,1011.51,44.17,55
2026-05-06 14:15:55,121416.00,,,,,21.40,1011.50,82.50,56
2026-05-06 14:16:00,121421.00,5221.21113,N,00453.80206,E,21.40,1011.49,62.50,56
2026-05-06 14:16:05,121426.00,5221.20941,N,00453.79391,E,21.40,1011.53,75.00,57
2026-05-06 14:16:10,121431.00,5221.20808,N,00453.79026,E,21.40,1011.50,55.00,56
2026-05-06 14:16:15,121436.00,5221.20684,N,00453.78533,E,21.40,1011.44,55.00,55
2026-05-06 14:16:20,121441.00,5221.20411,N,00453.77592,E,21.40,1011.58,61.67,56
2026-05-06 14:16:25,121446.00,5221.20173,N,00453.77215,E,21.40,1011.55,32.50,56
2026-05-06 14:16:30,121451.00,5221.20087,N,00453.76680,E,21.40,1011.46,60.83,56
2026-05-06 14:16:35,121456.00,5221.19879,N,00453.75921,E,21.40,1011.52,72.50,57
2026-05-06 14:16:40,121501.00,5221.19920,N,00453.75644,E,21.30,1011.49,51.67,56
2026-05-06 14:16:45,121506.00,5221.19984,N,00453.75382,E,21.30,1011.41,69.17,57
2026-05-06 14:16:50,121511.00,5221.20145,N,00453.75047,E,21.20,1011.46,59.17,57
2026-05-06 14:16:55,121516.00,5221.19945,N,00453.74494,E,21.20,1011.51,60.83,57
2026-05-06 14:17:00,121521.00,5221.20185,N,00453.74170,E,21.20,1011.50,54.17,57
2026-05-06 14:17:05,121526.00,5221.20119,N,00453.73575,E,21.20,1011.59,56.67,58
2026-05-06 14:17:10,121531.00,5221.20645,N,00453.73366,E,21.20,1011.53,62.50,57
2026-05-06 14:17:15,121536.00,5221.20841,N,00453.73146,E,21.10,1011.55,71.67,58
2026-05-06 14:17:20,121541.00,5221.20947,N,00453.72686,E,21.20,1011.54,68.33,57
2026-05-06 14:17:25,121546.00,5221.21043,N,00453.72302,E,21.30,1011.49,68.33,57
2026-05-06 14:17:30,121551.00,5221.21032,N,00453.71898,E,21.30,1011.50,70.00,56
2026-05-06 14:17:35,121556.00,5221.21094,N,00453.71638,E,21.30,1011.50,75.00,58
2026-05-06 14:17:40,121601.00,5221.21006,N,00453.71101,E,21.30,1011.52,63.33,57
2026-05-06 14:17:45,121606.00,5221.21215,N,00453.70741,E,21.30,1011.51,41.67,58
2026-05-06 14:17:50,121611.00,5221.21171,N,00453.70278,E,21.20,1011.46,35.83,57
2026-05-06 14:17:55,121616.00,5221.20834,N,00453.69677,E,21.20,1011.51,30.83,57
2026-05-06 14:18:00,121621.00,5221.20453,N,00453.69066,E,21.20,1011.48,51.67,56
2026-05-06 14:18:05,121626.00,5221.20517,N,00453.68634,E,21.30,1011.41,55.83,57
2026-05-06 14:18:10,121631.00,5221.20562,N,00453.68284,E,21.30,1011.48,100.00,56
2026-05-06 14:18:15,121636.00,5221.20909,N,00453.68169,E,21.30,1011.46,100.83,56
2026-05-06 14:18:20,121641.00,5221.20916,N,00453.67766,E,21.30,1011.44,85.83,56
2026-05-06 14:18:25,121646.00,5221.20673,N,00453.66981,E,21.30,1011.43,49.17,57
2026-05-06 14:18:30,121651.00,5221.20744,N,00453.66436,E,21.40,1011.44,35.00,58
2026-05-06 14:18:35,121656.00,5221.20266,N,00453.65588,E,21.40,1011.41,21.67,59
2026-05-06 14:18:40,121701.00,5221.19986,N,00453.64976,E,21.40,1011.48,22.50,58
2026-05-06 14:18:45,121706.00,5221.19767,N,00453.64502,E,21.50,1011.44,46.67,57
2026-05-06 14:18:50,121711.00,5221.20033,N,00453.63997,E,21.50,1011.45,44.17,57
2026-05-06 14:18:55,121716.00,5221.19779,N,00453.63490,E,21.40,1011.49,44.17,57
2026-05-06 14:19:00,121721.00,5221.19782,N,00453.63025,E,21.40,1011.47,42.50,58
2026-05-06 14:19:05,121726.00,5221.19812,N,00453.62394,E,21.20,209.81,-1.00,58
2026-05-06 14:19:10,121731.00,5221.19633,N,00453.61812,E,21.20,1011.41,15.83,59
2026-05-06 14:19:15,121736.00,5221.19481,N,00453.61266,E,21.20,1011.43,16.67,57
2026-05-06 14:19:20,121741.00,5221.19150,N,00453.60550,E,21.30,1011.43,25.83,57
2026-05-06 14:19:25,121746.00,5221.19057,N,00453.60105,E,21.30,1011.36,19.17,57
2026-05-06 14:19:30,121751.00,5221.18990,N,00453.59643,E,21.30,1011.45,41.67,57
2026-05-06 14:19:35,121756.00,5221.19495,N,00453.59317,E,21.30,1011.37,35.00,58
2026-05-06 14:19:40,121801.00,5221.19520,N,00453.58942,E,21.20,1011.44,35.83,57
2026-05-06 14:19:45,121806.00,5221.19644,N,00453.58558,E,21.30,1011.42,41.67,58
2026-05-06 14:19:50,121811.00,5221.19808,N,00453.58174,E,21.30,1011.39,42.50,57
2026-05-06 14:19:55,121816.00,5221.19821,N,00453.57664,E,21.30,1011.49,40.00,59
2026-05-06 14:20:00,121821.00,5221.19583,N,00453.57054,E,21.20,1011.47,23.33,59
2026-05-06 14:20:05,121826.00,5221.19636,N,00453.56415,E,21.10,1011.52,29.17,58
2026-05-06 14:20:10,121831.00,5221.19184,N,00453.55586,E,21.10,1011.45,35.83,59
2026-05-06 14:20:15,121836.00,5221.19129,N,00453.54906,E,21.00,1011.41,41.67,57
2026-05-06 14:20:20,121841.00,5221.18957,N,00453.54117,E,21.00,1011.43,55.83,57
2026-05-06 14:20:25,121846.00,5221.18799,N,00453.53471,E,21.00,1011.45,55.00,58
2026-05-06 14:20:30,121851.00,5221.18683,N,00453.52731,E,21.00,1011.43,40.83,58
2026-05-06 14:20:35,121856.00,5221.18288,N,00453.52032,E,20.90,1011.46,73.33,58
2026-05-06 14:20:40,121901.00,5221.18615,N,00453.51603,E,20.90,1011.46,57.50,57
2026-05-06 14:20:45,121906.00,5221.18752,N,00453.50937,E,20.90,1011.45,69.17,57
2026-05-06 14:20:50,121911.00,5221.18996,N,00453.50462,E,20.90,1011.37,45.00,57
2026-05-06 14:20:55,121916.00,5221.19162,N,00453.49902,E,21.00,1011.35,63.33,58
2026-05-06 14:21:00,121921.00,5221.18902,N,00453.49090,E,21.00,1011.38,64.17,57
2026-05-06 14:21:05,121926.00,5221.18732,N,00453.48611,E,21.00,1011.29,46.67,58
2026-05-06 14:21:10,121931.00,5221.18709,N,00453.48336,E,21.00,1011.38,48.33,59
2026-05-06 14:21:15,121936.00,5221.18555,N,00453.47864,E,21.00,1011.42,35.83,59
2026-05-06 14:21:20,121941.00,5221.18606,N,00453.47545,E,21.00,1011.42,51.67,58
2026-05-06 14:21:25,121946.00,5221.18289,N,00453.46633,E,21.00,1011.40,51.67,59
2026-05-06 14:21:30,121951.00,5221.18283,N,00453.46350,E,21.00,1011.44,40.00,58
2026-05-06 14:21:35,121956.00,5221.19076,N,00453.45971,E,21.00,1011.36,53.33,58
2026-05-06 14:21:40,122001.00,5221.19703,N,00453.45762,E,21.00,1011.42,46.67,59
2026-05-06 14:21:45,122006.00,5221.20428,N,00453.45885,E,20.90,1011.41,68.33,58
2026-05-06 14:21:50,122011.00,5221.20500,N,00453.45817,E,20.90,1011.38,17.50,58
2026-05-06 14:21:55,122016.00,5221.20716,N,00453.45545,E,21.00,1011.33,10.00,58
2026-05-06 14:22:00,122021.00,5221.20308,N,00453.45007,E,21.00,1011.35,11.67,59
2026-05-06 14:22:05,122026.00,5221.20355,N,00453.44845,E,21.10,1011.45,17.50,58
2026-05-06 14:22:10,122031.00,5221.20554,N,00453.44686,E,21.00,1011.32,42.50,58
2026-05-06 14:22:15,122036.00,5221.21068,N,00453.44469,E,21.00,1011.43,38.33,58
2026-05-06 14:22:20,122041.00,5221.21462,N,00453.44199,E,20.90,1011.34,43.33,59
2026-05-06 14:22:25,122046.00,5221.21956,N,00453.43993,E,20.80,1011.34,40.00,60
2026-05-06 14:22:30,122051.00,5221.22703,N,00453.43846,E,20.70,1011.28,60.83,59
2026-05-06 14:22:35,122056.00,5221.23221,N,00453.43992,E,20.60,1011.44,62.50,60
2026-05-06 14:22:40,122101.00,5221.23462,N,00453.43908,E,20.60,1011.45,65.83,58
2026-05-06 14:22:45,122106.00,5221.24066,N,00453.43855,E,20.70,1011.52,35.00,58
2026-05-06 14:22:50,122111.00,5221.24499,N,00453.43782,E,20.60,1011.55,49.17,58
2026-05-06 14:22:55,122116.00,5221.24966,N,00453.43422,E,20.50,1011.51,25.00,58
2026-05-06 14:23:00,122121.00,5221.25247,N,00453.43016,E,20.40,1011.43,56.67,58
2026-05-06 14:23:05,122126.00,5221.25626,N,00453.42890,E,20.40,1011.43,25.00,58
2026-05-06 14:23:10,122131.00,5221.25835,N,00453.42808,E,20.50,1011.37,73.33,58
2026-05-06 14:23:15,122136.00,5221.26338,N,00453.42968,E,20.50,1011.44,57.50,58
2026-05-06 14:23:20,122141.00,5221.26743,N,00453.42860,E,20.50,1011.43,43.33,58
2026-05-06 14:23:25,122146.00,5221.27401,N,00453.42764,E,20.60,1011.59,40.00,59
2026-05-06 14:23:30,122151.00,5221.27598,N,00453.42525,E,20.70,1011.50,55.83,59
2026-05-06 14:23:35,122156.00,5221.27678,N,00453.42218,E,20.70,1011.51,43.33,58
2026-05-06 14:23:40,122201.00,5221.28528,N,00453.42194,E,20.70,1011.47,65.00,58
2026-05-06 14:23:45,122206.00,5221.29046,N,00453.42167,E,20.70,1011.55,41.67,59
2026-05-06 14:23:50,122211.00,5221.29245,N,00453.42202,E,20.50,1011.49,29.17,60
2026-05-06 14:23:55,122216.00,5221.29486,N,00453.42303,E,20.40,1011.44,31.67,58
2026-05-06 14:24:00,122221.00,5221.29547,N,00453.42727,E,20.50,1011.52,45.00,58
2026-05-06 14:24:05,122226.00,5221.29501,N,00453.42932,E,20.60,1011.54,40.00,58
2026-05-06 14:24:10,122231.00,5221.30300,N,00453.43642,E,20.50,1011.56,33.33,59
2026-05-06 14:24:15,122236.00,5221.30749,N,00453.44159,E,20.50,1011.48,31.67,58
2026-05-06 14:24:20,122241.00,5221.30952,N,00453.44759,E,20.50,1011.49,33.33,58
2026-05-06 14:24:25,122246.00,5221.31136,N,00453.45342,E,20.60,1011.51,30.00,59
2026-05-06 14:24:30,122251.00,5221.31240,N,00453.45878,E,20.60,1011.61,29.17,58
2026-05-06 14:24:35,122256.00,5221.31361,N,00453.46308,E,20.60,1011.56,38.33,58
2026-05-06 14:24:40,122301.00,5221.31474,N,00453.46898,E,20.60,1011.58,35.00,58
2026-05-06 14:24:45,122306.00,5221.31559,N,00453.47489,E,20.70,1011.44,35.00,58
2026-05-06 14:24:50,122311.00,5221.31638,N,00453.48118,E,20.70,1011.56,37.50,59
2026-05-06 14:24:55,122316.00,5221.31791,N,00453.48704,E,20.80,1011.51,40.83,58
2026-05-06 14:25:00,122321.00,5221.31875,N,00453.49318,E,20.80,1011.49,36.67,58
2026-05-06 14:25:05,122326.00,5221.32030,N,00453.49815,E,20.90,1011.47,35.83,58
2026-05-06 14:25:10,122331.00,5221.32196,N,00453.50400,E,20.90,1011.48,31.67,58
2026-05-06 14:25:15,122336.00,5221.32325,N,00453.50948,E,20.90,1011.53,35.83,58
2026-05-06 14:25:21,122341.00,5221.32435,N,00453.51546,E,20.90,1011.59,35.83,58
2026-05-06 14:25:26,122346.00,5221.32542,N,00453.52121,E,21.00,1011.52,39.17,58
2026-05-06 14:25:31,122351.00,5221.32636,N,00453.52785,E,20.90,1011.54,31.67,58
2026-05-06 14:25:36,122356.00,5221.32738,N,00453.53322,E,21.00,1011.48,33.33,58
2026-05-06 14:25:41,122401.00,5221.32852,N,00453.53848,E,21.00,1011.45,31.67,58
2026-05-06 14:25:46,122406.00,5221.32888,N,00453.54584,E,21.00,1011.57,34.17,60
2026-05-06 14:25:51,122411.00,5221.33006,N,00453.55103,E,21.10,1011.48,30.00,58
2026-05-06 14:25:56,122416.00,5221.33105,N,00453.55546,E,21.10,1011.47,35.83,58
2026-05-06 14:26:01,122421.00,5221.33275,N,00453.56021,E,21.10,1011.42,30.83,58
2026-05-06 14:26:06,122426.00,5221.33309,N,00453.56627,E,21.10,1011.49,28.33,59
2026-05-06 14:26:11,122431.00,5221.33393,N,00453.57124,E,21.00,1011.47,25.83,59
2026-05-06 14:26:16,122436.00,5221.33177,N,00453.57798,E,20.80,1011.49,25.83,59
2026-05-06 14:26:21,122441.00,5221.32961,N,00453.58315,E,20.60,1011.51,30.00,59
2026-05-06 14:26:26,122446.00,5221.32532,N,00453.58862,E,20.60,1011.52,20.00,58
2026-05-06 14:26:31,122451.00,5221.32094,N,00453.59112,E,20.80,1011.53,23.33,58
2026-05-06 14:26:36,122456.00,5221.31548,N,00453.59298,E,20.90,1011.45,23.33,59
2026-05-06 14:26:41,122501.00,5221.31066,N,00453.59502,E,20.90,1011.49,27.50,61
2026-05-06 14:26:46,122506.00,5221.30563,N,00453.59604,E,21.00,1011.46,65.83,59
2026-05-06 14:26:51,122511.00,5221.30267,N,00453.59843,E,20.90,1011.49,45.00,59
2026-05-06 14:26:56,122516.00,5221.29966,N,00453.60083,E,20.90,1011.48,43.33,59
2026-05-06 14:27:01,122521.00,5221.29434,N,00453.60047,E,20.90,1011.51,25.83,59
2026-05-06 14:27:06,122526.00,5221.29033,N,00453.60257,E,21.00,1011.53,16.67,59
2026-05-06 14:27:11,122531.00,5221.28746,N,00453.60459,E,21.00,1011.49,10.00,60
2026-05-06 14:27:16,122536.00,5221.28458,N,00453.60666,E,20.90,1011.48,12.50,58
2026-05-06 14:27:21,122541.00,5221.28085,N,00453.60828,E,20.90,1011.46,41.67,59
2026-05-06 14:27:26,122546.00,5221.27730,N,00453.61142,E,21.00,1011.51,28.33,59
2026-05-06 14:27:31,122551.00,5221.27346,N,00453.61412,E,21.10,1011.46,38.33,59
2026-05-06 14:27:36,122556.00,5221.27103,N,00453.61695,E,21.10,1011.38,39.17,60
2026-05-06 14:27:41,122601.00,5221.27226,N,00453.62137,E,21.00,1011.49,22.50,59
2026-05-06 14:27:46,122606.00,5221.27443,N,00453.62458,E,21.00,1011.56,25.00,59
2026-05-06 14:27:51,122611.00,5221.27620,N,00453.62691,E,21.10,1011.51,31.67,59
2026-05-06 14:27:56,122616.00,5221.27795,N,00453.62972,E,21.10,1011.50,32.50,59
2026-05-06 14:28:01,122621.00,5221.27847,N,00453.63345,E,20.90,1011.50,38.33,59
2026-05-06 14:28:06,122626.00,5221.27959,N,00453.64195,E,20.80,1011.57,37.50,59
2026-05-06 14:28:11,122631.00,5221.28059,N,00453.64964,E,20.60,1011.54,37.50,60
2026-05-06 14:28:16,122636.00,5221.28198,N,00453.65606,E,20.70,1011.61,40.00,59
2026-05-06 14:28:21,122641.00,5221.28357,N,00453.66208,E,20.50,1011.63,43.33,59
2026-05-06 14:28:26,122646.00,5221.28489,N,00453.66548,E,20.70,1011.59,41.67,59
2026-05-06 14:28:31,122651.00,5221.28606,N,00453.67274,E,20.80,1011.58,51.67,59
2026-05-06 14:28:36,122656.00,5221.28745,N,00453.67847,E,20.70,1011.57,45.83,59
2026-05-06 14:28:41,122701.00,5221.28894,N,00453.68297,E,20.60,1011.62,49.17,59
2026-05-06 14:28:46,122706.00,5221.29019,N,00453.68926,E,20.70,1011.55,46.67,59
2026-05-06 14:28:51,122712.00,5221.29186,N,00453.69638,E,20.40,1011.53,54.17,59
2026-05-06 14:28:56,122717.00,5221.29250,N,00453.70373,E,20.50,1011.55,38.33,60
2026-05-06 14:29:01,122722.00,5221.29412,N,00453.70815,E,20.60,1011.54,46.67,59
2026-05-06 14:29:06,122727.00,5221.29492,N,00453.71394,E,20.60,1011.58,38.33,59
2026-05-06 14:29:11,122732.00,5221.29664,N,00453.71756,E,20.60,1011.50,43.33,59
2026-05-06 14:29:16,122737.00,5221.29803,N,00453.72326,E,20.40,1011.49,42.50,59
2026-05-06 14:29:21,122742.00,5221.29989,N,00453.72787,E,20.30,1011.44,55.83,59
2026-05-06 14:29:26,122747.00,5221.29935,N,00453.73838,E,20.30,1011.46,70.00,59
2026-05-06 14:29:31,122752.00,5221.29676,N,00453.75096,E,20.30,1011.56,68.33,60
2026-05-06 14:29:36,122757.00,5221.29522,N,00453.75461,E,20.40,1011.46,36.67,59
2026-05-06 14:29:41,122802.00,5221.29384,N,00453.75741,E,20.40,1011.60,30.00,59
2026-05-06 14:29:46,122807.00,5221.29396,N,00453.76004,E,20.30,1011.53,28.33,59
2026-05-06 14:29:51,122812.00,5221.29395,N,00453.76020,E,20.40,1011.59,15.00,59
2026-05-06 14:29:56,122817.00,5221.29400,N,00453.76068,E,20.50,1011.58,15.83,60
2026-05-06 14:30:01,122822.00,5221.29449,N,00453.75996,E,20.50,1011.62,15.83,59
2026-05-06 14:30:06,122827.00,5221.29471,N,00453.75990,E,20.60,1011.62,15.83,59
2026-05-06 14:30:11,122832.00,5221.29462,N,00453.76015,E,20.60,1011.67,15.00,59
2026-05-06 14:30:16,122837.00,5221.29467,N,00453.76080,E,20.70,1011.65,15.00,59
2026-05-06 14:30:21,122842.00,5221.29474,N,00453.76211,E,20.70,1011.59,15.83,60
2026-05-06 14:30:26,122847.00,5221.29432,N,00453.76337,E,20.70,1011.66,21.67,53
2026-05-06 14:30:31,122852.00,5221.29467,N,00453.76419,E,20.60,1011.68,19.17,55
2026-05-06 14:30:36,122857.00,5221.29551,N,00453.76356,E,20.60,1011.62,44.17,55
2026-05-06 14:30:41,122902.00,5221.29682,N,00453.76251,E,20.60,1011.63,26.67,55
2026-05-06 14:30:46,122907.00,5221.29768,N,00453.76180,E,20.40,1011.60,23.33,56
2026-05-06 14:30:51,122912.00,5221.29605,N,00453.75911,E,20.40,1011.60,26.67,55
2026-05-06 14:30:56,122917.00,5221.29570,N,00453.75843,E,20.60,1011.61,45.00,55
2026-05-06 14:31:01,122922.00,5221.29562,N,00453.75764,E,20.70,1011.58,45.83,55
2026-05-06 14:31:06,122927.00,5221.29545,N,00453.75694,E,20.50,1011.65,49.17,55
2026-05-06 14:31:11,122932.00,5221.29487,N,00453.76016,E,20.40,1011.58,24.17,54
2026-05-06 14:31:16,122937.00,5221.29474,N,00453.76262,E,20.40,1011.65,40.00,55
2026-05-06 14:31:21,122942.00,5221.29450,N,00453.76371,E,20.40,1011.59,25.00,56
2026-05-06 14:31:26,122947.00,5221.29316,N,00453.76491,E,20.50,1011.63,24.17,56
2026-05-06 14:31:31,122952.00,5221.29081,N,00453.76376,E,20.40,1011.72,19.17,55
2026-05-06 14:31:36,122957.00,5221.28791,N,00453.76290,E,20.00,1011.71,23.33,56
2026-05-06 14:31:41,123002.00,5221.28406,N,00453.76378,E,19.50,1011.70,69.17,55
2026-05-06 14:31:46,123007.00,5221.28024,N,00453.76396,E,19.20,1011.78,78.33,55
2026-05-06 14:31:51,123012.00,5221.27634,N,00453.76332,E,19.20,1011.69,79.17,55
2026-05-06 14:31:56,123017.00,5221.27243,N,00453.76273,E,19.40,1011.59,86.67,55
2026-05-06 14:32:01,123022.00,5221.26913,N,00453.76330,E,19.60,1011.66,64.17,54
2026-05-06 14:32:06,123027.00,5221.26568,N,00453.76244,E,19.80,1011.69,40.83,54
2026-05-06 14:32:11,123032.00,5221.26240,N,00453.76180,E,20.00,1011.70,26.67,55
2026-05-06 14:32:16,123037.00,5221.25856,N,00453.76070,E,20.00,1011.73,22.50,57
2026-05-06 14:32:21,123042.00,5221.25607,N,00453.75932,E,20.20,1011.72,20.83,56
2026-05-06 14:32:26,123047.00,5221.25287,N,00453.75654,E,20.30,1011.70,56.67,55
2026-05-06 14:32:31,123052.00,5221.25011,N,00453.75368,E,20.40,1011.79,52.50,55
2026-05-06 14:32:36,123057.00,5221.24685,N,00453.75134,E,20.50,1011.78,48.33,55
2026-05-06 14:32:41,123102.00,5221.24463,N,00453.74723,E,20.60,1011.73,90.83,55
2026-05-06 14:32:46,123107.00,5221.24206,N,00453.74337,E,20.60,1011.74,85.00,55
2026-05-06 14:32:51,123112.00,5221.24064,N,00453.73698,E,20.80,1011.75,62.50,55
2026-05-06 14:32:56,123117.00,5221.24026,N,00453.73213,E,20.40,1011.42,11239.17,55
2026-05-06 14:33:01,123122.00,5221.23970,N,00453.72652,E,20.60,1011.68,119.17,56
2026-05-06 14:33:06,123127.00,5221.24137,N,00453.72125,E,20.70,1011.70,102.50,55
2026-05-06 14:33:11,123132.00,5221.24288,N,00453.71685,E,20.70,1011.71,76.67,56
2026-05-06 14:33:16,123137.00,5221.24476,N,00453.71258,E,20.80,1011.73,86.67,55
2026-05-06 14:33:21,123142.00,5221.24740,N,00453.70970,E,20.80,1011.74,91.67,56
2026-05-06 14:33:26,123147.00,5221.24998,N,00453.70767,E,20.80,1011.85,37.50,56
2026-05-06 14:33:31,123152.00,5221.25059,N,00453.70386,E,20.80,1011.82,53.33,56
2026-05-06 14:33:36,123157.00,5221.25126,N,00453.69918,E,20.80,1011.71,46.67,56
2026-05-06 14:33:41,123202.00,5221.25127,N,00453.69469,E,20.80,1011.76,59.17,55
2026-05-06 14:33:46,123207.00,5221.25311,N,00453.68958,E,20.80,1011.73,59.17,55
2026-05-06 14:33:51,123212.00,5221.25313,N,00453.68371,E,20.80,1011.74,69.17,55
2026-05-06 14:33:56,123217.00,5221.25202,N,00453.67993,E,20.80,1011.81,65.00,55
2026-05-06 14:34:01,123222.00,5221.24921,N,00453.67663,E,20.70,1011.71,42.50,55
2026-05-06 14:34:06,123227.00,5221.24722,N,00453.67376,E,20.70,1011.77,44.17,55
2026-05-06 14:34:11,123232.00,5221.24504,N,00453.67031,E,20.90,1011.69,27.50,54
2026-05-06 14:34:16,123237.00,5221.24250,N,00453.66692,E,20.90,1011.69,18.33,55
2026-05-06 14:34:21,123242.00,5221.23953,N,00453.66288,E,21.00,1011.60,12.50,54
2026-05-06 14:34:26,123247.00,5221.23775,N,00453.65786,E,21.00,1011.61,13.33,55
2026-05-06 14:34:31,123252.00,5221.23557,N,00453.65425,E,21.00,1011.53,24.17,55
2026-05-06 14:34:36,123257.00,5221.23395,N,00453.64930,E,21.10,1011.55,52.50,53
2026-05-06 14:34:41,123302.00,5221.23249,N,00453.64601,E,21.00,1011.52,77.50,56
2026-05-06 14:34:46,123307.00,5221.23127,N,00453.64308,E,21.00,1011.48,46.67,54
2026-05-06 14:34:51,123312.00,5221.22904,N,00453.64027,E,21.00,1011.45,18.33,55
2026-05-06 14:34:56,123317.00,5221.22730,N,00453.63481,E,21.00,1011.56,36.67,57
2026-05-06 14:35:01,123322.00,5221.22649,N,00453.62913,E,21.10,1011.45,42.50,57
2026-05-06 14:35:06,123327.00,5221.22631,N,00453.62334,E,21.10,1011.40,35.83,57
2026-05-06 14:35:11,123332.00,5221.22635,N,00453.61892,E,21.10,1011.51,28.33,57
2026-05-06 14:35:16,123337.00,5221.22473,N,00453.61367,E,21.10,1011.47,28.33,56
2026-05-06 14:35:21,123342.00,5221.22462,N,00453.60914,E,21.20,1011.46,31.67,57
2026-05-06 14:35:26,123347.00,5221.22205,N,00453.60407,E,21.20,1011.50,20.83,56
2026-05-06 14:35:31,123352.00,5221.22459,N,00453.59669,E,21.20,1011.50,35.00,56
2026-05-06 14:35:36,123357.00,5221.22501,N,00453.59003,E,21.20,1011.45,28.33,57
2026-05-06 14:35:41,123402.00,5221.22427,N,00453.58501,E,21.20,1011.46,28.33,56
2026-05-06 14:35:46,123407.00,5221.22156,N,00453.58020,E,21.30,1011.46,35.00,56
2026-05-06 14:35:51,123412.00,5221.21861,N,00453.57487,E,21.30,1011.42,32.50,56
2026-05-06 14:35:56,123417.00,5221.22015,N,00453.56882,E,21.30,1011.49,41.67,56
2026-05-06 14:36:01,123422.00,5221.22092,N,00453.56313,E,21.20,1011.37,38.33,55
2026-05-06 14:36:06,123427.00,5221.21942,N,00453.55638,E,21.20,1011.45,37.50,55
2026-05-06 14:36:11,123432.00,5221.21764,N,00453.55026,E,21.20,1011.44,37.50,57
2026-05-06 14:36:16,123437.00,5221.21822,N,00453.54405,E,21.20,1011.42,36.67,56
2026-05-06 14:36:21,123442.00,5221.21709,N,00453.53767,E,21.20,1011.47,35.00,56
2026-05-06 14:36:26,123447.00,5221.21764,N,00453.53169,E,21.30,1011.46,20.00,56
2026-05-06 14:36:31,123452.00,5221.21635,N,00453.52630,E,21.30,1011.46,30.83,56
2026-05-06 14:36:36,123457.00,5221.21607,N,00453.51893,E,21.30,1011.46,28.33,56
2026-05-06 14:36:41,123502.00,5221.21542,N,00453.51339,E,21.40,1011.55,32.50,56
2026-05-06 14:36:46,123507.00,5221.21656,N,00453.50736,E,21.40,1011.52,36.67,56
2026-05-06 14:36:51,123512.00,5221.21631,N,00453.50194,E,21.50,1011.53,36.67,56
2026-05-06 14:36:56,123517.00,5221.21342,N,00453.49694,E,21.50,1011.44,37.50,56
2026-05-06 14:37:01,123522.00,5221.21176,N,00453.49121,E,21.60,1011.46,33.33,56
2026-05-06 14:37:06,123527.00,5221.21191,N,00453.48577,E,21.60,1011.47,38.33,56
2026-05-06 14:37:12,123532.00,5221.21117,N,00453.47985,E,21.70,1011.44,40.83,55
2026-05-06 14:37:17,123537.00,5221.21097,N,00453.47366,E,21.70,1011.47,40.83,56
2026-05-06 14:37:22,123542.00,5221.20915,N,00453.46850,E,21.80,1011.36,105.00,56
2026-05-06 14:37:27,123547.00,5221.20890,N,00453.46282,E,21.80,1011.38,80.00,56
2026-05-06 14:37:32,123552.00,5221.20768,N,00453.45596,E,21.90,1011.43,80.83,55
2026-05-06 14:37:37,123557.00,5221.20881,N,00453.45131,E,22.00,1011.43,54.17,55
2026-05-06 14:37:42,123602.00,5221.20997,N,00453.44952,E,22.00,1011.41,29.17,55
2026-05-06 14:37:47,123607.00,5221.21144,N,00453.44807,E,22.00,1011.52,34.17,56
2026-05-06 14:37:52,123612.00,5221.21452,N,00453.44596,E,22.10,1011.38,29.17,53
2026-05-06 14:37:57,123617.00,5221.21746,N,00453.44634,E,22.00,1011.43,31.67,55
2026-05-06 14:38:02,123622.00,5221.22024,N,00453.44560,E,22.10,1011.33,24.17,55
2026-05-06 14:38:07,123627.00,5221.22286,N,00453.44499,E,22.10,1011.45,30.83,55
2026-05-06 14:38:12,123632.00,5221.22458,N,00453.44415,E,22.10,1011.46,45.00,55
2026-05-06 14:38:17,123637.00,5221.22739,N,00453.44282,E,22.00,1011.46,44.17,55
2026-05-06 14:38:22,123642.00,5221.23025,N,00453.44016,E,21.90,1011.36,68.33,55
2026-05-06 14:38:27,123647.00,5221.23368,N,00453.43679,E,21.80,1011.48,110.00,54
2026-05-06 14:38:32,123652.00,5221.23972,N,00453.43453,E,21.70,1011.64,39.17,55
2026-05-06 14:38:37,123657.00,5221.24316,N,00453.43274,E,21.60,1011.60,33.33,54
2026-05-06 14:38:42,123702.00,5221.24605,N,00453.43021,E,21.50,1011.64,31.67,54
2026-05-06 14:38:47,123707.00,5221.24854,N,00453.42900,E,21.50,1011.54,37.50,54
2026-05-06 14:38:52,123712.00,5221.25150,N,00453.42962,E,21.60,1011.61,40.00,54
2026-05-06 14:38:57,123717.00,5221.25504,N,00453.42911,E,21.60,1011.62,43.33,55
2026-05-06 14:39:02,123722.00,5221.25838,N,00453.42801,E,21.60,1011.52,77.50,55
2026-05-06 14:39:07,123727.00,5221.26154,N,00453.42524,E,21.60,1011.55,90.83,55
2026-05-06 14:39:12,123732.00,5221.26627,N,00453.42388,E,21.60,1011.52,46.67,55
2026-05-06 14:39:17,123737.00,5221.27007,N,00453.42113,E,21.60,1011.60,38.33,55
2026-05-06 14:39:22,123742.00,5221.27309,N,00453.42027,E,21.50,1011.55,30.83,54
2026-05-06 14:39:27,123747.00,5221.27563,N,00453.42159,E,21.60,1011.46,35.00,54
2026-05-06 14:39:32,123752.00,5221.27986,N,00453.42191,E,21.60,1011.55,60.00,54
2026-05-06 14:39:37,123757.00,5221.28481,N,00453.41947,E,21.60,1011.49,81.67,54
2026-05-06 14:39:42,123802.00,5221.28967,N,00453.41739,E,21.60,1011.58,72.50,55
2026-05-06 14:39:47,123807.00,5221.29316,N,00453.41494,E,21.60,1011.52,58.33,55
2026-05-06 14:39:52,123812.00,5221.29755,N,00453.41564,E,21.60,1011.57,39.17,54
2026-05-06 14:39:57,123817.00,5221.30130,N,00453.41542,E,21.60,1011.55,53.33,55
2026-05-06 14:40:02,123822.00,5221.30532,N,00453.41645,E,21.60,1011.53,41.67,54
2026-05-06 14:40:07,123827.00,5221.30778,N,00453.41821,E,21.50,1011.56,43.33,55
2026-05-06 14:40:12,123832.00,5221.31120,N,00453.42092,E,21.50,1011.51,36.67,54
2026-05-06 14:40:17,123837.00,5221.31506,N,00453.42123,E,21.50,1011.59,65.83,54
2026-05-06 14:40:22,123842.00,5221.31773,N,00453.42308,E,21.50,1011.56,54.17,54
2026-05-06 14:40:27,123847.00,5221.31999,N,00453.42473,E,21.50,1011.56,25.00,54
2026-05-06 14:40:32,123852.00,5221.32494,N,00453.42535,E,21.50,1011.54,35.00,55
2026-05-06 14:40:37,123857.00,5221.32910,N,00453.42582,E,21.50,1011.56,39.17,55
2026-05-06 14:40:42,123902.00,5221.33264,N,00453.42548,E,21.50,1011.47,86.67,54
2026-05-06 14:40:47,123908.00,5221.33562,N,00453.42341,E,21.50,1011.45,48.33,55
2026-05-06 14:40:52,123912.00,5221.33615,N,00453.41962,E,21.50,1011.56,45.00,55
2026-05-06 14:40:57,123918.00,5221.33785,N,00453.41248,E,21.60,1011.47,47.50,55
2026-05-06 14:41:02,123923.00,5221.34044,N,00453.40825,E,21.70,1011.53,59.17,55
2026-05-06 14:41:07,123928.00,5221.34120,N,00453.40152,E,21.70,1011.56,55.00,55
2026-05-06 14:41:12,123933.00,5221.34290,N,00453.39641,E,21.70,1011.51,45.83,55
2026-05-06 14:41:17,123938.00,5221.34283,N,00453.39012,E,21.70,1011.56,31.67,54
2026-05-06 14:41:22,123943.00,5221.34275,N,00453.38353,E,21.70,1011.46,41.67,55
2026-05-06 14:41:27,123948.00,5221.34257,N,00453.37691,E,21.70,1011.60,30.00,55
2026-05-06 14:41:32,123953.00,5221.34295,N,00453.37104,E,21.70,1011.49,34.17,55
2026-05-06 14:41:37,123958.00,5221.34314,N,00453.36535,E,21.70,1011.56,56.67,54
2026-05-06 14:41:42,124003.00,5221.34394,N,00453.36072,E,21.80,1011.61,84.17,55
2026-05-06 14:41:47,124008.00,5221.34339,N,00453.35432,E,21.80,1011.54,65.00,55
2026-05-06 14:41:52,124013.00,5221.34296,N,00453.35007,E,21.90,1011.56,70.83,55
2026-05-06 14:41:57,124018.00,5221.34287,N,00453.34388,E,21.90,1011.66,63.33,54
2026-05-06 14:42:02,124023.00,5221.34291,N,00453.33830,E,21.90,1011.60,50.83,55
2026-05-06 14:42:07,124028.00,5221.34355,N,00453.33153,E,21.90,1011.54,30.00,55
2026-05-06 14:42:12,124033.00,5221.34440,N,00453.32715,E,22.00,1011.55,35.83,55
2026-05-06 14:42:17,124038.00,5221.34398,N,00453.32214,E,22.00,1011.55,53.33,56
2026-05-06 14:42:22,124043.00,5221.34540,N,00453.32207,E,22.00,1011.62,28.33,55
2026-05-06 14:42:27,124048.00,5221.34723,N,00453.32068,E,22.00,1011.59,32.50,56
2026-05-06 14:42:32,124053.00,5221.34984,N,00453.32083,E,22.10,1011.54,30.83,55
2026-05-06 14:42:37,124058.00,5221.35187,N,00453.31972,E,22.10,1011.44,40.00,59
2026-05-06 14:42:42,124103.00,5221.35510,N,00453.31685,E,22.10,1011.51,39.17,60
2026-05-06 14:42:47,124108.00,5221.36074,N,00453.31626,E,-4.30,217.10,-1.00,63
2026-05-06 14:42:52,124113.00,5221.36320,N,00453.31477,E,22.20,1011.48,42.50,65
2026-05-06 14:42:57,124118.00,5221.36786,N,00453.31591,E,-16.40,168.07,-1.00,58
2026-05-06 14:43:02,124123.00,5221.36937,N,00453.31270,E,22.10,1011.47,45.00,59
2026-05-06 14:43:07,124128.00,5221.37061,N,00453.30866,E,22.20,1011.46,29.17,58
2026-05-06 14:43:12,124133.00,5221.37055,N,00453.30533,E,22.20,1011.55,35.00,56
2026-05-06 14:43:17,124138.00,5221.36981,N,00453.30121,E,22.30,1011.46,37.50,56
2026-05-06 14:43:22,124143.00,5221.37098,N,00453.29711,E,22.30,1011.61,30.83,56
2026-05-06 14:43:27,124148.00,5221.37147,N,00453.29138,E,22.40,1011.64,30.00,57
2026-05-06 14:43:32,124153.00,5221.37103,N,00453.28655,E,22.50,1011.63,35.83,57
2026-05-06 14:43:37,124158.00,5221.37123,N,00453.28113,E,22.40,1011.58,27.50,58
2026-05-06 14:43:42,124203.00,5221.37142,N,00453.27621,E,22.30,1011.57,29.17,56
2026-05-06 14:43:47,124208.00,5221.37236,N,00453.27064,E,22.40,1011.53,39.17,57
2026-05-06 14:43:52,124213.00,5221.37235,N,00453.26489,E,22.40,1011.61,38.33,57
2026-05-06 14:43:57,124218.00,5221.37379,N,00453.25894,E,22.50,1011.55,35.00,58
2026-05-06 14:44:02,124223.00,5221.37508,N,00453.25382,E,22.40,1011.52,22.50,57
2026-05-06 14:44:07,124228.00,5221.37713,N,00453.24798,E,22.50,1011.57,32.50,58
2026-05-06 14:44:12,124233.00,5221.37806,N,00453.24200,E,22.50,1011.53,42.50,58
2026-05-06 14:44:17,124238.00,5221.37881,N,00453.23626,E,22.50,1011.55,32.50,58
2026-05-06 14:44:22,124243.00,5221.37863,N,00453.23088,E,22.60,1011.52,76.67,58
2026-05-06 14:44:27,124248.00,5221.38035,N,00453.22539,E,22.60,1011.64,135.83,58
2026-05-06 14:44:32,124253.00,5221.38350,N,00453.22250,E,22.60,1011.53,77.50,58
2026-05-06 14:44:37,124258.00,5221.38685,N,00453.22167,E,22.50,1011.60,110.83,58
2026-05-06 14:44:42,124303.00,5221.39049,N,00453.22001,E,22.60,1011.53,65.00,56
2026-05-06 14:44:47,124308.00,5221.39437,N,00453.21766,E,22.70,1011.53,60.00,56
2026-05-06 14:44:52,124313.00,5221.39765,N,00453.21567,E,22.70,1011.54,62.50,55
2026-05-06 14:44:57,124318.00,5221.40165,N,00453.21291,E,22.80,1011.50,84.17,55
2026-05-06 14:45:02,124323.00,5221.40476,N,00453.20946,E,22.80,1011.50,73.33,55
2026-05-06 14:45:07,124328.00,5221.40767,N,00453.20732,E,22.80,1011.51,62.50,57
2026-05-06 14:45:12,124333.00,5221.41161,N,00453.20488,E,22.90,1011.61,55.83,56
2026-05-06 14:45:17,124338.00,5221.41561,N,00453.20514,E,22.90,1011.52,68.33,55
2026-05-06 14:45:22,124343.00,5221.41823,N,00453.21253,E,22.90,1011.58,42.50,55
2026-05-06 14:45:27,124348.00,5221.41871,N,00453.22030,E,22.90,1011.55,40.00,55
2026-05-06 14:45:32,124353.00,5221.41840,N,00453.22723,E,22.90,1011.51,44.17,55
2026-05-06 14:45:37,124358.00,5221.41845,N,00453.23350,E,22.90,1011.52,39.17,57
2026-05-06 14:45:42,124403.00,5221.41870,N,00453.23902,E,22.90,1011.53,38.33,55
2026-05-06 14:45:47,124408.00,5221.41865,N,00453.24408,E,22.90,1011.60,33.33,56
2026-05-06 14:45:52,124413.00,5221.41892,N,00453.25001,E,22.80,1011.57,26.67,55
2026-05-06 14:45:57,124418.00,5221.41892,N,00453.25495,E,22.80,1011.60,30.00,58
2026-05-06 14:46:02,124423.00,5221.41957,N,00453.25954,E,22.80,1011.56,36.67,55
2026-05-06 14:46:07,124428.00,5221.41949,N,00453.26493,E,22.80,1011.51,31.67,56
2026-05-06 14:46:12,124433.00,5221.41855,N,00453.27135,E,22.80,1011.56,32.50,55
2026-05-06 14:46:17,124438.00,5221.41791,N,00453.27695,E,22.70,1011.53,25.83,57
2026-05-06 14:46:22,124443.00,5221.41804,N,00453.28291,E,22.40,1011.58,29.17,58
2026-05-06 14:46:27,124448.00,5221.41784,N,00453.28918,E,22.30,1011.44,35.83,56
2026-05-06 14:46:32,124453.00,5221.41745,N,00453.29569,E,22.40,1011.57,28.33,56
2026-05-06 14:46:37,124458.00,5221.41744,N,00453.30109,E,22.40,1011.55,21.67,69
2026-05-06 14:46:42,124503.00,5221.41577,N,00453.30687,E,22.50,1011.54,16.67,66
2026-05-06 14:46:47,124508.00,5221.41585,N,00453.31277,E,22.40,1011.51,22.50,66
2026-05-06 14:46:52,124513.00,5221.41856,N,00453.31674,E,22.10,1011.54,29.17,66
2026-05-06 14:46:57,124518.00,5221.42051,N,00453.32007,E,22.20,1011.45,19.17,66
2026-05-06 14:47:02,124523.00,5221.42300,N,00453.32253,E,22.20,1011.47,22.50,68
2026-05-06 14:47:07,124528.00,5221.42582,N,00453.32493,E,22.20,1011.48,25.83,66
2026-05-06 14:47:12,124533.00,5221.42836,N,00453.32784,E,22.10,1011.46,23.33,67
2026-05-06 14:47:17,124538.00,5221.43121,N,00453.32978,E,21.90,1011.44,25.00,66
2026-05-06 14:47:22,124543.00,5221.43410,N,00453.33095,E,21.90,1011.43,27.50,65
2026-05-06 14:47:27,124548.00,5221.43756,N,00453.33151,E,22.00,1011.49,35.83,65
2026-05-06 14:47:32,124553.00,5221.44110,N,00453.33300,E,22.10,1011.42,37.50,65
2026-05-06 14:47:37,124558.00,5221.44379,N,00453.33493,E,22.10,1011.47,39.17,65
2026-05-06 14:47:42,124603.00,5221.44449,N,00453.33835,E,22.10,1011.47,42.50,65
2026-05-06 14:47:47,124608.00,5221.44517,N,00453.34327,E,22.10,1011.55,35.83,65
2026-05-06 14:47:52,124613.00,5221.44576,N,00453.34881,E,22.00,1011.54,36.67,65
2026-05-06 14:47:57,124618.00,5221.44649,N,00453.35398,E,22.00,1011.56,41.67,65
2026-05-06 14:48:02,124623.00,5221.44696,N,00453.35883,E,21.80,1011.60,42.50,65
2026-05-06 14:48:07,124628.00,5221.44652,N,00453.36452,E,21.70,1011.53,43.33,65
2026-05-06 14:48:12,124633.00,5221.44605,N,00453.36939,E,21.80,1011.59,42.50,64
2026-05-06 14:48:17,124638.00,5221.44638,N,00453.37480,E,21.70,1011.58,32.50,64
2026-05-06 14:48:22,124643.00,5221.44678,N,00453.38024,E,21.70,1011.51,32.50,64
2026-05-06 14:48:27,124648.00,5221.44671,N,00453.38521,E,21.80,1011.57,31.67,64
2026-05-06 14:48:32,124653.00,5221.44704,N,00453.38973,E,21.80,1011.55,35.00,64
2026-05-06 14:48:37,124658.00,5221.44673,N,00453.39615,E,21.70,1011.49,33.33,64
2026-05-06 14:48:42,124703.00,5221.44677,N,00453.40385,E,21.60,1011.48,37.50,64
2026-05-06 14:48:47,124708.00,5221.44648,N,00453.41070,E,21.70,1011.52,34.17,65
2026-05-06 14:48:52,124713.00,5221.44607,N,00453.41757,E,21.80,1011.54,35.00,69
2026-05-06 14:48:58,124718.00,5221.44675,N,00453.42272,E,21.80,1011.43,34.17,67
2026-05-06 14:49:03,124723.00,5221.44785,N,00453.43202,E,21.90,1011.47,31.67,66
2026-05-06 14:49:08,124728.00,5221.44728,N,00453.43945,E,22.00,1011.36,68.33,67
2026-05-06 14:49:13,124733.00,5221.44692,N,00453.44223,E,22.00,1011.44,53.33,66
2026-05-06 14:49:18,124738.00,5221.44932,N,00453.44317,E,22.00,1011.48,49.17,60
2026-05-06 14:49:23,124743.00,5221.45122,N,00453.44232,E,22.00,1011.49,32.50,56
2026-05-06 14:49:28,124748.00,5221.45476,N,00453.44303,E,21.90,1011.54,27.50,56
2026-05-06 14:49:33,124753.00,5221.45731,N,00453.44262,E,21.80,1011.52,25.00,57
2026-05-06 14:49:38,124758.00,5221.46106,N,00453.44370,E,21.70,1011.47,27.50,56
2026-05-06 14:49:43,124803.00,5221.46382,N,00453.44662,E,21.70,1011.64,24.17,55
2026-05-06 14:49:48,124808.00,5221.46777,N,00453.44907,E,21.60,1011.54,25.00,56
2026-05-06 14:49:53,124813.00,5221.47097,N,00453.45060,E,21.50,1011.50,25.00,57
2026-05-06 14:49:58,124818.00,5221.47449,N,00453.45330,E,21.30,1011.45,37.50,56
2026-05-06 14:50:03,124823.00,5221.47620,N,00453.45636,E,21.40,1011.45,70.83,56
2026-05-06 14:50:08,124828.00,5221.47751,N,00453.45928,E,21.40,1011.46,60.00,56
2026-05-06 14:50:13,124833.00,5221.47881,N,00453.46224,E,21.40,1011.42,46.67,57
2026-05-06 14:50:18,124838.00,5221.48081,N,00453.46488,E,21.50,1011.39,70.83,56
2026-05-06 14:50:23,124843.00,5221.48193,N,00453.46514,E,21.60,1011.49,75.00,56
2026-05-06 14:50:28,124848.00,5221.48246,N,00453.46474,E,21.70,1011.52,74.17,55
2026-05-06 14:50:33,124853.00,5221.48272,N,00453.46433,E,21.70,1011.50,72.50,56
2026-05-06 14:50:38,124858.00,5221.48529,N,00453.46599,E,21.40,1011.48,98.33,55
2026-05-06 14:50:43,124903.00,5221.48843,N,00453.46529,E,21.50,1011.39,119.17,56
2026-05-06 14:50:48,124908.00,5221.49109,N,00453.46559,E,21.50,1011.31,121.67,55
2026-05-06 14:50:53,124913.00,5221.49361,N,00453.46462,E,21.60,1011.36,185.00,56
2026-05-06 14:50:58,124918.00,5221.49536,N,00453.46116,E,21.70,1011.28,211.67,55
2026-05-06 14:51:03,124923.00,5221.49513,N,00453.45779,E,21.80,1011.28,135.83,56
2026-05-06 14:51:08,124928.00,5221.49466,N,00453.45714,E,21.90,1011.27,138.33,55
2026-05-06 14:51:13,124933.00,5221.49448,N,00453.45641,E,21.90,1011.27,183.33,55
2026-05-06 14:51:18,124938.00,5221.49420,N,00453.45573,E,21.90,1011.17,168.33,55
2026-05-06 14:51:23,124943.00,5221.49409,N,00453.45546,E,22.00,1011.12,174.17,55
2026-05-06 14:51:28,124948.00,5221.49404,N,00453.45549,E,22.10,1011.19,164.17,55
2026-05-06 14:51:33,124953.00,5221.49416,N,00453.45424,E,22.20,1011.31,195.83,56
2026-05-06 14:51:38,124958.00,5221.49418,N,00453.44873,E,22.20,1011.23,218.33,56
2026-05-06 14:51:43,125003.00,5221.49495,N,00453.44306,E,22.10,1011.27,225.00,55
2026-05-06 14:51:48,125008.00,5221.49493,N,00453.43856,E,22.10,1011.33,124.17,56
2026-05-06 14:51:53,125013.00,5221.49325,N,00453.43440,E,22.20,1011.39,62.50,57
2026-05-06 14:51:58,125018.00,5221.49346,N,00453.42842,E,22.20,1011.40,38.33,57
2026-05-06 14:52:03,125023.00,5221.49380,N,00453.42261,E,22.10,1011.56,55.00,57
2026-05-06 14:52:08,125028.00,5221.49461,N,00453.41710,E,22.10,1011.36,90.83,56
2026-05-06 14:52:13,125033.00,5221.49565,N,00453.41230,E,22.10,1011.47,69.17,56
2026-05-06 14:52:18,125038.00,5221.49687,N,00453.40780,E,22.10,1011.33,76.67,55
2026-05-06 14:52:23,125043.00,5221.49810,N,00453.40327,E,22.10,1011.44,57.50,56
2026-05-06 14:52:28,125049.00,5221.50024,N,00453.39752,E,22.10,1011.39,74.17,56
2026-05-06 14:52:33,125054.00,5221.50209,N,00453.39272,E,22.10,1011.52,72.50,56
2026-05-06 14:52:38,125059.00,5221.50459,N,00453.38774,E,22.20,1011.43,63.33,56
2026-05-06 14:52:43,125104.00,5221.50720,N,00453.38263,E,22.30,1011.62,119.17,57
2026-05-06 14:52:48,125109.00,5221.50881,N,00453.37690,E,22.30,1011.58,75.83,56
2026-05-06 14:52:53,125114.00,5221.51005,N,00453.37175,E,22.40,1011.54,65.00,60
2026-05-06 14:52:58,125119.00,5221.51157,N,00453.36693,E,22.50,1011.57,79.17,58
2026-05-06 14:53:03,125124.00,5221.51350,N,00453.36189,E,22.50,1011.52,109.17,56
2026-05-06 14:53:08,125129.00,5221.51575,N,00453.35653,E,22.50,1011.51,81.67,56
2026-05-06 14:53:13,125134.00,5221.51754,N,00453.35168,E,22.50,1011.49,131.67,56
2026-05-06 14:53:18,125139.00,5221.51996,N,00453.34661,E,22.60,1011.58,79.17,57
2026-05-06 14:53:23,125144.00,5221.52146,N,00453.34382,E,22.60,1011.48,56.67,56
2026-05-06 14:53:28,125149.00,5221.52319,N,00453.34345,E,22.70,1011.49,71.67,56
2026-05-06 14:53:33,125154.00,5221.52371,N,00453.34324,E,22.70,1011.51,74.17,57
2026-05-06 14:53:38,125159.00,5221.52432,N,00453.34269,E,22.80,1011.47,79.17,57
2026-05-06 14:53:43,125204.00,5221.52475,N,00453.34229,E,22.90,1011.54,86.67,57
2026-05-06 14:53:48,125209.00,5221.52660,N,00453.33853,E,22.80,1011.48,80.00,57
2026-05-06 14:53:53,125214.00,5221.52885,N,00453.33498,E,22.90,1011.50,76.67,56
2026-05-06 14:53:58,125219.00,5221.53148,N,00453.33096,E,22.90,1011.55,69.17,56
2026-05-06 14:54:03,125224.00,5221.53436,N,00453.32722,E,22.90,1011.55,83.33,58
2026-05-06 14:54:08,125229.00,5221.53621,N,00453.32346,E,22.90,1011.56,100.83,57
2026-05-06 14:54:13,125234.00,5221.53893,N,00453.31974,E,22.90,1011.54,55.83,55
2026-05-06 14:54:18,125239.00,5221.54103,N,00453.31622,E,23.00,1011.58,61.67,57
2026-05-06 14:54:23,125244.00,5221.54418,N,00453.31312,E,23.00,1011.62,54.17,56
2026-05-06 14:54:28,125249.00,5221.54705,N,00453.30991,E,23.00,1011.53,38.33,56
2026-05-06 14:54:33,125254.00,5221.54928,N,00453.30667,E,23.10,1011.51,35.00,56
2026-05-06 14:54:38,125259.00,5221.55193,N,00453.30394,E,23.00,1011.47,35.83,55
2026-05-06 14:54:43,125304.00,5221.55455,N,00453.30059,E,23.00,1011.57,51.67,56
2026-05-06 14:54:48,125309.00,5221.55740,N,00453.29678,E,23.10,1011.52,68.33,58
2026-05-06 14:54:53,125314.00,5221.55829,N,00453.29382,E,23.10,1011.58,53.33,58
2026-05-06 14:54:58,125319.00,5221.55927,N,00453.29396,E,23.10,1011.60,66.67,57
2026-05-06 14:55:03,125324.00,5221.55955,N,00453.29392,E,23.10,1011.58,67.50,59
2026-05-06 14:55:08,125329.00,5221.55935,N,00453.29443,E,23.20,1011.61,61.67,58
2026-05-06 14:55:13,125334.00,5221.55896,N,00453.29495,E,23.20,1011.64,60.83,58
2026-05-06 14:55:18,125339.00,5221.55902,N,00453.29548,E,23.20,1011.55,60.00,57
2026-05-06 14:55:23,125344.00,5221.55921,N,00453.29545,E,23.30,1011.59,58.33,58
2026-05-06 14:55:28,125349.00,5221.55907,N,00453.29538,E,23.30,1011.61,56.67,58
2026-05-06 14:55:33,125354.00,5221.55917,N,00453.29551,E,23.30,1011.56,56.67,58
2026-05-06 14:55:38,125359.00,5221.55951,N,00453.29552,E,23.40,1011.54,55.83,58
2026-05-06 14:55:43,125404.00,5221.56008,N,00453.29535,E,23.50,1011.59,53.33,60
2026-05-06 14:55:48,125409.00,5221.56047,N,00453.29541,E,23.40,1011.60,94.17,57
2026-05-06 14:55:53,125414.00,5221.56331,N,00453.29246,E,23.50,1011.49,80.00,56
2026-05-06 14:55:58,125419.00,5221.56681,N,00453.28973,E,23.50,1011.52,44.17,56
2026-05-06 14:56:03,125424.00,5221.57048,N,00453.28709,E,23.50,1011.54,55.00,56
2026-05-06 14:56:08,125429.00,5221.57402,N,00453.28300,E,23.50,1011.42,60.83,56
2026-05-06 14:56:13,125434.00,5221.57589,N,00453.27822,E,23.60,1011.36,61.67,56
2026-05-06 14:56:18,125439.00,5221.57921,N,00453.27433,E,23.60,1011.42,61.67,55
2026-05-06 14:56:23,125444.00,5221.58170,N,00453.26946,E,23.50,1011.40,55.83,56
2026-05-06 14:56:28,125449.00,5221.58465,N,00453.26527,E,23.60,1011.43,71.67,55
2026-05-06 14:56:33,125454.00,5221.58750,N,00453.26157,E,23.60,1011.40,116.67,55
2026-05-06 14:56:38,125459.00,5221.59059,N,00453.25844,E,23.70,1011.41,101.67,55
2026-05-06 14:56:43,125504.00,5221.59394,N,00453.25551,E,23.70,1011.38,95.00,59
2026-05-06 14:56:48,125509.00,5221.59595,N,00453.25120,E,23.70,1011.32,68.33,59
2026-05-06 14:56:53,125514.00,5221.59755,N,00453.24660,E,-11.30,187.73,-1.00,60
2026-05-06 14:56:58,125519.00,5221.59975,N,00453.24201,E,23.80,1011.26,71.67,58
2026-05-06 14:57:03,125524.00,5221.60296,N,00453.23773,E,23.80,1011.16,119.17,55
2026-05-06 14:57:08,125529.00,5221.60519,N,00453.23299,E,23.80,1011.19,129.17,56
2026-05-06 14:57:13,125534.00,5221.60810,N,00453.22851,E,23.90,1011.21,110.83,56
2026-05-06 14:57:18,125539.00,5221.60995,N,00453.22382,E,23.80,1011.23,96.67,59
2026-05-06 14:57:23,125544.00,5221.61128,N,00453.21873,E,23.80,1011.33,50.00,56
2026-05-06 14:57:28,125549.00,5221.61301,N,00453.21555,E,23.80,1011.33,74.17,54
2026-05-06 14:57:33,125554.00,5221.61472,N,00453.21057,E,23.70,1011.33,125.83,55
2026-05-06 14:57:38,125559.00,5221.61754,N,00453.20576,E,23.80,1011.30,89.17,55
2026-05-06 14:57:43,125604.00,5221.61968,N,00453.20108,E,23.80,1011.34,75.00,56
2026-05-06 14:57:48,125609.00,5221.62115,N,00453.19664,E,23.90,1011.33,73.33,58
2026-05-06 14:57:53,125614.00,5221.62306,N,00453.19184,E,23.80,1011.37,75.00,59
2026-05-06 14:57:58,125619.00,5221.62597,N,00453.18661,E,23.80,1011.27,95.83,57
2026-05-06 14:58:03,125624.00,5221.63069,N,00453.18173,E,23.90,1011.41,110.00,56
2026-05-06 14:58:08,125629.00,5221.63312,N,00453.17836,E,23.90,1011.43,96.67,56
2026-05-06 14:58:13,125634.00,5221.63307,N,00453.17579,E,24.00,1011.35,140.00,56
2026-05-06 14:58:18,125639.00,5221.63055,N,00453.17202,E,24.00,1011.41,110.83,56
2026-05-06 14:58:23,125644.00,5221.62784,N,00453.16879,E,24.00,1011.52,105.00,61
2026-05-06 14:58:28,125649.00,5221.62574,N,00453.16425,E,24.00,1011.44,95.00,59
2026-05-06 14:58:33,125654.00,5221.62408,N,00453.15907,E,23.80,1011.37,89.17,57
2026-05-06 14:58:38,125659.00,5221.62206,N,00453.15336,E,23.20,1011.45,62.50,57
2026-05-06 14:58:43,125704.00,5221.61997,N,00453.14961,E,23.10,1011.34,56.67,58
2026-05-06 14:58:48,125709.00,5221.61793,N,00453.14589,E,23.30,1011.36,41.67,60
2026-05-06 14:58:53,125714.00,5221.61717,N,00453.14497,E,23.30,1011.43,15.83,58
2026-05-06 14:58:58,125719.00,5221.61670,N,00453.14214,E,23.20,1011.32,5.83,58
2026-05-06 14:59:03,125724.00,5221.61514,N,00453.14270,E,23.30,1011.33,5.00,60
2026-05-06 14:59:08,125729.00,,,,,23.40,1011.20,5.00,59
2026-05-06 14:59:13,125734.00,5221.62470,N,00453.12876,E,23.40,1011.30,5.00,58
2026-05-06 14:59:18,125739.00,5221.64179,N,00453.09337,E,23.40,219.85,-1.00,59
2026-05-06 14:59:23,125744.00,,,,,23.50,1011.31,5.83,62
2026-05-06 14:59:28,125749.00,,,,,23.40,1011.29,5.00,61
2026-05-06 14:59:33,125754.00,,,,,23.50,242.84,-1.00,62
2026-05-06 14:59:38,125759.00,,,,,-11.30,1011.27,5.83,60
2026-05-06 14:59:43,125804.00,,,,,23.40,1011.22,10.00,58
2026-05-06 14:59:48,125809.00,5221.56896,N,00453.08049,E,23.50,1011.23,43.33,59
2026-05-06 14:59:53,125814.00,5221.56218,N,00453.06194,E,23.50,1011.22,76.67,59
2026-05-06 14:59:59,125819.00,5221.56560,N,00453.07075,E,23.50,1011.19,146.67,58
2026-05-06 15:00:04,125824.00,5221.56866,N,00453.07725,E,23.50,1011.18,150.83,59
2026-05-06 15:00:09,125829.00,5221.57007,N,00453.08090,E,23.60,1011.19,139.17,58
2026-05-06 15:00:14,125834.00,5221.56844,N,00453.07825,E,23.60,1011.16,161.67,58
2026-05-06 15:00:19,125839.00,5221.56581,N,00453.07560,E,23.50,1011.23,389.17,68
2026-05-06 15:00:24,125844.00,5221.56411,N,00453.07215,E,23.40,1011.28,279.17,61
2026-05-06 15:00:29,125849.00,5221.56110,N,00453.06925,E,23.20,1011.33,191.67,60
2026-05-06 15:00:34,125854.00,5221.55845,N,00453.06551,E,23.30,1011.26,151.67,62
2026-05-06 15:00:39,125859.00,5221.55547,N,00453.06215,E,23.30,1011.38,138.33,60
2026-05-06 15:00:44,125904.00,5221.55306,N,00453.05836,E,23.20,1011.39,158.33,61
2026-05-06 15:00:49,125909.00,5221.54994,N,00453.05529,E,23.20,1011.34,168.33,60
2026-05-06 15:00:54,125914.00,5221.54784,N,00453.05330,E,22.90,1011.31,155.83,59
2026-05-06 15:00:59,125919.00,5221.54596,N,00453.05221,E,22.70,1011.38,125.83,59
2026-05-06 15:01:04,125924.00,5221.54318,N,00453.05196,E,22.80,1011.39,171.67,59
2026-05-06 15:01:09,125929.00,5221.54017,N,00453.04951,E,22.90,1011.51,480.00,60
2026-05-06 15:01:14,125934.00,5221.53671,N,00453.04802,E,22.80,1011.50,136.67,60
2026-05-06 15:01:19,125939.00,5221.53351,N,00453.04655,E,22.70,1011.48,106.67,60
2026-05-06 15:01:24,125944.00,5221.53068,N,00453.04399,E,22.70,1011.51,134.17,62
2026-05-06 15:01:29,125949.00,5221.52790,N,00453.04072,E,22.80,1011.50,125.83,59
2026-05-06 15:01:34,125954.00,5221.52520,N,00453.03725,E,22.80,1011.42,120.00,59
2026-05-06 15:01:39,125959.00,5221.52231,N,00453.03386,E,22.80,1011.44,126.67,60
2026-05-06 15:01:44,130004.00,5221.51954,N,00453.02982,E,22.90,1011.43,125.83,60
2026-05-06 15:01:49,130009.00,5221.51689,N,00453.02645,E,22.90,1011.44,140.00,60
2026-05-06 15:01:54,130014.00,5221.51425,N,00453.02232,E,22.70,1011.44,138.33,58
2026-05-06 15:01:59,130019.00,5221.51186,N,00453.01867,E,22.50,1011.49,116.67,57
2026-05-06 15:02:04,130024.00,5221.50891,N,00453.01428,E,22.70,1011.36,147.50,57
2026-05-06 15:02:09,130029.00,5221.50590,N,00453.01148,E,22.70,1011.47,151.67,57
2026-05-06 15:02:14,130034.00,5221.50319,N,00453.00832,E,22.70,1011.47,123.33,57
2026-05-06 15:02:19,130039.00,5221.50020,N,00453.00503,E,22.80,1011.47,142.50,58
2026-05-06 15:02:24,130044.00,5221.49767,N,00453.00157,E,22.90,1011.43,169.17,59
2026-05-06 15:02:29,130049.00,5221.49487,N,00452.99663,E,22.90,1011.46,167.50,58
2026-05-06 15:02:34,130054.00,5221.49244,N,00452.99165,E,23.00,1011.47,160.00,59
2026-05-06 15:02:39,130059.00,5221.48950,N,00452.98797,E,-13.80,177.91,-1.00,59
2026-05-06 15:02:44,130104.00,5221.48623,N,00452.98413,E,22.80,1011.43,139.17,58
2026-05-06 15:02:49,130109.00,5221.48341,N,00452.98070,E,22.70,1011.48,134.17,59
2026-05-06 15:02:54,130114.00,5221.48004,N,00452.97733,E,22.80,1011.45,150.83,59
2026-05-06 15:02:59,130119.00,5221.47693,N,00452.97439,E,22.90,1011.52,179.17,59
2026-05-06 15:03:04,130124.00,5221.47403,N,00452.97060,E,22.90,1011.41,169.17,60
2026-05-06 15:03:09,130129.00,5221.47176,N,00452.96600,E,22.80,1011.21,241.67,62
2026-05-06 15:03:14,130134.00,5221.46974,N,00452.96102,E,23.00,1011.42,187.50,62
2026-05-06 15:03:19,130139.00,5221.46897,N,00452.95515,E,23.10,1011.39,156.67,58
2026-05-06 15:03:24,130144.00,5221.46859,N,00452.94923,E,23.10,1011.35,144.17,77
2026-05-06 15:03:29,130149.00,5221.46802,N,00452.94314,E,23.20,1011.55,131.67,61
2026-05-06 15:03:34,130154.00,5221.46757,N,00452.93685,E,23.20,1011.51,130.83,59
2026-05-06 15:03:39,130200.00,5221.46683,N,00452.92973,E,23.30,1011.47,153.33,65
2026-05-06 15:03:44,130205.00,5221.46656,N,00452.92416,E,23.30,1011.43,170.83,59
2026-05-06 15:03:49,130210.00,5221.46614,N,00452.91803,E,23.50,1011.40,158.33,61
2026-05-06 15:03:54,130215.00,5221.46586,N,00452.91205,E,23.50,1011.38,178.33,56
2026-05-06 15:03:59,130220.00,5221.46510,N,00452.90616,E,23.50,1011.54,202.50,51
2026-05-06 15:04:04,130225.00,5221.46196,N,00452.90193,E,23.60,1011.47,160.83,50
2026-05-06 15:04:09,130230.00,5221.45916,N,00452.89831,E,23.60,1011.41,178.33,50
2026-05-06 15:04:14,130235.00,5221.45618,N,00452.89494,E,23.60,1011.41,166.67,51
2026-05-06 15:04:19,130240.00,5221.45332,N,00452.89109,E,23.60,1011.47,193.33,61
2026-05-06 15:04:24,130245.00,5221.44999,N,00452.88779,E,23.40,1011.51,196.67,56
2026-05-06 15:04:29,130250.00,5221.44696,N,00452.88452,E,23.50,1011.49,201.67,48
2026-05-06 15:04:34,130255.00,5221.44387,N,00452.88141,E,23.30,1011.52,187.50,48
2026-05-06 15:04:39,130300.00,5221.44088,N,00452.87807,E,22.90,1011.49,165.83,43
2026-05-06 15:04:44,130305.00,5221.43805,N,00452.87454,E,22.80,1011.52,198.33,45
2026-05-06 15:04:49,130310.00,5221.43524,N,00452.87116,E,22.50,1011.46,191.67,45
2026-05-06 15:04:54,130315.00,5221.43231,N,00452.86783,E,22.70,1011.51,190.83,47
2026-05-06 15:04:59,130320.00,5221.42950,N,00452.86436,E,22.70,1011.46,216.67,48
2026-05-06 15:05:04,130325.00,5221.42668,N,00452.86126,E,22.70,1011.50,203.33,46
2026-05-06 15:05:09,130330.00,5221.42392,N,00452.85844,E,22.80,1011.50,180.83,54
2026-05-06 15:05:14,130335.00,5221.42102,N,00452.85518,E,22.90,1011.43,165.83,49
2026-05-06 15:05:19,130340.00,5221.41826,N,00452.85125,E,22.90,1011.42,190.00,50
2026-05-06 15:05:24,130345.00,5221.41551,N,00452.84719,E,22.80,1011.47,192.50,48
2026-05-06 15:05:29,130350.00,5221.41267,N,00452.84348,E,22.80,1011.48,185.00,44
2026-05-06 15:05:34,130355.00,5221.40979,N,00452.83993,E,22.90,1011.55,179.17,47
2026-05-06 15:05:39,130400.00,5221.40666,N,00452.83665,E,22.90,1011.52,210.83,46
2026-05-06 15:05:44,130405.00,5221.40373,N,00452.83300,E,22.90,1011.48,188.33,50
2026-05-06 15:05:49,130410.00,5221.40076,N,00452.82940,E,22.90,1011.55,195.00,46
2026-05-06 15:05:54,130415.00,5221.39770,N,00452.82636,E,22.90,1011.60,203.33,44
2026-05-06 15:05:59,130420.00,5221.39491,N,00452.82312,E,22.90,1011.52,204.17,45
2026-05-06 15:06:04,130425.00,5221.39269,N,00452.81942,E,23.00,1011.39,198.33,45
2026-05-06 15:06:09,130430.00,5221.39145,N,00452.81410,E,23.10,1011.37,142.50,44
2026-05-06 15:06:14,130435.00,5221.38989,N,00452.80979,E,23.10,1011.41,166.67,44
2026-05-06 15:06:19,130440.00,5221.38969,N,00452.80849,E,23.30,1011.42,149.17,44
2026-05-06 15:06:24,130445.00,5221.38949,N,00452.80808,E,23.40,1011.53,120.83,44
2026-05-06 15:06:29,130450.00,5221.38958,N,00452.80777,E,23.40,1011.47,163.33,43
2026-05-06 15:06:34,130455.00,5221.38975,N,00452.80840,E,23.40,1011.22,167.50,45
2026-05-06 15:06:39,130500.00,5221.38940,N,00452.80811,E,23.50,1011.37,194.17,44
2026-05-06 15:06:44,130505.00,5221.38910,N,00452.80768,E,23.40,1011.37,196.67,44
2026-05-06 15:06:49,130510.00,5221.38916,N,00452.80742,E,23.40,1011.42,210.83,44
2026-05-06 15:06:54,130515.00,5221.38916,N,00452.80717,E,23.50,1011.52,210.83,45
2026-05-06 15:06:59,130520.00,5221.38914,N,00452.80707,E,23.60,1011.45,210.00,45
2026-05-06 15:07:04,130525.00,5221.38923,N,00452.80710,E,23.60,1011.43,209.17,44
2026-05-06 15:07:09,130530.00,5221.38913,N,00452.80678,E,23.60,1011.46,202.50,44
2026-05-06 15:07:14,130535.00,5221.38902,N,00452.80647,E,22.90,1010.07,49423.33,57
2026-05-06 15:07:19,130540.00,5221.38909,N,00452.80627,E,23.00,1010.48,19991.67,54
2026-05-06 15:07:24,130545.00,5221.38883,N,00452.80595,E,23.10,1009.26,54612.50,56
2026-05-08 13:05:05,,,,,,23.50,1019.78,5540.00,83
2026-05-08 13:05:10,,,,,,23.50,1019.73,16393.33,224
2026-05-08 13:05:24,,,,,,23.50,1019.57,50759.16,194
2026-05-08 13:05:29,,,,,,23.60,1019.56,5830.00,173
2026-05-08 13:05:34,,,,,,23.80,1019.87,5153.33,157
2026-05-08 13:05:57,,,,,,23.60,1019.77,5170.00,115
2026-05-08 13:06:02,,,,,,23.30,1019.41,27759.17,108
2026-05-08 13:06:07,110426.00,,,,,69.10,683.79,-1.00,108
2026-05-08 13:06:12,110431.00,,,,,63.40,639.53,-1.00,104
2026-05-08 13:06:17,110436.00,,,,,60.60,617.62,-1.00,102
2026-05-08 13:06:22,110441.00,,,,,54.80,574.24,-1.00,98
2026-05-08 13:06:27,110447.00,,,,,51.90,552.73,-1.00,96
2026-05-08 13:06:32,110452.00,,,,,22.70,1020.21,654.17,93
2026-05-08 13:06:37,110457.00,,,,,22.90,1020.30,612.50,91
2026-05-08 13:06:42,110501.00,,,,,23.00,1020.24,627.50,91
2026-05-08 13:06:47,110507.00,,,,,23.00,1020.21,616.67,90
2026-05-08 13:06:52,110512.00,,,,,23.10,1020.30,603.33,89
2026-05-08 13:06:57,110517.00,,,,,23.10,1020.25,567.50,86
2026-05-08 13:07:02,110522.00,,,,,23.10,1020.36,560.00,86
2026-05-08 13:07:07,110527.00,,,,,23.20,1020.36,569.17,84
2026-05-08 13:07:12,110531.00,,,,,23.10,1020.30,568.33,83
2026-05-08 13:07:17,110537.00,,,,,22.90,1020.23,578.33,81
2026-05-08 13:07:22,110542.00,,,,,23.00,1020.27,573.33,81
2026-05-08 13:07:27,110547.00,,,,,22.80,1020.28,578.33,79
2026-05-08 13:07:32,110552.00,,,,,22.80,1020.25,547.50,78
2026-05-08 13:07:37,110557.01,,,,,22.90,1020.20,549.17,77
2026-05-08 13:07:42,110600.99,,,,,22.80,1020.28,555.00,76
2026-05-08 13:07:47,110607.00,,,,,22.70,1020.23,566.67,75
2026-05-08 13:07:52,110612.00,,,,,22.60,1020.26,575.00,74
2026-05-08 13:07:57,110617.00,,,,,22.70,1020.25,524.17,73
2026-05-08 13:08:02,110622.00,,,,,22.70,1020.22,547.50,73
2026-05-08 13:08:07,110627.00,,,,,22.70,1020.23,575.00,71
2026-05-08 13:08:12,110631.00,,,,,22.80,1020.30,588.33,71
2026-05-08 13:08:17,110637.00,,,,,22.90,1020.20,600.00,70
2026-05-08 13:08:22,110642.00,,,,,22.90,1020.24,574.17,70
2026-05-08 13:08:28,110647.00,,,,,22.80,1020.27,579.17,69
2026-05-08 13:08:33,110652.00,,,,,22.80,1020.22,591.67,69
2026-05-08 13:08:38,110656.99,,,,,22.90,1020.24,560.83,68
2026-05-08 13:08:43,110701.00,,,,,22.90,1020.24,562.50,68
2026-05-08 13:08:48,110707.00,,,,,23.00,1020.29,588.33,67
2026-05-08 13:08:53,110711.99,,,,,23.10,1020.20,556.67,66
2026-05-08 13:08:58,110717.00,,,,,23.10,1020.27,570.00,67
2026-05-08 13:09:03,110722.00,,,,,23.20,1020.19,591.67,66
2026-05-08 13:09:08,110727.00,,,,,23.10,1020.25,566.67,65
2026-05-08 13:09:13,110732.01,,,,,22.60,1020.28,546.67,63
2026-05-08 13:09:18,110737.00,,,,,22.40,1020.22,583.33,64
2026-05-08 13:09:23,110742.00,,,,,22.50,1020.21,531.67,63
2026-05-08 13:09:28,110747.00,,,,,22.20,1020.14,553.33,63
2026-05-08 13:09:33,110752.00,,,,,22.20,1020.23,573.33,62
2026-05-08 13:09:38,110757.00,,,,,22.10,1020.21,561.67,62
2026-05-08 13:09:43,110802.00,,,,,22.20,1020.11,584.17,62
2026-05-08 13:09:48,110807.00,,,,,22.20,1020.20,573.33,61
2026-05-08 13:09:53,110812.00,,,,,22.30,1020.23,580.83,61
2026-05-08 13:09:58,110817.00,,,,,22.30,1020.23,577.50,60
2026-05-08 13:10:03,110822.00,,,,,22.40,1020.26,580.83,61
2026-05-08 13:10:08,110827.00,,,,,22.50,1020.22,595.83,61
2026-05-08 13:10:13,110832.00,,,,,22.60,1020.24,587.50,60
2026-05-08 13:10:18,110837.00,,,,,22.70,1020.22,570.00,60
2026-05-08 13:10:23,110842.00,,,,,22.80,1020.30,624.17,61
2026-05-08 13:10:28,110847.00,,,,,22.80,1020.20,625.83,60
2026-05-08 13:10:33,110852.00,,,,,22.90,1020.16,590.00,60
2026-05-08 13:10:38,110857.00,,,,,22.90,1020.22,563.33,59
2026-05-08 13:10:43,110902.00,,,,,22.90,1020.25,577.50,60
2026-05-08 13:10:48,110907.00,,,,,22.90,1020.22,555.83,59
2026-05-08 13:10:53,110912.00,,,,,22.90,1020.24,572.50,60
2026-05-08 13:10:58,110917.00,,,,,22.90,1020.22,503.33,59
2026-05-08 13:11:03,110922.00,,,,,22.90,1020.22,569.17,58
2026-05-08 13:11:08,110927.00,,,,,22.90,1020.20,548.33,59
2026-05-08 13:11:13,110932.00,,,,,22.90,1020.23,530.83,58
2026-05-08 13:11:18,110937.00,,,,,22.90,1020.24,545.83,59
2026-05-08 13:11:23,110942.00,,,,,23.00,1020.22,552.50,57
2026-05-08 13:11:28,110947.00,,,,,23.00,1020.25,490.83,59
2026-05-08 13:11:33,110952.00,,,,,23.00,1020.28,467.50,58
2026-05-08 13:11:38,110957.00,,,,,23.10,1020.25,575.83,59
2026-05-08 13:11:43,111002.00,,,,,23.10,1020.23,555.00,59
2026-05-08 13:11:48,111007.00,5221.40686,N,00452.79533,E,23.10,1020.17,557.50,57
2026-05-08 13:11:53,111012.00,5221.40556,N,00452.80471,E,23.10,1020.25,560.00,58
2026-05-08 13:11:58,111017.00,5221.40637,N,00452.79918,E,23.10,1020.22,366.67,57
2026-05-08 13:12:03,111022.00,5221.40711,N,00452.79405,E,23.10,1020.28,525.00,57
2026-05-08 13:12:08,111027.00,5221.40742,N,00452.79133,E,23.10,1020.25,531.67,58
2026-05-08 13:12:13,111032.00,5221.40712,N,00452.79395,E,23.10,1020.25,535.00,57
2026-05-08 13:12:18,111037.00,5221.40673,N,00452.79596,E,23.10,1020.28,534.17,56
2026-05-08 13:12:23,111042.00,5221.40637,N,00452.79770,E,23.10,1020.21,533.33,56
2026-05-08 13:12:28,111047.00,5221.40638,N,00452.79787,E,23.00,1020.23,535.00,56
2026-05-08 13:12:33,111052.00,5221.40595,N,00452.79764,E,23.00,1020.26,573.33,56
2026-05-08 13:12:38,111057.00,5221.40652,N,00452.79354,E,23.00,1020.24,569.17,55
2026-05-08 13:12:43,111102.00,5221.40710,N,00452.78918,E,23.00,1020.15,564.17,56
2026-05-08 13:12:48,111107.00,5221.40580,N,00452.79935,E,22.80,1020.19,2877.50,55
2026-05-08 13:12:53,111110.00,5221.40450,N,00452.80967,E,22.70,1020.19,2896.67,54
2026-05-08 13:12:58,111115.00,5221.40406,N,00452.81153,E,22.60,1020.23,2885.83,55
2026-05-08 13:13:03,111120.00,5221.40498,N,00452.80072,E,22.50,1020.19,755.83,53
2026-05-08 13:13:08,111125.00,5221.40511,N,00452.79653,E,22.70,1020.19,747.50,54
2026-05-08 13:13:13,111130.00,5221.40593,N,00452.79505,E,22.80,1020.25,762.50,54
2026-05-08 13:13:18,111135.00,5221.40595,N,00452.79461,E,22.80,1020.25,760.83,55
2026-05-08 13:13:23,111140.00,5221.40506,N,00452.80041,E,22.90,1020.26,761.67,55
2026-05-08 13:13:28,111145.00,5221.40363,N,00452.81246,E,22.90,1020.27,765.83,54
2026-05-08 13:13:33,111150.00,5221.40187,N,00452.82327,E,22.80,1020.33,764.17,54
2026-05-08 13:13:38,111155.00,,,,,22.90,1020.25,778.33,54
2026-05-08 13:13:43,111200.00,5221.40016,N,00452.83723,E,22.80,1020.26,780.83,55
2026-05-08 13:13:48,111205.00,,,,,22.80,1020.28,730.83,54
2026-05-08 13:13:53,111210.00,5221.38943,N,00452.91837,E,22.80,1020.20,730.00,54
2026-05-08 13:13:58,111215.00,5221.38506,N,00452.94773,E,22.70,1020.17,801.67,54
2026-05-08 13:14:03,111220.00,,,,,22.70,1020.25,769.17,53
2026-05-08 13:14:08,111225.00,,,,,22.70,1020.23,758.33,53
2026-05-08 13:14:13,111230.00,,,,,22.60,1020.24,773.33,53
2026-05-08 13:14:18,111235.00,,,,,22.60,1020.30,766.67,54
2026-05-08 13:14:23,111240.00,5221.39422,N,00452.87859,E,22.60,1020.21,743.33,53
2026-05-08 13:14:28,111245.00,5221.39917,N,00452.84079,E,22.60,1020.18,743.33,53
2026-05-08 13:14:33,111250.00,5221.40170,N,00452.82512,E,22.70,1020.28,753.33,53
2026-05-08 13:14:38,111255.00,5221.40255,N,00452.81342,E,22.70,1020.21,742.50,52
2026-05-08 13:14:43,111300.00,5221.40290,N,00452.80806,E,22.80,1020.17,736.67,52
2026-05-08 13:14:48,111305.00,5221.40217,N,00452.80510,E,22.80,1020.22,751.67,53
2026-05-08 13:14:53,111310.00,5221.40205,N,00452.80441,E,22.80,1020.23,743.33,52
2026-05-08 13:14:58,111315.00,5221.40090,N,00452.80426,E,22.80,1020.27,764.17,54
2026-05-08 13:15:03,111320.00,5221.40163,N,00452.79719,E,22.80,1020.22,761.67,53
2026-05-08 13:15:08,111325.00,5221.40315,N,00452.79550,E,22.70,1020.14,2785.00,52
2026-05-08 13:15:13,111330.00,5221.40399,N,00452.79276,E,22.40,1020.20,3033.33,52
2026-05-08 13:15:18,111335.00,5221.40432,N,00452.79650,E,22.20,1020.15,3018.33,52
2026-05-08 13:15:23,111340.00,5221.40429,N,00452.79841,E,22.00,1020.26,2938.33,53
2026-05-08 13:15:28,111345.00,5221.40382,N,00452.79860,E,21.60,179.85,-1.00,54
2026-05-08 13:15:33,111350.00,5221.40324,N,00452.77986,E,21.50,1019.99,4911.67,52
2026-05-08 13:15:38,111355.00,5221.40239,N,00452.79312,E,21.50,1020.10,4719.17,51
2026-05-08 13:15:43,111400.00,5221.40346,N,00452.79216,E,21.40,1019.90,5958.33,53
2026-05-08 13:15:48,111405.00,5221.40374,N,00452.78869,E,21.60,1019.90,5761.67,51
2026-05-08 13:15:53,111410.00,5221.40500,N,00452.78560,E,21.50,1019.51,5856.67,51
2026-05-08 13:15:58,111415.00,,,,,21.20,1019.92,3405.83,53
2026-05-08 13:16:03,111420.00,5221.39214,N,00452.80059,E,20.50,1018.70,25367.50,50
2026-05-08 13:16:08,111425.00,5221.40261,N,00452.79590,E,21.60,1019.97,4743.33,49
2026-05-08 13:16:13,111430.00,5221.40667,N,00452.79579,E,-53.50,65.34,-1.00,48
2026-05-08 13:16:18,111435.00,5221.40770,N,00452.79563,E,21.90,1019.95,5768.33,50
2026-05-08 13:16:23,111440.00,5221.40884,N,00452.79509,E,21.90,1019.82,7605.83,48
2026-05-08 13:16:28,111445.00,5221.40909,N,00452.79631,E,22.00,1019.67,5306.67,48
2026-05-08 13:16:33,111450.00,5221.40958,N,00452.79523,E,22.10,1019.98,3685.00,49
2026-05-08 13:16:38,111455.00,5221.40957,N,00452.79410,E,22.00,1019.85,54612.50,49
2026-05-08 13:16:43,111500.00,5221.40954,N,00452.79441,E,-53.50,65.34,-1.00,48
2026-05-08 13:16:48,111505.00,5221.41009,N,00452.79516,E,-48.20,822.63,5790.83,49
2026-05-08 13:16:53,111510.00,5221.41039,N,00452.79572,E,21.80,1018.74,35746.66,48
2026-05-08 13:16:58,111515.00,5221.41079,N,00452.79414,E,-48.20,76.34,-1.00,49
2026-05-08 13:17:03,111520.00,5221.41141,N,00452.79200,E,22.30,1019.49,8935.83,48
2026-05-08 13:17:08,111525.00,5221.41001,N,00452.78700,E,-48.20,76.34,-1.00,49
2026-05-08 13:17:13,111530.00,5221.41228,N,00452.78286,E,-48.20,76.34,-1.00,49
2026-05-08 13:17:18,111535.00,5221.41551,N,00452.77868,E,22.10,157.61,-1.00,51
2026-05-08 13:17:23,111540.00,5221.41966,N,00452.77390,E,22.20,1019.64,35002.50,51
2026-05-08 13:17:28,111545.00,5221.42372,N,00452.77133,E,22.30,1019.66,24728.33,50
2026-05-08 13:17:33,111550.00,5221.41850,N,00452.77357,E,22.50,1019.58,51515.83,49
2026-05-08 13:17:38,111555.00,5221.37576,N,00452.75647,E,-48.20,76.34,-1.00,49
2026-05-08 13:17:43,111600.00,5221.40133,N,00452.75729,E,22.90,1020.04,3761.67,50
2026-05-08 13:17:48,111605.00,5221.42598,N,00452.77382,E,22.90,1019.90,54612.50,50
2026-05-08 13:17:53,111610.00,5221.43380,N,00452.77909,E,22.90,1019.87,6897.50,49
2026-05-08 13:17:58,111615.00,5221.43835,N,00452.78297,E,22.70,1019.34,54612.50,48
2026-05-08 13:18:03,111620.00,5221.44141,N,00452.78395,E,23.00,1019.92,6586.67,49
2026-05-08 13:18:08,111625.00,5221.44267,N,00452.78973,E,23.10,1020.03,4652.50,48
2026-05-08 13:18:13,111630.00,5221.44588,N,00452.79655,E,22.80,1019.43,54612.50,47
2026-05-08 13:18:18,111635.00,5221.44775,N,00452.80341,E,22.90,1019.58,15143.33,48
2026-05-08 13:18:23,111640.00,5221.44823,N,00452.80802,E,22.90,1019.49,54612.50,47
2026-05-08 13:18:28,111645.00,5221.45107,N,00452.81436,E,23.20,1020.01,4914.17,47
2026-05-08 13:18:33,111650.00,5221.45394,N,00452.81788,E,-59.40,54.02,-1.00,47
2026-05-08 13:18:38,111655.00,5221.45697,N,00452.82298,E,-59.40,54.02,-1.00,47
2026-05-08 13:18:43,111700.00,5221.45986,N,00452.82822,E,23.10,1019.99,4603.33,47
2026-05-08 13:18:48,111705.00,5221.46207,N,00452.83133,E,23.00,1019.94,34912.50,48
2001-51-14 00:84:00,111710.00,5221.46633,N,00452.83223,E,-66.20,42.25,34912.50,46
2001-51-14 00:84:00,111715.00,5221.46666,N,00452.83526,E,-66.20,42.25,34912.50,46
2001-51-14 00:84:00,111720.00,5221.46633,N,00452.84424,E,-66.20,42.25,-1.00,46
2001-51-14 00:84:00,111725.00,5221.46392,N,00452.84954,E,-66.20,42.25,34912.50,46
2001-51-14 00:84:00,111730.00,5221.46226,N,00452.85339,E,-66.20,42.25,34912.50,46
2001-51-14 00:84:00,111735.00,5221.46095,N,00452.85741,E,-66.20,42.25,34912.50,46
2001-51-14 00:84:00,111740.00,5221.46061,N,00452.86309,E,-66.20,42.25,-1.00,46
2001-51-14 00:84:00,111745.00,5221.46038,N,00452.86855,E,-66.20,42.25,34912.50,46
2001-51-14 00:84:00,111750.00,5221.46133,N,00452.87413,E,-66.20,42.25,-1.00,46
2001-51-14 00:84:00,111755.00,5221.46283,N,00452.87994,E,-59.40,54.02,-1.00,47
2001-51-14 00:84:00,111800.00,5221.46385,N,00452.88585,E,-66.20,42.25,-1.00,46
2001-51-14 00:84:00,111805.00,5221.46656,N,00452.89110,E,-53.50,65.34,34912.50,48
2001-51-14 00:84:00,111810.00,5221.46956,N,00452.89531,E,-59.40,54.02,-1.00,47
2001-51-14 00:84:00,111815.00,5221.47238,N,00452.89958,E,-66.20,42.25,-1.00,46
2001-51-14 00:84:00,111820.00,5221.47501,N,00452.90319,E,-59.40,54.02,-1.00,47
2001-51-14 00:84:00,111825.00,5221.47699,N,00452.90847,E,-66.20,42.25,-1.00,46
2001-51-14 00:84:00,111831.00,5221.47938,N,00452.91461,E,-59.40,54.02,-1.00,47
2001-51-14 00:84:00,111836.00,5221.48140,N,00452.91884,E,-59.40,54.02,34912.50,47
2001-51-14 00:84:00,111841.00,5221.48366,N,00452.92327,E,-59.40,54.02,-1.00,47
2001-51-14 00:84:00,111846.00,5221.48691,N,00452.92678,E,-53.50,65.34,-1.00,48
2001-51-14 00:84:00,111851.00,5221.48935,N,00452.93023,E,-66.20,42.25,-1.00,46
2001-51-14 00:84:00,111856.00,5221.49152,N,00452.93423,E,-66.20,42.25,-1.00,46
2001-51-14 00:84:00,111901.00,5221.49406,N,00452.93744,E,-59.40,54.02,34912.50,47
2001-51-14 00:84:00,111906.00,5221.49648,N,00452.94007,E,-53.50,65.34,-1.00,48
2001-51-14 00:84:00,111911.00,5221.49946,N,00452.94200,E,-59.40,54.02,34912.50,47
2001-51-14 00:84:00,111916.00,5221.50266,N,00452.94396,E,-59.40,54.02,-1.00,47
2001-51-14 00:84:00,111921.00,5221.50593,N,00452.94443,E,-59.40,54.02,34912.50,47
2001-51-14 00:84:00,111926.00,5221.51221,N,00452.94052,E,-53.50,65.34,34912.50,48
2001-51-14 00:84:00,111931.00,5221.51662,N,00452.93671,E,-53.50,65.34,-1.00,48
2001-51-14 00:84:00,111936.00,5221.51866,N,00452.93550,E,-53.50,65.34,34912.50,48
2001-51-14 00:84:00,111941.00,5221.52317,N,00452.93241,E,-59.40,54.02,-1.00,47
2001-51-14 00:84:00,111946.00,5221.52666,N,00452.92952,E,-53.50,65.34,-1.00,48
2001-51-14 00:84:00,111951.00,5221.52963,N,00452.92693,E,-48.20,76.34,-1.00,49
2026-05-08 13:22:14,112031.00,5221.55049,N,00452.94748,E,nan,nan,nan,36
2026-05-08 13:22:19,112036.00,5221.54534,N,00452.95372,E,nan,nan,nan,42
2026-05-08 13:22:36,112053.00,5221.54935,N,00452.96219,E,23.30,1019.88,21702.50,50
2026-05-08 13:22:49,112106.00,5221.55219,N,00452.97313,E,23.40,1019.94,1968.33,48
2026-05-08 13:23:05,112122.00,5221.55496,N,00452.98689,E,23.50,1019.91,7510.83,49
2026-05-08 13:23:10,112127.00,5221.55680,N,00452.99143,E,23.40,1019.78,14951.67,52
2026-05-08 13:23:24,112141.00,5221.56060,N,00452.99132,E,nan,nan,nan,50
2026-05-08 13:23:52,112209.00,5221.56187,N,00452.99196,E,22.10,1019.87,3742.50,48
2026-05-08 13:23:57,112214.00,5221.56157,N,00452.99248,E,-53.50,65.34,-1.00,48
2026-05-08 13:24:02,112219.00,5221.56134,N,00452.99453,E,-31.60,118.18,-1.00,53
2026-05-08 13:24:07,112224.00,5221.56185,N,00452.99866,E,22.30,1019.77,5505.00,65
2026-05-08 13:24:12,112229.00,5221.56205,N,00453.00280,E,22.30,1019.73,3734.17,49
2026-05-08 13:24:17,112234.00,5221.56346,N,00453.00581,E,22.20,1019.71,2999.17,50
2026-05-08 13:24:22,112239.00,5221.56327,N,00453.00996,E,21.50,1018.47,54612.50,49
2026-05-08 13:24:27,112244.00,5221.56387,N,00453.01527,E,21.80,1018.19,54612.50,48
2026-05-08 13:24:32,112249.00,5221.56474,N,00453.02014,E,22.10,1018.32,54612.50,48
2026-05-08 13:24:37,112254.00,5221.56275,N,00453.02744,E,22.60,1018.35,54612.50,48
2026-05-08 13:24:42,112259.00,5221.56355,N,00453.02961,E,22.90,1018.18,37324.16,47
2026-05-08 13:24:47,112304.00,5221.56450,N,00453.02899,E,23.80,1019.38,8946.67,48
2026-05-08 13:24:52,112309.00,5221.56746,N,00453.02854,E,23.60,1019.07,8335.83,48
2026-05-08 13:24:57,112314.00,5221.57154,N,00453.02943,E,24.20,1019.94,12643.33,49
2026-05-08 13:25:02,112319.00,5221.57408,N,00453.03017,E,23.90,1019.32,54612.50,48
2026-05-08 13:25:07,112324.00,5221.57420,N,00453.02698,E,23.90,1019.22,54612.50,48
2026-05-08 13:25:12,112329.00,5221.57825,N,00453.02265,E,24.00,1019.53,4779.17,48
2026-05-08 13:25:17,112334.00,5221.57762,N,00453.02166,E,24.10,1019.91,2788.33,47
2026-05-08 13:25:22,112339.00,5221.57995,N,00453.01861,E,24.10,1019.82,4324.17,46
2026-05-08 13:25:27,112344.00,5221.58060,N,00453.01573,E,23.90,1019.34,54612.50,47
2026-05-08 13:25:32,112349.00,5221.59020,N,00453.01438,E,24.10,1019.93,11137.50,48
2026-05-08 13:25:37,112354.00,5221.59445,N,00453.01317,E,23.80,1019.48,23855.83,47
2026-05-08 13:25:42,112359.00,5221.59999,N,00453.01009,E,23.80,1019.38,6582.50,47
2026-05-08 13:25:47,112404.00,5221.60395,N,00453.00739,E,23.70,1019.38,26398.33,47
2026-05-08 13:25:52,112409.00,5221.60476,N,00453.00590,E,23.70,1019.44,8080.00,47
2026-05-08 13:25:57,112414.00,5221.60955,N,00453.00183,E,23.60,1019.39,54612.50,46
2026-05-08 13:26:02,112419.00,5221.61460,N,00453.00287,E,23.70,1019.99,3627.50,46
2026-05-08 13:26:07,112424.00,5221.61703,N,00453.00737,E,23.60,1019.92,3616.67,46
2026-05-08 13:26:12,112429.00,5221.61877,N,00453.01321,E,23.60,1019.89,2526.67,47
2026-05-08 13:26:17,112434.00,5221.61960,N,00453.01902,E,23.50,1019.87,2492.50,46
2026-05-08 13:26:22,112439.00,5221.62049,N,00453.02328,E,23.50,1019.92,3650.00,46
2026-05-08 13:26:27,112444.00,5221.62311,N,00453.02647,E,23.50,1019.99,1316.67,46
2026-05-08 13:26:32,112449.00,5221.62276,N,00453.03167,E,23.40,1019.91,1792.50,47
2026-05-08 13:26:37,112454.00,5221.62444,N,00453.03672,E,22.50,1018.33,54612.50,46
2026-05-08 13:26:42,112459.00,5221.62517,N,00453.04365,E,22.80,1018.54,54612.50,46
2026-05-08 13:26:47,112504.00,5221.62658,N,00453.05107,E,22.90,1018.30,54612.50,46
2026-05-08 13:26:52,112509.00,5221.62827,N,00453.05627,E,23.70,1019.72,31950.00,49
2026-05-08 13:26:57,112514.00,5221.62947,N,00453.06201,E,22.90,1018.13,38169.16,46
2026-05-08 13:27:02,112519.00,5221.63101,N,00453.06753,E,23.80,1019.84,2025.83,46
2026-05-08 13:27:07,112524.00,5221.63264,N,00453.07244,E,23.60,1019.87,1565.00,47
2026-05-08 13:27:12,112529.00,5221.63431,N,00453.07652,E,23.50,1019.99,2158.33,46
2026-05-08 13:27:17,112534.00,5221.63612,N,00453.08002,E,22.50,1019.86,2639.17,46
2026-05-08 13:27:22,112539.00,5221.63655,N,00453.08388,E,21.70,1019.86,3108.33,48
2026-05-08 13:27:27,112544.00,5221.63826,N,00453.08845,E,21.60,1019.86,2700.00,46
2026-05-08 13:27:32,112549.00,5221.63964,N,00453.09250,E,21.00,1019.18,54612.50,47
2026-05-08 13:27:37,112554.00,5221.64124,N,00453.09790,E,20.70,1018.47,54612.50,47
2026-05-08 13:27:42,112559.00,5221.64307,N,00453.10382,E,20.60,1018.28,54612.50,47
2026-05-08 13:27:47,112604.00,5221.64373,N,00453.10949,E,21.10,1018.27,54612.50,47
2026-05-08 13:27:52,112609.00,5221.64317,N,00453.11509,E,22.10,1018.98,54612.50,47
2026-05-08 13:27:57,112614.00,5221.64234,N,00453.11908,E,22.20,1017.98,54612.50,46
2026-05-08 13:28:02,112619.00,5221.64058,N,00453.12355,E,22.90,1018.18,54612.50,48
2026-05-08 13:28:07,112624.00,5221.63851,N,00453.12816,E,23.70,1019.87,4112.50,47
2026-05-08 13:28:12,112629.00,5221.63737,N,00453.13220,E,23.60,1019.86,3477.50,45
2026-05-08 13:28:17,112634.00,5221.63536,N,00453.13648,E,23.30,1018.36,54612.50,47
2026-05-08 13:28:22,112639.00,5221.63488,N,00453.14185,E,24.10,1019.62,28398.33,47
2026-05-08 13:28:27,112644.00,5221.63831,N,00453.14634,E,23.90,1019.84,5515.83,46
2026-05-08 13:28:32,112649.00,5221.64139,N,00453.15118,E,23.40,1019.02,54612.50,48
2026-05-08 13:28:37,112654.00,5221.64321,N,00453.15721,E,23.30,1018.07,54612.50,46
2026-05-08 13:28:42,112659.00,5221.64291,N,00453.16267,E,24.00,1018.36,22044.17,46
2026-05-08 13:28:47,112704.00,5221.64250,N,00453.16536,E,23.80,1017.68,54612.50,48
2026-05-08 13:28:52,112709.00,5221.64008,N,00453.17072,E,24.70,1018.17,54612.50,47
2026-05-08 13:28:57,112714.00,5221.63885,N,00453.17586,E,25.30,1018.22,54612.50,47
2026-05-08 13:29:02,112719.00,5221.63687,N,00453.18095,E,25.60,1018.41,54612.50,47
2026-05-08 13:29:07,112724.00,5221.63516,N,00453.18507,E,25.80,1018.35,54612.50,45
2026-05-08 13:29:12,112729.00,5221.63297,N,00453.18858,E,26.70,1019.78,5779.17,46
2026-05-08 13:29:17,112734.00,5221.63075,N,00453.19140,E,26.60,1019.77,4992.50,45
2026-05-08 13:29:22,112739.00,5221.63008,N,00453.19388,E,26.40,1019.68,2476.67,45
2026-05-08 13:29:27,112744.00,5221.62994,N,00453.19662,E,25.40,1018.06,50835.00,46
2026-05-08 13:29:32,112749.00,5221.62932,N,00453.20048,E,25.80,1018.18,54612.50,45
2026-05-08 13:29:37,112754.00,5221.62698,N,00453.20801,E,26.90,1019.76,3645.83,44
2026-05-08 13:29:42,112800.00,5221.62557,N,00453.21248,E,26.80,1019.77,858.33,45
2026-05-08 13:29:48,112805.00,5221.62407,N,00453.21479,E,25.50,1017.02,54612.50,45
2026-05-08 13:29:53,112810.00,5221.62074,N,00453.22069,E,26.60,1018.34,34549.16,46
2026-05-08 13:29:58,112815.00,5221.61678,N,00453.22600,E,26.70,1018.35,54612.50,44
2026-05-08 13:30:03,112820.00,5221.61372,N,00453.23197,E,26.90,1018.31,54612.50,47
2026-05-08 13:30:08,112825.00,5221.60923,N,00453.23812,E,27.20,1019.34,6346.67,45
2026-05-08 13:30:13,112830.00,5221.60343,N,00453.24376,E,26.80,1019.80,1901.67,46
2026-05-08 13:30:18,112835.00,5221.59902,N,00453.24743,E,26.20,1019.79,2348.33,47
2026-05-08 13:30:23,112840.00,5221.59499,N,00453.25074,E,25.40,1018.49,54612.50,46
2026-05-08 13:30:28,112845.00,5221.59126,N,00453.25504,E,25.50,115.12,-1.00,45
2026-05-08 13:30:33,112850.00,5221.58856,N,00453.26078,E,26.70,1019.56,9540.00,45
2026-05-08 13:30:38,112855.00,5221.58572,N,00453.26592,E,26.40,1019.89,1580.83,45
2026-05-08 13:30:43,112900.00,5221.58230,N,00453.26762,E,26.00,1019.77,9761.67,45
2026-05-08 13:30:48,112905.00,5221.57991,N,00453.27097,E,25.70,1019.69,23206.67,45
2026-05-08 13:30:53,112910.00,5221.57684,N,00453.27381,E,25.60,1019.68,27059.17,45
2026-05-08 13:30:58,112915.00,5221.57432,N,00453.27683,E,25.30,1019.43,7266.67,45
2026-05-08 13:31:03,112920.00,5221.57228,N,00453.27923,E,25.20,1019.76,14349.17,46
2026-05-08 13:31:08,112925.00,5221.57148,N,00453.27961,E,25.00,1019.39,18722.50,46
2026-05-08 13:31:13,112930.00,5221.57121,N,00453.27997,E,25.10,1019.74,30716.67,44
2026-05-08 13:31:18,112935.00,5221.57056,N,00453.28015,E,24.80,1019.79,28113.33,44
2026-05-08 13:31:23,112940.00,5221.56978,N,00453.27995,E,24.70,1019.70,30576.67,44
2026-05-08 13:31:28,112945.00,5221.56947,N,00453.27971,E,24.60,1019.52,9065.83,45
2026-05-08 13:31:33,112950.00,5221.56927,N,00453.27930,E,24.70,1019.55,14669.17,45
2026-05-08 13:31:38,112955.00,5221.56903,N,00453.27903,E,24.70,1019.76,7991.67,44
2026-05-08 13:31:43,113000.00,5221.56900,N,00453.27885,E,24.10,1019.57,12039.17,44
2026-05-08 13:31:48,113005.00,5221.56902,N,00453.27883,E,24.10,1019.81,16920.00,44
2026-05-08 13:31:53,113010.00,5221.56902,N,00453.27925,E,23.90,1019.71,2643.33,44
2026-05-08 13:31:58,113015.00,5221.56805,N,00453.28052,E,23.90,1019.87,11437.50,43
2026-05-08 13:32:03,113020.00,5221.56648,N,00453.28217,E,23.30,16.99,-1.00,44
2026-05-08 13:32:08,113025.00,5221.56377,N,00453.28642,E,-83.30,16.99,-1.00,44
2026-05-08 13:32:13,113030.00,5221.56224,N,00453.28997,E,-83.30,16.99,-1.00,44
2026-05-08 13:32:18,113035.00,5221.55978,N,00453.29364,E,-83.30,16.99,-1.00,44
2026-05-08 13:32:23,113040.00,5221.55685,N,00453.29724,E,-94.60,3.02,-1.00,43
2026-05-08 13:32:28,113045.00,5221.55478,N,00453.29913,E,-83.30,16.99,-1.00,44
2026-05-08 13:32:33,113050.00,5221.55150,N,00453.30094,E,-94.60,3.02,-1.00,43
2026-05-08 13:32:38,113055.00,5221.54869,N,00453.30323,E,-83.30,16.99,-1.00,44
2026-05-08 13:32:43,113100.00,5221.54604,N,00453.30823,E,23.80,1019.00,37585.83,44
2026-05-08 13:32:48,113105.00,5221.54358,N,00453.31203,E,24.10,1019.69,7338.33,45
2026-05-08 13:32:53,113110.00,5221.54075,N,00453.31459,E,23.20,1018.58,54612.50,46
2026-05-08 13:32:58,113115.00,5221.53790,N,00453.32029,E,-66.20,42.25,-1.00,46
2026-05-08 13:33:03,113120.00,5221.53572,N,00453.32455,E,-66.20,42.25,-1.00,46
2026-05-08 13:33:08,113125.00,5221.53367,N,00453.32992,E,-74.00,29.97,-1.00,45
2026-05-08 13:33:13,113130.00,5221.53191,N,00453.33155,E,-59.40,54.02,-1.00,47
2026-05-08 13:33:18,113135.00,5221.52908,N,00453.33466,E,24.50,106.52,-1.00,44
2026-05-08 13:33:23,113140.00,5221.52598,N,00453.33882,E,24.00,1018.53,43669.16,46
2026-05-08 13:33:28,113145.00,5221.52381,N,00453.34430,E,24.80,1019.88,10808.33,46
2026-05-08 13:33:33,113150.00,5221.52184,N,00453.34758,E,24.80,1019.84,7955.00,46
2026-05-08 13:33:38,113155.00,5221.52034,N,00453.35269,E,24.70,1019.40,31490.00,45
2026-05-08 13:33:43,113200.00,5221.51802,N,00453.35627,E,25.00,1019.89,7550.00,45
2026-05-08 13:33:48,113205.00,5221.51627,N,00453.36010,E,24.40,1019.72,6326.67,46
2026-05-08 13:33:53,113210.00,5221.51431,N,00453.36259,E,23.90,1019.79,22265.83,45
2026-05-08 13:33:58,113215.00,5221.51291,N,00453.36662,E,23.50,1019.72,54612.50,47
2026-05-08 13:34:03,113220.00,5221.51211,N,00453.37350,E,22.60,1018.69,45703.33,45
2026-05-08 13:34:08,113225.00,5221.51084,N,00453.37941,E,22.50,1018.95,38230.83,45
2026-05-08 13:34:13,113230.00,5221.50853,N,00453.38478,E,23.20,1019.54,31926.67,46
2026-05-08 13:34:18,113235.00,5221.50657,N,00453.39073,E,23.20,1019.41,7539.17,46
2026-05-08 13:34:23,113240.00,5221.50623,N,00453.39569,E,-66.20,42.25,-1.00,46
2026-05-08 13:34:28,113245.00,5221.50469,N,00453.40256,E,23.20,1018.75,4904.17,45
2026-05-08 13:34:33,113250.00,5221.50435,N,00453.40660,E,23.00,1018.36,54612.50,45
2026-05-08 13:34:38,113255.00,5221.50283,N,00453.41269,E,23.40,1018.41,54612.50,46
2026-05-08 13:34:43,113300.00,5221.50464,N,00453.41931,E,24.60,1019.83,11956.67,45
2026-05-08 13:34:48,113305.00,5221.50383,N,00453.42244,E,24.60,1019.77,1772.50,44
2026-05-08 13:34:53,113310.00,5221.50260,N,00453.42660,E,23.90,1018.04,42772.50,45
2026-05-08 13:34:58,113315.00,5221.50541,N,00453.42934,E,24.20,1017.95,53969.16,44
2026-05-08 13:35:03,113320.00,5221.50372,N,00453.43056,E,24.90,1018.69,54612.50,44
2026-05-08 13:35:08,113325.00,5221.50592,N,00453.43142,E,25.20,1018.98,54612.50,44
2026-05-08 13:35:13,113330.00,5221.50491,N,00453.43349,E,25.30,1018.81,54612.50,45
2026-05-08 13:35:18,113335.00,5221.50340,N,00453.43438,E,25.40,1018.79,54612.50,44
2026-05-08 13:35:23,113340.00,5221.50286,N,00453.43540,E,25.60,1018.81,54612.50,45
2026-05-08 13:35:28,113345.00,5221.50152,N,00453.43590,E,25.70,1018.44,54612.50,46
2026-05-08 13:35:33,113350.00,5221.49786,N,00453.43753,E,25.80,1018.62,54612.50,45
2026-05-08 13:35:38,113355.00,5221.49469,N,00453.43982,E,25.60,1017.99,53351.66,46
2026-05-08 13:35:43,113400.00,5221.49217,N,00453.44271,E,26.70,1019.94,3433.33,45
2026-05-08 13:35:48,113405.00,5221.49019,N,00453.44234,E,26.40,1019.97,2793.33,45
2026-05-08 13:35:53,113410.00,5221.48777,N,00453.44369,E,26.20,1020.00,2125.00,45
2026-05-08 13:35:58,113415.00,5221.48399,N,00453.44531,E,25.80,1019.17,6982.50,47
2026-05-08 13:36:03,113420.00,5221.47849,N,00453.45098,E,25.80,1019.01,7559.17,47
2026-05-08 13:36:08,113425.00,5221.47427,N,00453.45447,E,26.10,1019.32,25980.00,45
2026-05-08 13:36:13,113430.00,5221.46882,N,00453.45703,E,26.10,1019.02,16427.50,46
2026-05-08 13:36:18,113435.00,5221.46246,N,00453.45820,E,26.30,1019.43,7985.00,46
2026-05-08 13:36:23,113440.00,5221.45631,N,00453.45748,E,26.10,1018.81,54612.50,45
2026-05-08 13:36:28,113445.00,5221.45196,N,00453.45361,E,26.60,1019.25,54612.50,46
2026-05-08 13:36:33,113450.00,5221.44312,N,00453.45179,E,26.50,1018.71,54612.50,45
2026-05-08 13:36:38,113455.00,5221.43427,N,00453.45269,E,26.90,1019.21,6640.83,46
2026-05-08 13:36:43,113500.00,5221.42085,N,00453.45264,E,26.90,1018.76,54612.50,45
2026-05-08 13:36:48,113505.00,5221.42181,N,00453.45001,E,27.30,1018.97,8442.50,44
2026-05-08 13:36:53,113510.00,5221.42157,N,00453.44876,E,27.50,1019.15,6955.83,46
2026-05-08 13:36:58,113515.00,5221.41899,N,00453.45212,E,27.60,1019.37,6235.00,45
2026-05-08 13:37:03,113520.00,5221.41493,N,00453.45545,E,27.60,1019.11,54612.50,45
2026-05-08 13:37:08,113525.00,5221.41141,N,00453.46118,E,27.90,1019.42,29025.83,44
2026-05-08 13:37:13,113530.00,5221.40632,N,00453.46547,E,27.90,1019.37,24384.17,45
2026-05-08 13:37:18,113535.00,5221.40421,N,00453.47130,E,28.20,1019.73,22960.83,46
2026-05-08 13:37:23,113540.00,5221.40630,N,00453.47635,E,27.80,1019.03,7420.83,47
2026-05-08 13:37:28,113545.00,5221.40476,N,00453.48062,E,27.90,1018.85,54612.50,45
2026-05-08 13:37:33,113550.00,5221.40238,N,00453.48293,E,27.90,1018.90,54612.50,45
2026-05-08 13:37:38,113555.00,5221.40084,N,00453.47671,E,28.20,1019.04,48691.66,46
2026-05-08 13:37:43,113600.00,5221.39872,N,00453.46760,E,28.20,1019.13,54612.50,45
2026-05-08 13:37:48,113605.00,5221.39621,N,00453.46476,E,28.20,1019.00,54612.50,44
2026-05-08 13:37:53,113610.00,5221.39321,N,00453.46380,E,28.50,1019.31,54612.50,45
2026-05-08 13:37:58,113615.00,5221.39003,N,00453.46216,E,28.70,1019.12,54612.50,47
2026-05-08 13:38:03,113620.00,5221.38599,N,00453.46075,E,28.60,1018.76,54612.50,44
2026-05-08 13:38:08,113625.00,5221.38323,N,00453.45798,E,29.20,1019.41,35073.33,45
2026-05-08 13:38:13,113630.00,5221.37940,N,00453.45533,E,29.60,1019.96,1057.50,45
2026-05-08 13:38:18,113635.00,5221.37661,N,00453.45240,E,29.20,1019.36,54612.50,45
2026-05-08 13:38:23,113640.00,5221.37305,N,00453.45040,E,29.30,1019.49,54612.50,46
2026-05-08 13:38:28,113645.00,5221.37082,N,00453.44485,E,29.00,1019.07,33281.66,46
2026-05-08 13:38:33,113650.00,5221.36840,N,00453.44295,E,29.00,1019.16,50030.83,46
2026-05-08 13:38:38,113655.00,5221.36493,N,00453.44217,E,29.00,1018.97,54612.50,45
2026-05-08 13:38:43,113700.00,5221.36137,N,00453.44207,E,29.10,1019.03,54612.50,46
2026-05-08 13:38:48,113705.00,5221.35781,N,00453.44131,E,29.00,1019.03,54612.50,45
2026-05-08 13:38:53,113710.00,5221.35419,N,00453.44094,E,29.60,1019.96,16075.00,45
2026-05-08 13:38:58,113715.00,5221.35034,N,00453.43904,E,29.20,1019.05,54612.50,46
2026-05-08 13:39:03,113720.00,5221.34649,N,00453.43853,E,29.40,1019.14,54612.50,46
2026-05-08 13:39:08,113725.00,5221.34327,N,00453.43686,E,29.50,1019.26,54612.50,48
2026-05-08 13:39:13,113730.00,5221.34112,N,00453.43347,E,29.50,1019.19,54612.50,44
2026-05-08 13:39:18,113735.00,5221.33939,N,00453.43043,E,29.80,1019.99,2173.33,44
2026-05-08 13:39:23,113740.00,5221.33766,N,00453.42786,E,29.60,1019.89,2165.00,45
2026-05-08 13:39:28,113745.00,5221.33572,N,00453.42603,E,29.40,1020.00,2205.00,44
2026-05-08 13:39:33,113750.00,5221.33491,N,00453.42603,E,29.20,1020.07,2350.83,44
2026-05-08 13:39:38,113755.00,5221.33250,N,00453.42088,E,28.80,1019.99,2379.17,44
2026-05-08 13:39:43,113800.00,5221.33105,N,00453.41321,E,28.70,1019.99,2170.00,44
2026-05-08 13:39:48,113805.00,5221.32943,N,00453.41116,E,28.40,1019.96,2130.00,45
2026-05-08 13:39:53,113810.00,5221.32804,N,00453.40450,E,28.20,1020.03,2087.50,43
2026-05-08 13:39:58,113815.00,5221.33176,N,00453.39542,E,28.00,1019.96,1812.50,45
2026-05-08 13:40:03,113820.00,5221.33521,N,00453.38915,E,27.90,1020.00,1975.00,43
2026-05-08 13:40:08,113825.00,5221.33614,N,00453.38058,E,27.80,1020.05,2361.67,43
2026-05-08 13:40:13,113830.00,5221.33891,N,00453.37419,E,27.70,1019.94,2129.17,44
2026-05-08 13:40:18,113835.00,5221.33988,N,00453.36722,E,27.70,1019.98,2092.50,43
2026-05-08 13:40:23,113840.00,5221.33962,N,00453.36078,E,27.50,1019.96,2070.83,43
2026-05-08 13:40:28,113845.00,5221.34061,N,00453.35477,E,27.30,1019.92,1774.17,45
2026-05-08 13:40:33,113850.00,5221.34108,N,00453.34927,E,27.10,1019.91,2276.67,44
2026-05-08 13:40:38,113855.00,5221.33989,N,00453.34530,E,27.00,1019.96,1771.67,44
2026-05-08 13:40:43,113900.00,5221.33971,N,00453.33853,E,26.60,1019.83,1315.00,44
2026-05-08 13:40:48,113905.00,5221.34033,N,00453.33391,E,26.10,1019.82,1574.17,44
2026-05-08 13:40:54,113911.00,5221.34168,N,00453.33155,E,25.30,1019.29,4632.50,45
2026-05-08 13:40:59,113916.00,5221.34248,N,00453.32779,E,25.20,1019.77,2967.50,44
2026-05-08 13:41:04,113921.00,5221.34104,N,00453.32308,E,24.60,1019.85,2070.00,44
2026-05-08 13:41:09,113926.00,5221.34494,N,00453.31606,E,24.70,1019.94,3070.83,44
2026-05-08 13:41:14,113931.00,5221.34550,N,00453.31007,E,24.70,1019.90,2921.67,43
2026-05-08 13:41:19,113936.00,5221.34547,N,00453.30420,E,24.50,1019.89,2527.50,81
2026-05-08 13:41:24,113941.00,5221.34602,N,00453.29901,E,24.40,1019.91,2933.33,67
2026-05-08 13:41:29,113946.00,5221.34538,N,00453.29305,E,24.40,1019.86,2662.50,69
2026-05-08 13:41:34,113951.00,5221.34562,N,00453.28703,E,24.30,1019.94,2630.00,70
2026-05-08 13:41:39,113956.00,5221.34343,N,00453.28290,E,24.30,1019.94,1850.00,70
2026-05-08 13:41:44,114001.00,5221.34353,N,00453.27620,E,24.30,1019.89,2679.17,49
2026-05-08 13:41:49,114006.00,5221.34417,N,00453.26848,E,24.20,1019.90,2853.33,13
2026-05-08 13:41:54,114011.00,5221.34426,N,00453.26247,E,24.20,1019.86,2875.00,49
2026-05-08 13:41:59,114016.00,5221.34427,N,00453.25579,E,24.10,1020.03,1670.83,47
2026-05-08 13:42:04,114021.00,5221.34508,N,00453.24916,E,24.10,1019.87,2273.33,47
2026-05-08 13:42:09,114026.00,5221.34742,N,00453.24213,E,24.10,1019.92,2710.83,47
2026-05-08 13:42:14,114031.00,5221.34712,N,00453.23718,E,24.10,1019.90,2665.83,47
2026-05-08 13:42:19,114036.00,5221.34233,N,00453.22935,E,23.80,1019.48,54612.50,47
2026-05-08 13:42:24,114041.00,5221.33672,N,00453.22177,E,23.70,1019.55,34348.33,47
2026-05-08 13:42:29,114046.00,5221.34357,N,00453.22073,E,23.20,1019.59,16289.17,48
2026-05-08 13:42:34,114051.00,5221.34637,N,00453.21590,E,23.30,1019.32,54612.50,48
2026-05-08 13:42:39,114056.00,5221.35267,N,00453.20758,E,23.70,1019.68,9884.17,47
2026-05-08 13:42:44,114101.00,5221.35186,N,00453.20390,E,23.60,1019.21,44055.83,48
2026-05-08 13:42:49,114106.00,5221.34616,N,00453.19438,E,23.80,1019.36,8336.67,47
2026-05-08 13:42:54,114111.00,5221.40635,N,00453.10349,E,23.90,1019.37,18209.17,47
2026-05-08 13:42:59,114116.00,5221.43498,N,00453.08568,E,24.10,1019.40,54612.50,49
2026-05-08 13:43:04,114121.00,5221.45417,N,00453.08396,E,24.10,1019.44,10543.33,55
2026-05-08 13:43:09,114126.00,5221.47152,N,00453.12041,E,24.30,1019.26,54612.50,59
2026-05-08 13:43:14,114131.00,5221.46050,N,00453.13941,E,24.40,1019.31,54612.50,64
2026-05-08 13:43:19,114136.00,5221.45314,N,00453.15428,E,24.40,1019.47,47466.66,62
2026-05-08 13:43:24,114141.00,5221.50053,N,00453.09275,E,24.40,1019.34,54612.50,59
2026-05-08 13:43:29,114146.00,5221.45814,N,00453.10868,E,24.50,1019.41,54612.50,60
2026-05-08 13:43:34,114151.00,5221.41217,N,00453.14252,E,24.60,1019.30,54612.50,60
2026-05-08 13:43:39,114156.00,5221.41660,N,00453.15580,E,24.70,1019.28,54612.50,59
2026-05-08 13:43:44,114201.00,5221.40832,N,00453.16803,E,24.70,1019.23,54612.50,58
2026-05-08 13:43:49,114206.00,5221.40544,N,00453.17243,E,24.80,1019.24,54612.50,58
2026-05-08 13:43:54,114211.00,5221.41134,N,00453.17488,E,24.90,1019.43,54612.50,59
2026-05-08 13:43:59,114216.00,5221.41954,N,00453.18013,E,24.90,1019.29,54612.50,58
2026-05-08 13:44:04,114221.00,5221.42681,N,00453.18724,E,24.90,1019.22,54612.50,58
2026-05-08 13:44:09,114226.00,5221.42969,N,00453.19384,E,25.10,1019.83,6881.67,58
2026-05-08 13:44:14,114231.00,5221.42582,N,00453.20270,E,24.50,1018.27,54612.50,58
2026-05-08 13:44:19,114236.00,5221.42312,N,00453.20846,E,24.80,1018.29,54612.50,65
2026-05-08 13:44:24,114241.00,5221.42260,N,00453.21640,E,25.10,1018.52,54612.50,82
2026-05-08 13:44:29,114246.00,5221.42105,N,00453.22520,E,25.40,1018.29,11140.83,77
2026-05-08 13:44:34,114251.00,5221.42117,N,00453.23180,E,25.70,1018.41,54612.50,79
2026-05-08 13:44:39,114256.00,5221.42018,N,00453.23887,E,26.00,1018.42,54612.50,77
2026-05-08 13:44:44,114301.00,5221.41914,N,00453.24570,E,26.10,1018.38,49974.16,84
2026-05-08 13:44:49,114306.00,5221.41855,N,00453.25135,E,26.50,1018.35,54612.50,81
2026-05-08 13:44:54,114311.00,5221.41713,N,00453.25839,E,26.90,1018.36,54612.50,80
2026-05-08 13:44:59,114316.00,5221.41513,N,00453.26370,E,27.30,1018.58,54612.50,75
2026-05-08 13:45:04,114321.00,5221.41439,N,00453.27011,E,27.70,1018.52,54332.50,75
2026-05-08 13:45:09,114326.00,5221.41434,N,00453.27643,E,27.70,1018.38,43556.66,77
2026-05-08 13:45:14,114331.00,5221.41270,N,00453.28282,E,27.90,1018.45,27417.50,77
2026-05-08 13:45:19,114336.00,5221.41234,N,00453.28900,E,28.30,1018.51,54612.50,72
2026-05-08 13:45:24,114341.00,5221.41209,N,00453.29611,E,28.40,1018.40,54612.50,74
2026-05-08 13:45:29,114346.00,5221.41223,N,00453.30198,E,28.50,1018.32,7775.83,74
2026-05-08 13:45:34,114351.00,5221.41193,N,00453.30879,E,29.20,1019.89,2595.83,74
2026-05-08 13:45:39,114356.00,5221.41105,N,00453.31470,E,28.90,1019.95,2436.67,77
2026-05-08 13:45:44,114401.00,5221.40857,N,00453.31428,E,27.90,1019.42,28813.33,83
2026-05-08 13:45:49,114406.00,5221.40612,N,00453.31556,E,27.50,1018.88,54612.50,74
2026-05-08 13:45:54,114411.00,5221.40359,N,00453.31701,E,27.80,1019.17,54612.50,74
2026-05-08 13:45:59,114416.00,5221.40046,N,00453.32117,E,27.90,1019.27,54612.50,70
2026-05-08 13:46:04,114421.00,5221.39689,N,00453.32503,E,28.00,1019.04,54612.50,78
2026-05-08 13:46:09,114426.00,5221.39332,N,00453.32595,E,28.10,1019.12,54612.50,78
2026-05-08 13:46:14,114431.00,5221.39003,N,00453.32571,E,28.50,1019.90,2860.00,83
2026-05-08 13:46:19,114436.00,5221.38724,N,00453.32347,E,28.10,1019.94,11754.17,82
2026-05-08 13:46:24,114441.00,5221.38513,N,00453.32229,E,27.60,1019.23,33704.16,83
2026-05-08 13:46:29,114446.00,5221.38205,N,00453.32273,E,27.90,1019.83,3858.33,85
2026-05-08 13:46:34,114451.00,5221.37956,N,00453.32491,E,27.60,1019.26,38984.16,85
2026-05-08 13:46:39,114456.00,5221.37914,N,00453.32648,E,27.20,1018.84,54612.50,83
2026-05-08 13:46:44,114501.00,5221.37738,N,00453.32740,E,27.70,1019.86,2675.00,82
2026-05-08 13:46:49,114506.00,5221.37539,N,00453.32744,E,27.60,1019.94,2657.50,82
2026-05-08 13:46:54,114511.00,5221.37149,N,00453.32538,E,27.30,1019.40,5925.83,80
2026-05-08 13:46:59,114516.00,5221.36690,N,00453.32347,E,27.10,1018.90,6370.83,89
2026-05-08 13:47:04,114521.00,5221.36423,N,00453.32126,E,27.70,1019.86,1102.50,86
2026-05-08 13:47:09,114526.00,5221.36177,N,00453.32091,E,27.70,1019.84,2880.83,89
2026-05-08 13:47:14,114531.00,5221.35685,N,00453.32078,E,27.60,1019.85,1578.33,87
2026-05-08 13:47:19,114536.00,5221.34959,N,00453.32225,E,27.30,1019.46,48368.33,84
2026-05-08 13:47:24,114541.00,5221.34629,N,00453.32112,E,27.50,1019.87,3094.17,76
2026-05-08 13:47:29,114546.00,5221.34423,N,00453.32062,E,27.00,1019.09,54612.50,82
2026-05-08 13:47:34,114551.00,5221.34285,N,00453.32012,E,27.00,1019.29,3997.50,92
2026-05-08 13:47:39,114556.00,5221.34079,N,00453.31718,E,27.40,1019.88,1955.00,92
2026-05-08 13:47:44,114601.00,5221.33646,N,00453.31568,E,27.00,1019.20,54612.50,85
2026-05-08 13:47:49,114606.00,5221.33156,N,00453.31290,E,26.90,1018.79,54612.50,78
2026-05-08 13:47:54,114611.00,5221.32657,N,00453.31232,E,27.30,1019.92,2183.33,75
2026-05-08 13:47:59,114616.00,5221.32187,N,00453.31401,E,27.30,1019.94,1560.83,68
2026-05-08 13:48:04,114621.00,5221.31596,N,00453.31289,E,27.00,1019.62,37192.50,73
2026-05-08 13:48:09,114626.00,5221.31256,N,00453.31503,E,26.40,1018.89,51590.00,75
2026-05-08 13:48:14,114631.00,5221.31135,N,00453.31450,E,26.60,1019.87,3149.17,81
2026-05-08 13:48:19,114636.00,5221.31007,N,00453.31525,E,26.70,1019.84,11095.00,75
2026-05-08 13:48:24,114641.00,5221.30793,N,00453.31511,E,26.70,1019.91,2571.67,71
2026-05-08 13:48:29,114646.00,5221.30404,N,00453.31397,E,26.70,1019.88,1836.67,70
2026-05-08 13:48:34,114651.00,5221.30103,N,00453.31279,E,26.20,1019.02,54612.50,79
2026-05-08 13:48:39,114656.00,5221.29592,N,00453.31038,E,26.50,1019.21,54612.50,75
2026-05-08 13:48:44,114701.00,5221.29122,N,00453.30709,E,26.60,1019.23,54612.50,80
2026-05-08 13:48:49,114706.00,5221.28629,N,00453.30659,E,26.60,1018.40,54612.50,84
2026-05-08 13:48:54,114711.00,5221.28389,N,00453.31146,E,27.40,1019.83,7210.00,87
2026-05-08 13:48:59,114716.00,5221.28507,N,00453.31797,E,26.80,1018.33,23590.00,76
2026-05-08 13:49:04,114721.00,5221.28590,N,00453.32451,E,27.60,1019.90,2874.17,73
2026-05-08 13:49:09,114726.00,5221.28661,N,00453.33187,E,26.90,1018.49,54612.50,74
2026-05-08 13:49:14,114731.00,5221.28754,N,00453.33877,E,27.70,1019.86,54612.50,76
2026-05-08 13:49:19,114736.00,5221.28857,N,00453.34529,E,27.00,1018.33,54612.50,65
2026-05-08 13:49:24,114741.00,5221.28956,N,00453.35165,E,27.90,1019.85,5946.67,64
2026-05-08 13:49:29,114746.00,5221.29057,N,00453.35748,E,27.30,1018.40,54612.50,68
2026-05-08 13:49:34,114751.00,5221.29136,N,00453.36420,E,28.10,1020.00,2200.83,80
2026-05-08 13:49:39,114756.00,5221.29260,N,00453.37016,E,28.20,1019.96,5660.00,74
2026-05-08 13:49:44,114801.00,5221.29323,N,00453.37639,E,27.60,1018.42,54612.50,90
2026-05-08 13:49:49,114806.00,5221.29330,N,00453.38344,E,27.70,1018.37,32110.83,74
2026-05-08 13:49:54,114811.00,5221.29464,N,00453.38854,E,27.80,1018.47,54612.50,85
2026-05-08 13:49:59,114816.00,5221.29680,N,00453.39448,E,-35.20,842.10,41708.33,52
2026-05-08 13:50:04,114821.00,5221.29844,N,00453.39918,E,28.20,1018.86,54612.50,64
2026-05-08 13:50:09,114826.00,5221.29944,N,00453.40552,E,28.20,1018.31,54612.50,65
2026-05-08 13:50:14,114831.00,5221.29953,N,00453.41034,E,28.30,1018.43,54612.50,72
2026-05-08 13:50:19,114836.00,5221.29975,N,00453.41724,E,28.60,1018.43,54612.50,65
2026-05-08 13:50:24,114841.00,5221.29915,N,00453.42301,E,29.00,1018.48,54612.50,71
2026-05-08 13:50:29,114846.00,5221.29915,N,00453.42863,E,29.30,1018.44,54612.50,51
2026-05-08 13:50:34,114851.00,5221.29994,N,00453.43273,E,29.10,1018.42,54612.50,53
2026-05-08 13:50:39,114856.00,5221.30149,N,00453.43663,E,29.20,1018.38,8584.17,55
2026-05-08 13:50:44,114901.00,5221.30260,N,00453.44004,E,29.90,1019.97,4595.00,56
2026-05-08 13:50:49,114906.00,5221.30309,N,00453.44376,E,29.60,1019.86,4574.17,54
2026-05-08 13:50:54,114911.00,5221.30427,N,00453.44683,E,29.50,1019.85,4684.17,54
2026-05-08 13:50:59,114916.00,5221.30510,N,00453.44927,E,29.20,1019.26,6062.50,54
2026-05-08 13:51:04,114921.00,5221.30616,N,00453.45184,E,28.70,1018.38,54612.50,53
2026-05-08 13:51:09,114926.00,5221.30715,N,00453.45470,E,28.60,1018.33,8894.17,53
2026-05-08 13:51:14,114931.00,5221.30778,N,00453.45762,E,29.60,1019.85,4665.83,52
2026-05-08 13:51:19,114936.00,5221.30812,N,00453.46041,E,29.50,1019.90,4555.83,52
2026-05-08 13:51:24,114941.00,5221.30800,N,00453.46342,E,29.40,1019.91,4465.00,54
2026-05-08 13:51:29,114946.00,5221.30905,N,00453.46602,E,29.20,1019.95,1194.17,51
2026-05-08 13:51:34,114951.00,5221.30869,N,00453.46838,E,28.90,1019.93,2494.17,50
2026-05-08 13:51:39,114956.00,5221.30734,N,00453.47506,E,28.60,1019.97,2040.83,48
2026-05-08 13:51:44,115001.00,5221.30633,N,00453.47819,E,-43.50,87.08,-1.00,50
2026-05-08 13:51:49,115006.00,5221.30663,N,00453.48104,E,-66.20,42.25,-1.00,46
2026-05-08 13:51:54,115011.00,5221.30417,N,00453.48490,E,-66.20,42.25,-1.00,46
2026-05-08 13:52:00,115016.00,5221.30713,N,00453.48973,E,-66.20,42.25,-1.00,46
2026-05-08 13:52:05,115021.00,5221.31219,N,00453.49699,E,27.40,1019.96,2328.33,47
2026-05-08 13:52:10,115027.00,5221.31506,N,00453.50415,E,27.10,1019.99,2307.50,46
2026-05-08 13:52:15,115032.00,5221.31673,N,00453.50943,E,27.00,1019.94,1780.83,46
2026-05-08 13:52:20,115037.00,5221.31739,N,00453.51581,E,-59.40,54.02,-1.00,47
2026-05-08 13:52:25,115042.00,5221.31697,N,00453.52253,E,-66.20,42.25,-1.00,46
2026-05-08 13:52:30,115047.00,5221.31855,N,00453.52885,E,-59.40,54.02,-1.00,47
2026-05-08 13:52:35,115052.00,5221.32017,N,00453.53350,E,-53.50,65.34,-1.00,48
2026-05-08 13:52:40,115057.00,5221.32177,N,00453.53946,E,26.00,1019.97,2114.17,46
2026-05-08 13:52:45,115102.00,5221.32359,N,00453.54461,E,25.90,1019.95,2144.17,46
2026-05-08 13:52:50,115107.00,5221.32532,N,00453.54892,E,25.80,1019.96,2105.83,47
2026-05-08 13:52:55,115112.00,5221.32577,N,00453.55503,E,25.80,1019.89,2452.50,52
2026-05-08 13:53:00,115117.00,5221.32643,N,00453.56037,E,25.70,1019.96,2285.83,59
2026-05-08 13:53:05,115122.00,5221.32648,N,00453.56441,E,25.70,1019.93,136.67,67
2026-05-08 13:53:10,115127.00,5221.32855,N,00453.56988,E,25.70,1019.92,88.33,71
2026-05-08 13:53:15,115132.00,5221.32804,N,00453.57737,E,25.60,1019.88,3193.33,67
2026-05-08 13:53:20,115137.00,5221.32815,N,00453.58317,E,25.50,1019.83,5410.83,64
2026-05-08 13:53:25,115142.00,5221.33044,N,00453.58752,E,25.50,1019.74,2953.33,67
2026-05-08 13:53:30,115147.00,5221.33216,N,00453.59247,E,25.40,1019.85,1899.17,65
2026-05-08 13:53:35,115152.00,5221.33353,N,00453.59721,E,25.10,1019.97,2265.00,69
2026-05-08 13:53:40,115157.00,5221.33539,N,00453.60323,E,25.10,1019.94,2652.50,49
2026-05-08 13:53:45,115202.00,5221.33589,N,00453.60919,E,25.10,1019.91,2500.83,48
2026-05-08 13:53:50,115207.00,5221.33651,N,00453.61413,E,24.90,1019.90,2405.83,46
2026-05-08 13:53:55,115212.00,5221.33797,N,00453.61983,E,24.90,1019.93,2391.67,47
2026-05-08 13:54:00,115217.00,5221.33695,N,00453.62620,E,24.90,1019.89,2701.67,46
2026-05-08 13:54:05,115222.00,5221.33783,N,00453.63234,E,24.80,1019.97,2385.00,46
2026-05-08 13:54:10,115227.00,5221.33895,N,00453.63727,E,24.70,1019.89,2355.00,47
2026-05-08 13:54:15,115232.00,5221.33898,N,00453.64266,E,24.60,1019.98,2179.17,47
2026-05-08 13:54:20,115237.00,5221.34279,N,00453.64646,E,24.50,1020.01,885.83,47
2026-05-08 13:54:25,115242.00,5221.34378,N,00453.65359,E,24.30,1019.96,2568.33,47
2026-05-08 13:54:30,115247.00,5221.34591,N,00453.65842,E,24.30,1019.98,2078.33,46
2026-05-08 13:54:35,115252.00,5221.34777,N,00453.66393,E,24.20,1019.96,2127.50,47
2026-05-08 13:54:40,115257.00,5221.34950,N,00453.67012,E,24.20,1020.01,2768.33,46
2026-05-08 13:54:45,115302.00,5221.35051,N,00453.67544,E,24.10,1020.01,2608.33,47
2026-05-08 13:54:50,115307.00,5221.35121,N,00453.68144,E,24.00,1019.96,2556.67,47
2026-05-08 13:54:55,115312.00,5221.35332,N,00453.68589,E,24.00,1019.97,2501.67,47
2026-05-08 13:55:00,115317.00,5221.35462,N,00453.69221,E,24.00,1020.00,2749.17,47
2026-05-08 13:55:05,115322.00,5221.35527,N,00453.69776,E,23.90,1019.87,2439.17,48
2026-05-08 13:55:10,115327.00,5221.35672,N,00453.70275,E,23.70,1019.98,2439.17,47
2026-05-08 13:55:15,115332.00,5221.35779,N,00453.70857,E,23.70,1019.93,2353.33,46
2026-05-08 13:55:20,115337.00,5221.35999,N,00453.71437,E,23.70,1019.94,2518.33,46
2026-05-08 13:55:25,115342.00,5221.36211,N,00453.71903,E,23.70,1019.94,2482.50,46
2026-05-08 13:55:30,115347.00,5221.36349,N,00453.72455,E,23.60,1019.96,3075.00,46
2026-05-08 13:55:35,115352.00,5221.36391,N,00453.73026,E,23.60,1019.87,2956.67,46
2026-05-08 13:55:40,115357.00,5221.36537,N,00453.73577,E,23.60,1019.92,2819.17,46
2026-05-08 13:55:45,115402.00,5221.36701,N,00453.73955,E,23.50,1019.91,3114.17,46
2026-05-08 13:55:50,115407.00,5221.36687,N,00453.73918,E,23.30,1019.53,13375.00,46
2026-05-08 13:55:55,115412.00,5221.36851,N,00453.73434,E,23.50,1019.67,11110.00,46
2026-05-08 13:56:00,115417.00,5221.36811,N,00453.73465,E,22.80,1018.17,54612.50,48
2026-05-08 13:56:05,115422.00,5221.36604,N,00453.73753,E,23.80,1019.92,1477.50,46
2026-05-08 13:56:10,115427.00,5221.36802,N,00453.74405,E,23.70,1019.48,6333.33,46
2026-05-08 13:56:15,115432.00,5221.36923,N,00453.75742,E,23.90,1019.78,3528.33,47
2026-05-08 13:56:20,115437.00,5221.37109,N,00453.76894,E,23.30,1018.29,54612.50,47
2026-05-08 13:56:25,115442.00,5221.37133,N,00453.78015,E,24.20,1019.84,5876.67,47
2026-05-08 13:56:30,115447.00,5221.37228,N,00453.78886,E,23.50,1018.24,54612.50,46
2026-05-08 13:56:35,115452.00,5221.37444,N,00453.79718,E,24.40,1020.00,3706.67,48
2026-05-08 13:56:40,115457.00,5221.37584,N,00453.80272,E,23.70,1018.26,54612.50,47
2026-05-08 13:56:45,115502.00,5221.36587,N,00453.84561,E,24.10,1018.44,54612.50,46
2026-05-08 13:56:50,115507.00,5221.36183,N,00453.87449,E,24.30,1018.38,54612.50,46
2026-05-08 13:56:55,115512.00,5221.36995,N,00453.86591,E,25.30,1019.89,3891.67,46
2026-05-08 13:57:00,115517.00,5221.37474,N,00453.86196,E,25.50,1019.81,3704.17,47
2026-05-08 13:57:05,115522.00,5221.37927,N,00453.85501,E,25.50,1019.90,3709.17,46
2026-05-08 13:57:10,115527.00,5221.38235,N,00453.85591,E,25.50,1019.81,6085.83,46
2026-05-08 13:57:15,115532.00,5221.38350,N,00453.86127,E,25.40,1019.32,5861.67,46
2026-05-08 13:57:20,115537.00,5221.38502,N,00453.86590,E,25.70,1019.67,14747.50,46
2026-05-08 13:57:25,115542.00,5221.38704,N,00453.87209,E,24.90,1018.13,50144.16,45
2026-05-08 13:57:30,115547.00,5221.38732,N,00453.88362,E,25.70,1019.80,5676.67,46
2026-05-08 13:57:35,115552.00,5221.39198,N,00453.87641,E,25.30,1019.41,7266.67,45
2026-05-08 13:57:40,115557.00,5221.39577,N,00453.87230,E,25.40,1019.51,10135.00,45
2026-05-08 13:57:45,115602.00,5221.39791,N,00453.87465,E,25.10,1018.96,54612.50,45
2026-05-08 13:57:50,115607.00,5221.39990,N,00453.87791,E,25.60,1019.40,42577.50,45
2026-05-08 13:57:55,115612.00,5221.40128,N,00453.88238,E,25.10,1018.29,54612.50,46
2026-05-08 13:58:00,115617.00,5221.40222,N,00453.88749,E,25.50,1018.20,54612.50,47
2026-05-08 13:58:05,115622.00,5221.40452,N,00453.89075,E,25.70,1018.32,54612.50,45
2026-05-08 13:58:10,115627.00,5221.40617,N,00453.89526,E,26.60,1019.71,2038.33,47
2026-05-08 13:58:15,115632.00,5221.40780,N,00453.89878,E,26.60,1019.65,7210.00,45
2026-05-08 13:58:20,115637.00,5221.40919,N,00453.90334,E,26.80,1019.78,932.50,45
2026-05-08 13:58:25,115642.00,5221.41095,N,00453.90789,E,26.80,1019.77,2866.67,45
2026-05-08 13:58:30,115647.00,5221.41263,N,00453.91303,E,26.60,1019.51,54612.50,45
2026-05-08 13:58:35,115652.00,5221.41406,N,00453.91674,E,26.00,1018.38,54612.50,45
2026-05-08 13:58:40,115657.00,5221.41505,N,00453.92148,E,27.00,1019.80,6113.33,45
2026-05-08 13:58:45,115702.00,5221.41694,N,00453.92429,E,26.30,1018.37,54612.50,45
2026-05-08 13:58:50,115707.00,5221.41882,N,00453.92726,E,27.10,1019.73,5725.00,45
2026-05-08 13:58:55,115712.00,5221.42062,N,00453.92920,E,27.10,1019.85,2042.50,45
2026-05-08 13:59:00,115717.00,5221.42269,N,00453.93216,E,27.00,1019.89,6055.00,45
2026-05-08 13:59:05,115722.00,5221.42452,N,00453.93631,E,26.70,1018.83,54612.50,44
2026-05-08 13:59:10,115727.00,5221.42593,N,00453.94178,E,27.00,1019.44,54612.50,45
2026-05-08 13:59:15,115732.00,5221.42724,N,00453.94779,E,27.10,1019.37,54612.50,44
2026-05-08 13:59:20,115737.00,5221.42854,N,00453.95404,E,27.50,1019.81,6957.50,47
2026-05-08 13:59:25,115742.00,5221.43037,N,00453.96002,E,26.80,1018.50,54612.50,45
2026-05-08 13:59:30,115747.00,5221.43125,N,00453.96200,E,27.60,1019.00,2020.83,45
2026-05-08 13:59:35,115752.00,5221.42979,N,00453.96287,E,27.30,1019.05,38340.00,46
2026-05-08 13:59:40,115757.00,5221.42807,N,00453.96424,E,27.10,1019.96,3561.67,45
2026-05-08 13:59:45,115802.00,5221.42549,N,00453.96691,E,26.80,1019.94,2696.67,44
2026-05-08 13:59:50,115807.00,5221.42215,N,00453.96520,E,26.60,1019.89,2434.17,45
2026-05-08 13:59:55,115812.00,5221.41879,N,00453.96277,E,26.40,1019.91,2400.00,44
2026-05-08 14:00:00,115817.00,5221.41478,N,00453.96620,E,26.00,1019.95,2380.00,45
2026-05-08 14:00:05,115822.00,5221.41791,N,00453.96727,E,26.00,1019.85,1320.00,45
2026-05-08 14:00:10,115827.00,5221.41282,N,00453.96824,E,25.30,1018.78,54612.50,45
2026-05-08 14:00:15,115832.00,5221.40828,N,00453.97294,E,26.00,1019.93,4074.17,45
2026-05-08 14:00:20,115837.00,5221.40511,N,00453.97623,E,25.80,1019.84,2836.67,45
2026-05-08 14:00:25,115842.00,5221.40182,N,00453.97838,E,25.70,1019.89,2021.67,45
2026-05-08 14:00:30,115847.00,5221.39915,N,00453.97993,E,25.60,1019.95,1991.67,45
2026-05-08 14:00:35,115852.00,5221.39615,N,00453.98117,E,25.60,1019.93,2314.17,45
2026-05-08 14:00:40,115857.00,5221.39267,N,00453.98427,E,25.60,1019.94,2400.00,45
2026-05-08 14:00:45,115902.00,5221.38926,N,00453.98664,E,25.60,1019.90,2535.83,45
2026-05-08 14:00:50,115907.00,5221.38522,N,00453.99245,E,25.50,1019.87,2057.50,46
2026-05-08 14:00:55,115912.00,5221.38093,N,00453.99710,E,25.30,1019.95,2289.17,45
2026-05-08 14:01:00,115917.00,5221.37752,N,00454.00021,E,25.40,1019.90,2537.50,45
2026-05-08 14:01:05,115922.00,5221.37347,N,00454.00362,E,24.20,1017.54,46774.16,46
2026-05-08 14:01:10,115927.00,5221.36953,N,00454.00610,E,24.80,1018.44,8592.50,46
2026-05-08 14:01:15,115932.00,5221.36630,N,00454.00664,E,25.70,1019.95,3294.17,46
2026-05-08 14:01:20,115937.00,5221.36269,N,00454.00860,E,25.70,1019.92,1771.67,47
2026-05-08 14:01:25,115942.00,5221.35966,N,00454.01138,E,25.60,1019.95,2180.83,46
2026-05-08 14:01:30,115947.00,5221.35584,N,00454.01421,E,25.40,1019.91,2317.50,46
2026-05-08 14:01:35,115952.00,5221.35228,N,00454.01561,E,25.20,1019.93,2293.33,46
2026-05-08 14:01:40,115957.00,5221.34925,N,00454.01796,E,25.00,1019.95,2357.50,45
2026-05-08 14:01:45,120002.00,5221.34576,N,00454.02063,E,24.80,1019.96,2092.50,47
2026-05-08 14:01:50,120007.00,5221.34211,N,00454.02443,E,24.60,1020.05,2561.67,45
2026-05-08 14:01:55,120012.00,5221.33872,N,00454.02793,E,24.50,1020.01,2590.83,45
2026-05-08 14:02:00,120017.00,5221.33437,N,00454.03113,E,23.70,1018.44,8100.00,45
2026-05-08 14:02:05,120022.00,5221.33083,N,00454.03068,E,23.50,1017.83,8513.33,45
2026-05-08 14:02:10,120027.00,5221.32800,N,00454.03274,E,24.00,1019.89,2829.17,45
2026-05-08 14:02:15,120032.00,5221.32515,N,00454.03144,E,23.80,1019.85,1306.67,45
2026-05-08 14:02:20,120037.00,5221.32127,N,00454.02779,E,23.90,1019.91,2014.17,45
2026-05-08 14:02:25,120042.00,5221.31953,N,00454.02212,E,23.90,1019.87,2370.83,45
2026-05-08 14:02:30,120047.00,5221.31785,N,00454.01727,E,23.90,1019.91,2367.50,46
2026-05-08 14:02:35,120052.00,5221.31670,N,00454.01251,E,23.90,1019.86,2346.67,47
2026-05-08 14:02:40,120057.00,5221.31587,N,00454.00692,E,23.80,1019.90,2139.17,46
2026-05-08 14:02:45,120102.00,5221.31525,N,00454.00199,E,23.90,1019.94,1992.50,46
2026-05-08 14:02:50,120107.00,5221.31500,N,00453.99706,E,23.80,1019.86,1317.50,46
2026-05-08 14:02:55,120112.00,5221.31340,N,00453.99223,E,23.90,1019.92,2024.17,46
2026-05-08 14:03:00,120117.00,5221.31372,N,00453.98654,E,23.90,1019.86,876.67,46
2026-05-08 14:03:05,120122.00,5221.31201,N,00453.98157,E,23.90,1019.85,1187.50,46
2026-05-08 14:03:10,120127.00,5221.31194,N,00453.97588,E,23.80,1019.89,2093.33,46
2026-05-08 14:03:15,120132.00,5221.31101,N,00453.97167,E,23.80,1019.88,1067.50,46
2026-05-08 14:03:20,120137.00,5221.30879,N,00453.96627,E,23.80,1019.92,2151.67,45
2026-05-08 14:03:25,120142.00,5221.30856,N,00453.96020,E,23.80,1019.91,2413.33,45
2026-05-08 14:03:30,120147.00,5221.30792,N,00453.95477,E,23.70,1019.91,2315.00,45
2026-05-08 14:03:35,120152.00,5221.30561,N,00453.94948,E,23.60,1019.84,2426.67,45
2026-05-08 14:03:40,120157.00,5221.30291,N,00453.94455,E,23.60,1019.91,2114.17,45
2026-05-08 14:03:45,120202.00,5221.30225,N,00453.93870,E,23.60,1019.92,2028.33,45
2026-05-08 14:03:51,120207.00,5221.30167,N,00453.93369,E,23.50,1019.92,1465.00,45
2026-05-08 14:03:56,120212.00,5221.29871,N,00453.92938,E,21.90,1015.62,46986.66,45
2026-05-08 14:04:01,120217.00,5221.29634,N,00453.92362,E,23.50,1019.96,2119.17,45
2026-05-08 14:04:06,120223.00,5221.29597,N,00453.91677,E,23.40,1019.91,908.33,45
2026-05-08 14:04:11,120228.00,5221.29505,N,00453.91277,E,23.20,1019.92,1422.50,44
2026-05-08 14:04:16,120233.00,5221.29244,N,00453.90861,E,23.00,1019.81,1455.00,45
2026-05-08 14:04:21,120238.00,5221.29073,N,00453.90471,E,22.90,1019.91,329.17,45
2026-05-08 14:04:26,120243.00,5221.28566,N,00453.90252,E,22.90,1019.95,6190.00,44
2026-05-08 14:04:31,120248.00,5221.28172,N,00453.90026,E,23.00,1019.89,4854.17,45
2026-05-08 14:04:36,120253.00,5221.27640,N,00453.89684,E,22.80,1019.28,30724.17,44
2026-05-08 14:04:41,120258.00,5221.27225,N,00453.89108,E,23.10,1019.96,2542.50,46
2026-05-08 14:04:46,120303.00,5221.26989,N,00453.88650,E,23.10,1020.03,1418.33,44
2026-05-08 14:04:51,120308.00,5221.26867,N,00453.88066,E,23.20,1019.78,42235.83,45
2026-05-08 14:04:56,120313.00,5221.26663,N,00453.87524,E,23.20,1019.92,3845.00,44
2026-05-08 14:05:01,120318.00,5221.26580,N,00453.86991,E,21.60,1015.70,32960.83,45
2026-05-08 14:05:06,120323.00,5221.26361,N,00453.86286,E,23.00,1019.56,6799.17,46
2026-05-08 14:05:11,120328.00,5221.26287,N,00453.85507,E,23.10,1019.57,6289.17,46
2026-05-08 14:05:16,120333.00,5221.26409,N,00453.85098,E,23.20,1019.94,3488.33,45
2026-05-08 14:05:21,120338.00,5221.26449,N,00453.84417,E,23.30,1020.07,1734.17,44
2026-05-08 14:05:26,120343.00,5221.26291,N,00453.84017,E,23.30,1020.03,2069.17,45
2026-05-08 14:05:31,120348.00,5221.26024,N,00453.83662,E,23.20,1020.01,1525.00,44
2026-05-08 14:05:36,120353.00,5221.25666,N,00453.83449,E,23.30,1020.10,597.50,45
2026-05-08 14:05:41,120358.00,5221.25490,N,00453.83136,E,23.20,1020.01,4099.17,45
2026-05-08 14:05:46,120403.00,5221.25211,N,00453.82862,E,23.20,1020.00,1244.17,45
2026-05-08 14:05:51,120408.00,5221.24992,N,00453.82481,E,23.00,1019.93,1396.67,44
2026-05-08 14:05:56,120413.00,5221.24797,N,00453.82091,E,22.80,1019.92,1801.67,45
2026-05-08 14:06:01,120418.00,5221.24622,N,00453.81656,E,22.50,1019.94,9591.67,45
2026-05-08 14:06:06,120423.00,5221.24603,N,00453.81259,E,22.60,1020.03,2532.50,44
2026-05-08 14:06:11,120428.00,5221.24391,N,00453.80815,E,22.40,1019.66,10333.33,44
2026-05-08 14:06:16,120433.00,5221.24043,N,00453.80125,E,22.50,1019.25,54612.50,45
2026-05-08 14:06:21,120438.00,5221.23725,N,00453.79209,E,23.10,1019.96,4554.17,45
2026-05-08 14:06:26,120443.00,5221.23320,N,00453.78675,E,22.90,1019.83,3632.50,45
2026-05-08 14:06:31,120448.00,5221.23204,N,00453.78229,E,22.70,1019.39,27972.50,45
2026-05-08 14:06:36,120453.00,5221.23165,N,00453.77685,E,22.40,1018.59,42997.50,45
2026-05-08 14:06:41,120458.00,5221.22998,N,00453.77066,E,21.90,1017.68,33063.33,45
2026-05-08 14:06:46,120503.00,5221.22920,N,00453.76557,E,22.40,1019.86,24490.83,45
2026-05-08 14:06:51,120508.00,5221.22934,N,00453.76011,E,22.50,1019.89,11444.17,45
2026-05-08 14:06:56,120513.00,5221.22893,N,00453.75388,E,22.50,1019.76,8826.67,45
2026-05-08 14:07:01,120518.00,5221.22881,N,00453.74939,E,22.70,1019.94,2484.17,44
2026-05-08 14:07:06,120523.00,5221.22797,N,00453.74380,E,22.60,1019.57,54612.50,45
2026-05-08 14:07:11,120528.00,5221.22648,N,00453.73743,E,23.10,1019.95,2654.17,44
2026-05-08 14:07:16,120533.00,5221.22473,N,00453.73291,E,22.80,1019.50,2827.50,45
2026-05-08 14:07:21,120538.00,5221.22371,N,00453.72736,E,23.00,1020.03,1392.50,44
2026-05-08 14:07:26,120543.00,5221.22080,N,00453.72304,E,22.80,1019.52,21734.17,45
2026-05-08 14:07:31,120548.00,5221.21883,N,00453.71803,E,23.00,1019.90,1425.83,44
2026-05-08 14:07:36,120553.00,5221.21949,N,00453.71414,E,23.00,1019.99,1328.33,44
2026-05-08 14:07:41,120558.00,5221.22150,N,00453.70793,E,23.00,1020.01,465.00,44
2026-05-08 14:07:46,120603.00,5221.22128,N,00453.70226,E,22.90,1019.96,1700.00,45
2026-05-08 14:07:51,120608.00,5221.22002,N,00453.69504,E,22.90,1020.06,914.17,44
2026-05-08 14:07:56,120613.00,5221.21862,N,00453.69008,E,22.70,1019.99,927.50,43
2026-05-08 14:08:01,120618.00,5221.21792,N,00453.68626,E,22.70,1019.98,1232.50,44
2026-05-08 14:08:06,120623.00,5221.21966,N,00453.68304,E,22.70,1020.00,7401.67,45
2026-05-08 14:08:11,120628.00,5221.22258,N,00453.67994,E,22.70,1020.02,2057.50,44
2026-05-08 14:08:16,120633.00,5221.22548,N,00453.67669,E,22.70,1019.93,910.83,44
2026-05-08 14:08:21,120638.00,5221.22834,N,00453.67207,E,22.60,1020.02,2309.17,44
2026-05-08 14:08:26,120643.00,5221.23320,N,00453.66738,E,22.60,1019.87,4335.00,44
2026-05-08 14:08:31,120648.00,5221.23893,N,00453.66767,E,21.50,1018.13,54612.50,45
2026-05-08 14:08:36,120653.00,5221.24251,N,00453.67162,E,21.70,1018.06,54612.50,44
2026-05-08 14:08:41,120658.00,5221.24618,N,00453.67572,E,144.50,1018.12,54612.50,45
2026-05-08 14:08:46,120703.00,5221.25094,N,00453.67884,E,22.20,1018.23,54612.50,45
2026-05-08 14:08:51,120708.00,5221.25413,N,00453.68306,E,23.10,1019.29,38511.66,44
2026-05-08 14:08:56,120713.00,5221.25829,N,00453.68489,E,22.70,1018.24,54612.50,45
2026-05-08 14:09:01,120718.00,5221.26244,N,00453.68778,E,23.00,1018.10,54612.50,44
2026-05-08 14:09:06,120723.00,5221.26590,N,00453.69177,E,23.40,1018.29,54612.50,44
2026-05-08 14:09:11,120728.00,5221.26790,N,00453.69843,E,24.50,1019.80,4769.17,44
2026-05-08 14:09:16,120733.00,5221.27008,N,00453.70350,E,23.90,1018.43,54612.50,44
2026-05-08 14:09:21,120738.00,5221.27250,N,00453.70727,E,25.00,1019.86,2616.67,44
2026-05-08 14:09:26,120743.00,5221.27531,N,00453.70839,E,23.80,1018.46,54612.50,44
2026-05-08 14:09:31,120748.00,5221.27674,N,00453.71332,E,24.50,1019.88,1322.50,43
2026-05-08 14:09:36,120753.00,5221.27810,N,00453.71673,E,24.40,1019.95,1023.33,44
2026-05-08 14:09:41,120758.00,5221.28025,N,00453.72166,E,24.40,1019.96,2270.00,43
2026-05-08 14:09:46,120803.00,5221.28243,N,00453.72526,E,24.20,1019.89,5374.17,43
2026-05-08 14:09:51,120808.00,5221.28454,N,00453.72953,E,24.20,1019.53,1929.17,44
2026-05-08 14:09:56,120813.00,5221.28681,N,00453.73360,E,23.90,1018.84,11093.33,44
2026-05-08 14:10:50,120907.00,5221.29074,N,00453.78324,E,24.20,1019.58,54612.50,37
2026-05-08 14:10:55,120912.00,5221.29155,N,00453.78484,E,24.10,1018.42,54612.50,42
2026-05-08 14:11:00,120917.00,5221.29051,N,00453.79038,E,24.30,1018.60,54612.50,44
2026-05-08 14:11:05,120922.00,5221.28919,N,00453.79568,E,24.10,1018.43,54612.50,45
2026-05-08 14:11:10,120927.00,5221.28772,N,00453.80107,E,23.90,1018.25,54612.50,46
2026-05-08 14:11:15,120932.00,5221.28596,N,00453.80607,E,24.90,1019.59,26145.83,46
2026-05-08 14:11:20,120937.00,5221.28370,N,00453.81021,E,24.30,1019.45,8694.17,45
2026-05-08 14:11:25,120942.00,5221.28240,N,00453.81542,E,24.20,1020.00,2323.33,46
2026-05-08 14:11:30,120947.00,5221.28478,N,00453.81822,E,24.50,1019.97,2095.00,46
2026-05-08 14:11:35,120952.00,5221.28841,N,00453.81957,E,23.80,1018.32,54612.50,45
2026-05-08 14:11:40,120957.00,5221.29182,N,00453.82191,E,24.10,1018.88,16211.67,45
2026-05-08 14:11:45,121002.00,5221.29552,N,00453.82418,E,23.80,1018.33,54612.50,46
2026-05-08 14:11:50,121007.00,5221.29868,N,00453.82796,E,24.60,1019.36,4281.67,46
2026-05-08 14:11:55,121012.00,5221.30137,N,00453.83195,E,24.40,1018.49,54612.50,46
2026-05-08 14:12:00,121017.00,5221.30371,N,00453.83655,E,24.40,1018.25,54612.50,46
2026-05-08 14:13:15,121132.00,5221.29788,N,00453.89108,E,24.80,1019.86,1540.83,35
2026-05-08 14:13:20,121137.00,5221.29742,N,00453.89202,E,24.80,1019.77,2266.67,41
2026-05-08 14:13:25,121142.00,5221.29580,N,00453.89393,E,24.80,1019.93,1564.17,44
2026-05-08 14:13:30,121147.00,5221.29478,N,00453.89608,E,24.80,1019.75,1776.67,46
2026-05-08 14:13:35,121152.00,5221.29219,N,00453.89905,E,24.20,1018.76,5612.50,46
2026-05-08 14:13:40,121157.00,5221.28986,N,00453.90138,E,24.30,1018.65,54612.50,46
2026-05-08 14:13:45,121202.00,5221.28817,N,00453.90678,E,24.50,1019.79,2403.33,47
2026-05-08 14:13:50,121207.00,5221.28831,N,00453.91151,E,24.20,1019.89,364.17,46
2026-05-08 14:13:55,121212.00,5221.28968,N,00453.91509,E,24.30,1019.84,555.00,45
2026-05-08 14:14:00,121217.00,5221.28773,N,00453.91772,E,24.20,1019.91,191.67,47
2026-05-08 14:14:05,121222.00,5221.28482,N,00453.91943,E,24.20,1019.92,128.33,47
2026-05-08 14:14:10,121227.00,5221.28126,N,00453.92143,E,23.90,1019.86,348.33,46
2026-05-08 14:14:15,121232.00,5221.27825,N,00453.92397,E,23.80,1019.86,416.67,45
2026-05-08 14:14:20,121237.00,5221.27505,N,00453.92546,E,23.90,1019.84,607.50,46
2026-05-08 14:14:25,121242.00,5221.27201,N,00453.92805,E,23.80,1019.85,349.17,47
2026-05-08 14:14:30,121247.00,5221.26914,N,00453.93179,E,23.70,1019.87,618.33,48
2026-05-08 14:14:35,121252.00,5221.26521,N,00453.93362,E,23.70,1019.79,875.00,46
2026-05-08 14:14:40,121257.00,5221.26203,N,00453.93524,E,23.70,1019.81,689.17,44
2026-05-08 14:14:45,121302.00,5221.25861,N,00453.93673,E,23.40,1018.82,16791.67,46
2026-05-08 14:14:50,121307.00,5221.25517,N,00453.93833,E,23.40,1018.74,54612.50,46
2026-05-08 14:14:55,121312.00,5221.25093,N,00453.94051,E,23.50,1019.38,13300.83,46
2026-05-08 14:15:00,121317.00,5221.24721,N,00453.94151,E,22.90,1018.77,54612.50,44
2026-05-08 14:15:05,121322.00,5221.24427,N,00453.94389,E,23.60,1019.80,2075.00,46
2026-05-08 14:15:10,121327.00,5221.24425,N,00453.94196,E,23.30,1019.84,1834.17,45
2026-05-08 14:15:15,121332.00,5221.24197,N,00453.93774,E,23.30,1019.89,1822.50,45
2026-05-08 14:15:20,121337.00,5221.24070,N,00453.93222,E,23.40,1019.82,1830.00,46
2026-05-08 14:15:25,121342.00,5221.23993,N,00453.92607,E,23.40,1019.83,1957.50,45
2026-05-08 14:15:30,121347.00,5221.24079,N,00453.92023,E,23.30,1019.81,1718.33,45
2026-05-08 14:15:35,121352.00,5221.24056,N,00453.91459,E,23.10,1019.81,1851.67,46
2026-05-08 14:15:41,121357.00,5221.23951,N,00453.91008,E,23.00,1019.80,1837.50,45
2026-05-08 14:15:46,121402.00,5221.23862,N,00453.90527,E,23.00,1019.84,1955.83,45
2026-05-08 14:15:51,121407.00,5221.23764,N,00453.90055,E,22.70,1019.74,1765.00,43
2026-05-08 14:15:56,121412.00,5221.23735,N,00453.89534,E,22.60,1019.78,1751.67,44
2026-05-08 14:16:01,121417.00,5221.23636,N,00453.88981,E,22.20,1019.70,1702.50,45
2026-05-08 14:16:06,121422.00,5221.23552,N,00453.88479,E,22.10,1019.77,1708.33,44
2026-05-08 14:16:11,121428.00,5221.23456,N,00453.87877,E,21.90,1019.85,1662.50,44
2026-05-08 14:16:16,121433.00,5221.23444,N,00453.87456,E,22.00,1019.78,1367.50,44
2026-05-08 14:16:21,121438.00,5221.23366,N,00453.86951,E,21.90,1019.82,1400.83,43
2026-05-08 14:16:26,121443.00,5221.23281,N,00453.86444,E,21.90,1019.73,1246.67,44
2026-05-08 14:16:31,121448.00,5221.23324,N,00453.85906,E,21.90,1019.79,1521.67,45
2026-05-08 14:16:36,121453.00,5221.23221,N,00453.85526,E,22.00,1019.68,1810.83,44
2026-05-08 14:16:41,121458.00,5221.23092,N,00453.84969,E,22.10,1019.76,1736.67,44
2026-05-08 14:16:46,121503.00,5221.22894,N,00453.84467,E,22.10,1019.81,1524.17,43
2026-05-08 14:16:51,121508.00,5221.22859,N,00453.83853,E,22.20,1019.74,1625.83,44
2026-05-08 14:16:56,121513.00,5221.22712,N,00453.83363,E,22.20,1019.83,1542.50,45
2026-05-08 14:17:01,121518.00,5221.22591,N,00453.82908,E,22.20,1019.85,1995.00,44
2026-05-08 14:17:06,121523.00,5221.22430,N,00453.82451,E,22.20,1019.82,1980.00,44
2026-05-08 14:17:11,121528.00,5221.22210,N,00453.81890,E,22.20,1019.84,1665.83,44
2026-05-08 14:17:16,121533.00,5221.22002,N,00453.81182,E,22.20,1019.81,1713.33,45
2026-05-08 14:17:21,121538.00,5221.21958,N,00453.80558,E,22.20,1019.94,1698.33,46
2026-05-08 14:17:26,121543.00,5221.21875,N,00453.79917,E,22.30,1019.78,1927.50,44
2026-05-08 14:17:31,121548.00,5221.21788,N,00453.79462,E,22.40,1019.85,1799.17,45
2026-05-08 14:17:36,121553.00,5221.21717,N,00453.78878,E,22.40,1019.82,1817.50,43
2026-05-08 14:17:41,121558.00,5221.21641,N,00453.78305,E,22.40,1019.83,1955.00,46
2026-05-08 14:17:46,121603.00,5221.21425,N,00453.77691,E,22.40,1019.79,2085.00,45
2026-05-08 14:17:51,121608.00,5221.21241,N,00453.77164,E,22.40,1019.85,1940.00,44
2026-05-08 14:17:56,121613.00,5221.21100,N,00453.76641,E,22.40,1019.92,1929.17,45
2026-05-08 14:18:01,121618.00,5221.21078,N,00453.76125,E,22.30,1019.85,1960.83,45
2026-05-08 14:18:06,121623.00,5221.20986,N,00453.75500,E,22.30,1019.80,2080.00,44
2026-05-08 14:18:11,121628.00,5221.20777,N,00453.74977,E,22.30,1019.86,1858.33,44
2026-05-08 14:18:16,121633.00,5221.20603,N,00453.74312,E,22.30,1019.85,2044.17,45
2026-05-08 14:18:21,121638.00,5221.20507,N,00453.73736,E,22.20,1019.87,1822.50,43
2026-05-08 14:18:26,121643.00,5221.20444,N,00453.73197,E,22.30,1019.84,2074.17,43
2026-05-08 14:18:31,121648.00,5221.20294,N,00453.72640,E,22.00,1019.81,2035.83,43
2026-05-08 14:18:36,121653.00,5221.20255,N,00453.72074,E,22.20,1019.88,2006.67,43
2026-05-08 14:18:41,121658.00,5221.20130,N,00453.71466,E,22.10,1019.83,1962.50,43
2026-05-08 14:18:46,121703.00,5221.20174,N,00453.71071,E,22.20,1019.90,615.83,43
2026-05-08 14:19:16,121733.00,5221.20673,N,00453.70882,E,-151.70,1642.59,-1.00,40
2026-05-08 14:19:21,121738.00,5221.20615,N,00453.70408,E,-66.20,42.25,-1.00,46
2026-05-08 14:19:26,121743.00,5221.20509,N,00453.70292,E,22.30,1020.01,9.17,49
2026-05-08 14:19:31,121748.00,5221.20087,N,00453.70552,E,22.40,1020.04,9.17,51
2026-05-08 14:19:36,121753.00,5221.20188,N,00453.70801,E,22.40,1019.98,13.33,50
2026-05-08 14:19:41,121758.00,5221.20405,N,00453.71179,E,22.40,1020.02,14.17,50
2026-05-08 14:19:46,121803.00,5221.20553,N,00453.71709,E,22.40,1020.02,15.00,49
2026-05-08 14:19:51,121808.00,5221.20812,N,00453.72045,E,22.50,1020.01,15.00,48
2026-05-08 14:19:56,121813.00,5221.21014,N,00453.72416,E,22.50,1019.96,15.00,49
2026-05-08 14:20:01,121818.00,5221.21121,N,00453.72831,E,22.60,1019.91,10.00,48
2026-05-08 14:20:06,121823.00,5221.21244,N,00453.73272,E,22.60,1019.93,10.83,48
2026-05-08 14:20:11,121828.00,5221.21328,N,00453.73664,E,22.60,1020.00,11.67,49
2026-05-08 14:20:16,121833.00,5221.21568,N,00453.74321,E,22.70,1020.00,10.83,48
2026-05-08 14:20:21,121838.00,5221.21582,N,00453.74953,E,22.70,1019.92,10.00,47
2026-05-08 14:20:26,121843.00,5221.21686,N,00453.75399,E,22.80,1020.01,10.83,47
2026-05-08 14:20:31,121848.00,5221.21699,N,00453.76179,E,22.80,1020.03,10.83,47
2026-05-08 14:20:36,121853.00,5221.21802,N,00453.76599,E,22.80,1020.04,11.67,48
2026-05-08 14:20:41,121858.00,5221.21976,N,00453.77116,E,22.80,1019.99,15.00,47
2026-05-08 14:20:46,121903.00,5221.22040,N,00453.77476,E,22.90,1019.91,13.33,47
2026-05-08 14:20:51,121908.00,5221.22120,N,00453.78133,E,22.90,1020.01,15.83,47
2026-05-08 14:20:56,121913.00,5221.22134,N,00453.78629,E,23.00,1019.88,12.50,48
2026-05-08 14:21:01,121918.00,5221.22266,N,00453.79157,E,23.00,1020.00,12.50,49
2026-05-08 14:21:06,121923.00,5221.22405,N,00453.79484,E,23.00,1019.97,12.50,47
2026-05-08 14:22:11,122028.00,,,,,nan,nan,nan,39
2026-05-08 14:22:16,122033.00,5221.22981,N,00453.82746,E,nan,nan,nan,42
2026-05-08 14:22:21,122038.00,5221.23120,N,00453.82663,E,nan,nan,nan,46
2026-05-08 14:23:33,122149.00,5221.23284,N,00453.82459,E,23.60,1020.00,634.17,46
2026-05-08 14:23:38,122154.00,5221.23237,N,00453.82531,E,23.60,1019.98,671.67,49
2026-05-08 14:23:43,122159.00,5221.23338,N,00453.82607,E,23.60,1019.88,770.00,49
2026-05-08 14:23:48,122204.00,5221.23383,N,00453.82573,E,23.70,1019.97,5.83,48
2026-05-08 14:23:53,122209.00,5221.22978,N,00453.82698,E,-53.50,65.34,-1.00,48
2026-05-08 14:23:58,122215.00,5221.23203,N,00453.83164,E,23.80,1019.95,9.17,48
2026-05-08 14:24:03,122220.00,5221.23355,N,00453.83574,E,23.90,1020.02,8.33,47
2026-05-08 14:24:08,122225.00,5221.23493,N,00453.83990,E,23.90,1020.00,10.83,47
2026-05-08 14:24:13,122230.00,5221.23486,N,00453.84324,E,-66.20,42.25,-1.00,46
2026-05-08 14:24:18,122235.00,5221.23610,N,00453.84785,E,-66.20,42.25,-1.00,46
2026-05-08 14:24:23,122240.00,5221.23620,N,00453.85191,E,-66.20,42.25,-1.00,46
2026-05-08 14:24:28,122245.00,5221.23867,N,00453.85684,E,-66.20,42.25,-1.00,46
2026-05-08 14:24:33,122250.00,5221.23889,N,00453.85876,E,23.90,1019.95,135.00,48
2026-05-08 14:24:38,122255.00,5221.23819,N,00453.85697,E,23.90,1020.00,1200.83,45
2026-05-08 14:24:43,122300.00,5221.23739,N,00453.85614,E,23.90,1020.03,1032.50,72
2026-05-08 14:24:48,122305.00,5221.24038,N,00453.85954,E,23.80,1020.00,103.33,42
2026-05-08 14:24:53,122310.00,5221.24065,N,00453.86190,E,23.80,1020.02,10.83,41
2026-05-08 14:24:58,122315.00,5221.23998,N,00453.86794,E,-108.60,1873.49,-1.00,42
2026-05-08 14:25:03,122320.00,5221.23968,N,00453.87095,E,23.90,1020.07,10.00,41
2026-05-08 14:25:08,122325.00,5221.24141,N,00453.87408,E,23.90,1020.01,10.83,41
2026-05-08 14:25:13,122330.00,5221.24373,N,00453.87824,E,23.90,1020.07,9.17,40
2026-05-08 14:25:18,122335.00,5221.24379,N,00453.88425,E,23.90,1020.11,10.83,40
2026-05-08 14:25:23,122340.00,5221.24493,N,00453.89049,E,23.90,1019.98,10.83,40
2026-05-08 14:25:28,122345.00,5221.24660,N,00453.89485,E,23.90,1020.00,12.50,40
2026-05-08 14:25:33,122350.00,5221.24869,N,00453.89972,E,23.90,1020.02,9.17,40
2026-05-08 14:25:38,122355.00,5221.25015,N,00453.90422,E,23.90,1020.01,10.00,39
2026-05-08 14:25:43,122400.00,5221.25107,N,00453.90959,E,23.90,1020.04,10.00,39
2026-05-08 14:25:48,122405.00,5221.25188,N,00453.91439,E,23.90,1020.07,11.67,39
2026-05-08 14:25:53,122410.00,5221.25167,N,00453.92022,E,23.90,1020.03,13.33,39
2026-05-08 14:25:58,122415.00,5221.25313,N,00453.92574,E,24.00,1020.10,12.50,39
2026-05-08 14:26:03,122420.00,5221.25325,N,00453.93316,E,24.00,1019.99,15.83,39
2026-05-08 14:26:08,122425.00,5221.25328,N,00453.93996,E,24.00,1020.06,15.83,38
2026-05-08 14:26:13,122430.00,5221.25109,N,00453.94570,E,24.00,1020.04,24.17,39
2026-05-08 14:26:18,122435.00,5221.25032,N,00453.95046,E,24.00,1020.08,34.17,39
2026-05-08 14:26:23,122440.00,5221.25213,N,00453.95501,E,23.90,1020.02,80.83,39
2026-05-08 14:26:28,122445.00,5221.25506,N,00453.95564,E,23.80,1020.00,53.33,40
2026-05-08 14:26:33,122450.00,5221.25656,N,00453.95419,E,23.70,1020.03,106.67,39
2026-05-08 14:26:38,122455.00,5221.25716,N,00453.95318,E,23.20,1020.05,119.17,39
2026-05-08 14:26:43,122500.00,5221.25932,N,00453.95575,E,23.40,1020.11,46.67,39
2026-05-08 14:26:48,122505.00,5221.26122,N,00453.96079,E,23.50,1020.08,68.33,38
2026-05-08 14:26:53,122510.00,5221.26339,N,00453.96557,E,23.60,1020.09,64.17,39
2026-05-08 14:26:58,122515.00,5221.26419,N,00453.96932,E,23.60,1020.05,17.50,38
2026-05-08 14:27:03,122520.00,5221.26517,N,00453.97515,E,23.60,1020.09,16.67,38
2026-05-08 14:27:08,122525.00,5221.26649,N,00453.97873,E,23.70,1020.11,20.00,39
2026-05-08 14:27:13,122530.00,5221.26947,N,00453.98179,E,23.70,1020.08,22.50,38
2026-05-08 14:27:18,122535.00,5221.27121,N,00453.98664,E,23.70,1020.07,33.33,38
2026-05-08 14:27:23,122540.00,5221.27363,N,00453.99154,E,23.70,1020.11,17.50,39
2026-05-08 14:27:28,122545.00,5221.27523,N,00453.99811,E,23.70,1020.09,17.50,38
2026-05-08 14:27:33,122550.00,5221.27690,N,00454.00499,E,23.70,1020.08,20.83,39
2026-05-08 14:27:38,122555.00,5221.27852,N,00454.01282,E,23.60,1020.16,19.17,38
2026-05-08 14:27:43,122600.00,5221.27954,N,00454.01965,E,23.40,1020.05,16.67,38
2026-05-08 14:27:48,122605.00,5221.28073,N,00454.02569,E,23.40,1020.07,23.33,39
2026-05-08 14:27:53,122610.00,5221.28217,N,00454.03208,E,23.40,1020.03,18.33,38
2026-05-08 14:27:58,122615.00,5221.28302,N,00454.03692,E,23.40,1020.07,22.50,38
2026-05-08 14:28:03,122620.00,5221.28244,N,00454.04174,E,23.30,1019.71,9475.83,38
2026-05-08 14:28:08,122625.00,5221.28162,N,00454.04632,E,23.40,1019.88,3390.83,38
2026-05-08 14:28:13,122630.00,5221.28153,N,00454.04811,E,23.50,1019.90,2078.33,39
2026-05-08 14:28:18,122635.00,5221.28086,N,00454.04819,E,23.60,1020.03,954.17,39
